,105,210,315,420,525,630,735,840,945,1050,1155,1260,1365,1470,1575,1680,1785,1890,1995,2100,2205,2310,2415,2520,2625,2730,2835,2940,3045,3150,3255,3360,3465,3570,3675,3780,3885,3990,4095,4200,4305,4410,4515,4620,4725,4830,4935,5040,5145,5250,5355,5460,5565,5670,5775,5880,5985,6090,6195,6300,6405,6510,6615,6720,6825,6930,7035,7140,7245,7350,7455,7560,7665,7770,7875,7980,8085,8190,8295,8400,8505,8610,8715,8820,8925,9030,9135,9240,9345,9450,9555,9660,9765,9870,9975,10080,10185,10290,10395,10500,10605,10710,10815,10920,11025,11130,11235,11340,11445,11550,11655,11760,11865,11970,12075,12180,12285,12390,12495,12600,12705,12810,12915,13020,13125,13230,13335,13440,13545,13650,13755,13860,13965,14070,14175,14280,14385,14490,14595,14700,14805,14910,15015,15120,15225,15330,15435,15540,15645,15750,15855,15856
105,6.334280273614739,8.895132551742417,14.8774669362676,17.69115947698144,26.483400943337873,26.036366344252567,29.30071397777064,29.189913238390815,29.232136889043872,29.39473926184426,31.887999506214886,34.49519676072304,34.88798614672694,36.514303599461385,37.051741869145495,40.03117824454102,41.93126842289969,41.454508843158145,39.838674529479405,39.49015375051149,38.02169811381052,37.77515296095547,38.73388726365576,40.9529861417604,40.82316060166555,39.52520910377561,38.28089599399985,37.08632398021982,38.25523966540515,38.28829702950381,39.558391878767424,38.44285647362933,38.56368888794521,37.504186077673666,38.89237426936351,37.86595197949327,36.87026527065712,35.90369447424118,34.96474852648149,35.22505862681759,34.32253387037423,33.444044187050594,34.94245015284143,34.080496073317434,33.2398796505239,32.41968610202488,31.619061113202708,30.837205729510398,32.40238901478599,32.838925182349485,32.070104337365656,31.31772055733725,31.794304690221765,31.060390264521224,30.341311039780894,30.858108613356244,30.154867618807828,29.465094558753904,28.788349056360467,28.12421385930703,27.472293330604835,26.832212064734556,26.203613617089726,25.58615933605448,24.97952728821966,24.383411268272987,23.797519886006228,23.2215757236825,22.655314557713663,22.09848463922376,21.55084602863022,21.012169979868876,20.482238370329615,21.020605178350447,20.496107686439654,19.97976713633744,19.471399082963213,18.9708274399338,18.477884112849292,17.992408659866967,17.514247977844388,17.043256012511907,16.579293491299836,16.12222767759832,15.671932145370302,15.228286573171319,15.757199380670789,15.314864942249297,14.878809831056016,14.448932026372812,14.025134748522518,13.607326345580185,13.195420195618885,12.789334624397329,12.388992838507086,11.994322874111614,11.605257561529841,12.118506183868265,11.728045199333964,11.342914197878466,10.96305883659597,10.588429374632709,10.218980723537149,9.854672517689043,9.495469206311256,9.141340168837687,8.79225985571835,9.286183225988932,8.933347895868206,8.585333649784717,8.242126597546335,7.903718456642689,7.570106854628814,7.241295679322678,6.917295483344583,6.598123950701778,6.283806434529343,5.974376576790881,5.6698770227841235,5.370360245768164,5.075889500030455,5.492286821505648,5.190393169295798,4.893377483651514,4.601328701974736,4.314351405878633,4.7443400899976185,4.4474515021313294,4.155420015406376,3.8683845854437333,4.339307820817036,4.039146006255122,3.743618902351889,3.452900303246449,3.16719957938697,2.886769574324019,2.6119168772606285,2.343015369304479,2.080524357716159,2.4945977724681527,3.1381136269329866,2.814711053639563,2.493585924663382,2.174706387912764,1.8580412548808924,1.5435599823398805,1.231232654661782,0.921029966740919,0.6129232074931773,0.30688424390902524,0.0028855056380975926,-0.0
210,8.895132551742417,11.25861031718926,20.7287914297377,23.383401147763088,34.46580197112095,38.47413751081712,44.84735780682338,43.871347220501924,45.24989361787882,44.73345827883436,48.45300063816998,53.37269207522384,52.148019490232045,52.10315459747538,52.16936051157273,55.38140212575816,57.67996151729187,57.9919843350853,59.424472172003654,57.82470783477309,56.32992205803217,55.92647929670023,57.59691943069718,58.321790196173694,58.08647649605062,57.90557228539219,56.76984788168411,56.689425533322996,57.65976977868158,57.66916516838948,59.76888046601396,59.868586444645636,60.010581260685136,59.15305428619576,59.371873638004196,57.55808471908121,56.816205530996534,56.10877624689635,55.4340529210304,54.790447495389344,53.176622712498315,51.60847043636399,52.03721466511863,50.52558874753075,49.054228676642005,48.574228456645436,47.164636347110054,45.79072113090293,49.20555223533055,48.81061491475507,47.456747713357935,46.13430770056785,46.763282652018795,46.4446295170313,45.17196574319532,45.86184746424703,45.597221013385266,45.350191591560986,44.133667549469116,43.91653794017596,42.73640831617202,42.547291241386674,41.40101334917048,40.27675111075361,40.12351373077987,39.029652567632816,37.95611921417682,36.90238850107714,35.86796155334451,35.76145819722006,36.60454878287175,35.59040804849968,34.59387423336787,34.53554505765602,34.4917476629187,33.52257532931038,33.4983415212194,32.5495328815056,31.61620362585493,30.698048215099053,29.794776266037953,31.657982473564086,30.748752435254673,29.853545982691095,28.972115618174197,28.10422652883346,28.158474826739262,27.30520299561075,26.46479377330971,26.53740328325201,25.710186888365147,24.89522915439134,24.09236603107992,23.301444011142504,22.522320034812605,21.754861429960016,20.998945888697666,21.085627333786924,20.339858541794946,20.441306656786555,19.704873914316305,18.97928801116779,19.09383588414739,18.37650250914118,17.669683866406768,16.97333112828915,16.287406707120937,17.240816781857596,16.547560166556522,15.864302303716482,15.191032598654614,14.527753251754158,13.874480033940731,13.231243182384787,13.36789796115769,12.729169582668455,12.100369549387631,11.481578987119317,10.872898974793578,10.274452492764249,9.686386686160851,9.805042518834703,9.220004655954586,8.645489578102312,8.081737391387009,7.529027458180751,7.6348505151428725,7.763118879601716,7.202048842478106,7.3462666359441,7.523585607704174,6.948389381840109,6.383876589820665,5.830559974046255,5.289053659217281,4.760096481625858,4.244582463634469,3.7436011432458494,3.2584916929057264,3.3391047519721857,3.455290416990234,2.9418378430622947,2.4462927358486715,1.9717072401567857,1.5223321734404271,1.1042889041672102,1.0989495832574272,0.6832866285088872,1.2299737359181668,0.615828013086274,0.0057903112311939895,-0.0
315,8.626546821060154,13.051588419692877,21.25736863296627,25.98539707611078,35.57904174087919,37.811576159648595,42.1211189568323,44.72389200635118,44.74283479548705,43.21158305030293,46.216787312210755,51.996971314169194,53.44355817524751,54.105596339210365,54.87079813520451,57.48970077711655,59.31361115859325,61.22291198635019,63.21717165459095,61.717618894434665,59.46500782921952,59.90242834813028,61.26446861177103,61.82321528946485,60.719656776290705,61.38902487785259,61.25601731853929,61.17455921748848,61.99260626923865,62.005062633327796,65.51908129281713,65.62078231535945,65.76704284797013,65.08044513883019,65.31023548820592,63.83797197913983,62.41910269023914,61.89944385313974,63.128530087185204,63.539667893795226,62.254768005421084,60.16317408332962,62.37255809986481,62.046241150240434,60.88752997612482,61.48221496300518,60.37892887732172,60.16594268857704,62.60739345116842,61.569136610722914,59.68677226433603,58.710792015671174,58.62537465791741,58.565256162098166,57.657887620840704,57.64337244487104,57.65392759449427,59.47882470909406,57.75137514508151,58.743227687478495,57.953434652521615,57.184429537630756,56.435593195365854,54.809144458124734,54.99614390651746,53.40933586405208,52.73639902314921,51.19821566650238,49.68918776495787,49.93807590539579,50.21439401893619,48.74180834360868,48.16680671350202,47.60684249616264,47.06166030391962,45.65716240902311,46.01474990379346,45.512640578045236,44.14507323763018,42.80055890998662,41.4786690085922,42.75514699325083,41.44210099786429,41.89516393638754,40.60097093477723,39.327416136828944,38.93458599090924,37.68944098476637,36.46396548615657,36.09874104068764,34.8997295409116,33.71955109096262,32.557976836178796,31.41479473502965,30.289809477097613,29.182842460735095,28.093731832408604,28.557920686526472,29.06069344296816,28.779796278507188,27.696098958624855,26.62909014873996,26.36624175890708,26.11406359763625,25.06963000955777,24.041298222857147,23.02902719251871,24.38751722711009,23.364750724916043,22.357442514422132,22.15574652010326,21.164558164891496,20.975242045442393,19.999380015900737,19.822157368712357,18.86083406062564,17.91458274793957,16.98353225302672,16.067842617114938,15.897967458516385,14.995979292682229,15.595163101789476,14.687659132795542,13.79543820142241,12.918822455671641,12.05819037120732,11.911639241675658,13.341623594798325,12.443003263749691,12.371820496122128,12.32752363062201,11.425639225524005,10.53845321876275,9.666597208318665,8.810835954785132,7.972099145114051,7.151523403715296,6.350508720358467,5.570795547305904,5.452091999185336,5.355514696733588,5.290763631559092,4.474373402571526,3.6826570563372227,2.9205368005741152,2.1953519689562047,2.037494563738544,1.3228996126078187,1.8512075485531778,0.9268591378004213,0.008714676697600413,-0.0
420,10.481303979968253,15.896981190533317,23.28926465446064,28.235466219867593,38.683231612822304,43.074525035754334,45.88066711147653,48.88093520007432,49.46417590649505,48.59043557366031,52.85380901749269,60.6553956429434,62.633709945538484,63.02782261901509,64.39091592941766,65.8581864698949,68.2633577725849,69.07970814712816,73.36580445753573,73.50340938720896,72.89231695070765,72.37770515221503,73.60451257914366,73.24549329335903,72.14500928870659,71.93680340032712,71.79352380856642,71.71120546772582,71.68645433676934,73.32359933379125,76.66711012259789,76.79630578230052,76.97744504207455,77.20900101558394,76.66505950828473,74.54057993832828,73.29189149778337,72.89422570514861,73.3398313087248,73.82808326014954,75.17397860054149,72.50368801120125,73.91489900316411,74.56424712982543,72.80534462856905,73.52169214495203,71.83477306683945,71.80314409705306,74.2680607492515,72.65782533048744,70.27824199464533,68.75728485901179,68.8725007853305,69.8316327647206,68.385362638006,67.77858039075069,68.0089779435438,69.09544013816435,66.92419306461694,67.2379419759853,65.93846035968467,65.48164808448647,64.2323542613723,63.00949942550327,62.618097328220266,61.44056983583511,61.090652986200254,60.76233061338632,58.843381279633704,59.35670704218566,59.089006915486145,57.22256099508155,56.185989548468385,55.96772220755886,54.966225702861685,53.1911864681005,53.01831163071041,52.070871927497144,51.14046590990865,51.01588937320574,50.11566206034843,50.82869806029527,49.154092200473755,49.9080529827169,49.06391887020784,48.2345944534499,49.065124372238316,47.435407907090344,45.83234057991694,45.05919786658303,43.49623038604862,41.958849035888825,41.225458027492024,39.7260467624982,39.017208998687835,38.320042978127724,36.86887662486539,36.95996819414138,37.07606004037611,36.42467524809239,35.00302143742223,33.60411508782054,32.98276070010965,32.371659433934326,31.77072240005291,31.17987787358272,29.837909037578232,30.80876773820674,29.467468921279465,28.147369553782333,27.60310156821043,26.310595848424953,25.78195499193357,24.51642407012337,24.752692062035972,23.49761521710843,23.001781805065733,21.772085667814412,21.289505186980694,20.8158563585019,19.614616196230724,19.896247859993256,18.700449657756145,17.525734381147284,16.372581520747175,15.241552227608004,14.803546617814062,15.81473884858235,14.664822496276885,14.260994189339206,14.64226103495868,13.4861731862097,12.352138162360635,11.24127198112921,10.154917047462323,9.094696525020746,8.70875993737913,7.6729120680535505,6.668305154747081,6.280933235557621,5.899377842710922,5.5244317052389365,4.5373345268847896,3.5957483174413625,2.709713864162525,2.820196497387746,2.4314234628529117,1.5206944096744817,1.6428778073652126,0.6485050888436156,0.011658867241841063,-0.0
525,10.570794386644955,17.124081590323357,25.57089049828275,32.50694550232784,43.1332247762498,49.60994902961144,53.653815424722396,55.32619568919352,54.744232654044545,53.66042273341356,57.55684008325474,65.63938274310244,68.98907857302706,70.8198964789751,72.77331574513065,73.21981640366695,77.0168469517577,80.11458615611717,86.6529333280259,86.64373606368778,85.92130389752087,84.50191061827586,86.43384928069676,86.01523719051873,84.0903237913684,83.85530607650817,82.91276626692277,82.05230719130422,81.26788329672841,82.85983545355687,86.0854935734468,86.24750089262459,87.25512546654255,86.74440387123305,86.29117265373412,83.56760690334941,81.69983509962444,81.41157638522655,81.9285993947186,82.49252328765517,83.87304406282462,80.70501248507662,81.39221064915813,81.36168719806611,79.09999918517337,79.89797017969049,78.47169207614574,79.34244023270507,81.0261051322548,78.92893053718721,76.13882619167005,74.89598228352938,75.16983936130273,77.74624539408813,76.5791733368478,76.20288289300926,75.85650210075772,77.07413802829387,76.01874391079981,76.53643988950606,74.76333661658003,73.79253560930836,72.08662371159087,71.171470641517,70.28186821939254,68.66485227069552,68.57651933144338,67.75949064967492,66.21632314438956,66.19384687867213,65.44420507300394,63.22610977042558,62.51905601935078,62.57440094949161,61.16533344081537,59.05035528551694,58.42087006880585,57.084072317017146,56.4904274132446,55.914649310429894,54.6335916683774,54.816039817732275,53.56635948087382,55.2667261693262,54.037757495649196,53.5698623026945,53.87291056203959,51.93840886019278,50.03798846014482,48.89604253562491,47.05036414461716,45.237574337790306,44.15338304126057,42.39301685491306,41.343902752047136,40.30965271178155,38.619107302765144,38.284366249209945,37.96395605929876,37.658214215540454,36.68549359129854,35.72577283011514,34.778761859090864,33.844179249054406,32.92175184574226,32.01121441649657,30.461997194239164,32.23034049143539,30.6677740684411,29.133648025282533,28.27551866214315,26.783741573171195,25.94960472989,25.12548295488351,24.945577246134675,24.137676090286067,23.98082635170511,22.549959859966325,21.769758165853233,22.28046532072829,20.866493617323602,20.75406035994637,20.00359412481118,18.62096967116637,17.26812522456689,15.945982706984175,15.831751553477293,16.37193887898925,15.668618130067335,14.972603833076896,14.938150245948853,14.256730037951428,12.926890187589914,12.258600310339734,10.96912437062981,10.313661398884813,10.292544080977777,9.649664678593087,8.38165259080799,7.7482872213697265,7.119749018981107,6.495667837636473,5.285919132100519,4.137210443427193,3.5295832125807083,3.4390267188630497,2.8223940005145165,1.7159311842036395,1.5626282478481404,0.5038306148876972,0.014623153498979963,-0.0
630,10.777143099095197,17.65289137644589,24.723894103718905,31.97334121033568,45.25471895093551,52.07269878069995,56.55323094479965,58.753888228533825,57.19003143166522,56.77273159940373,61.147820687027725,68.77387561986946,71.85629714125858,74.28171450268428,75.27486714997868,76.39778084115149,80.71514108818026,83.59831601341224,89.74009075971608,89.68658127349111,88.19721769137108,87.61283893147957,90.19163465468984,89.78941440028193,87.22456989784804,86.27880035434306,86.15858898920763,86.84594923881099,89.0759433336931,91.38487618185782,94.53121086239469,93.97516307077436,96.5107743666889,96.07500699269858,94.94784840651337,92.39862266645368,90.67718599576672,91.22051350095244,91.81630871460428,93.20655875451473,93.90988941613702,90.21913798654137,90.26989775661337,91.1008155862427,89.77284089889973,91.42911507725056,90.91860219374018,92.68125323691757,94.51453060521914,91.86415456503813,88.54655242864146,86.76966995768773,87.22374758662504,89.95078308532499,88.25855185934628,87.34975774638676,86.47590040319457,90.14114387562425,88.56905202168639,89.31461413880143,87.80533023434545,86.3323876116143,85.65021424845479,84.9987335612279,83.6202577953718,81.52433671228832,80.95806690602143,79.67233891391611,78.4156010968415,77.92909387435988,76.72520369344892,74.07838989546502,72.93154561229788,73.27043562380838,71.43775749263331,69.63755503684266,68.58627575631613,66.8415991520063,66.55031257344797,65.56457905553931,63.88763808507001,63.65520790685666,62.020264757965116,63.263033631900484,61.65549881752596,60.78860041015416,60.66224351385183,58.39488794331292,56.87279919973865,56.077899215048845,54.59532940583698,52.442004412437285,51.00851597678377,49.595940477112705,48.87909664952688,47.50119744492008,46.142882075022584,45.46873470761897,45.48317113564937,44.840239122023796,44.21215438895062,42.917919475012404,43.000712566399784,41.73011379474646,41.158404966724795,39.91541785755363,38.01603098523808,39.534434762831154,37.632723850222085,35.76515994956393,34.59327898217562,32.77944511220877,31.641107736572934,30.516638816477897,30.0465047030054,29.59019511102804,29.148246160451404,27.413342102144334,26.343900404943888,27.23868140966554,25.520091081849163,25.800043785563034,24.759496079121035,23.070042696451253,21.415936032012368,19.79824290341938,20.06072765773207,20.380919259103617,19.400493010432555,18.429967984503577,18.13755436229097,17.870853683140872,16.23715608064361,15.300542903104597,13.718422876704368,12.802807217640314,13.21954431983698,12.314493937626684,11.417215245585254,10.527387091016749,9.644645278179592,8.768564855669707,7.229500162241205,5.755041818316289,4.903217056551897,4.647341360290402,3.789571558671936,2.370802952211004,2.052288338313729,0.694921758439022,0.017607811683907282,-0.0
735,13.651679362219776,21.56187926325646,29.762357669616375,36.54943202160959,48.50707709420499,55.71211756687216,59.81383099017415,61.73282259488219,59.27390505695299,58.75965431066732,62.88312387891305,70.12171280713736,73.00580840409994,75.27026729459504,76.17975548598193,77.22291759369246,80.570208901127,84.02525973963985,90.57434719135517,91.26384523741326,91.32114353162324,90.02663788022399,92.4875715019288,92.12050040990248,90.41900911530996,89.54339372957367,89.46219387351195,89.4578708618516,91.62139768435807,93.86114533184544,96.1788407947767,95.01171560601665,97.45777304331402,97.12406571543535,96.14756566161486,93.84282653712019,91.62944903075847,93.60909044686662,94.26498824595502,95.67142047523377,95.73515067045845,93.07254140203251,92.5439377541306,92.7487680952843,90.94430376224494,91.91852472637832,90.88544749731602,91.94640234731582,93.05917085357737,91.45273587176123,87.86239190968857,86.36766727246031,86.25039813374241,88.87569215999854,87.4740554046494,87.46780136422912,86.13830576331921,88.94057366834502,86.97846510121893,89.19400974206417,87.28483547024368,86.10693983636155,84.96240837894133,83.85018894391612,82.76929482288627,80.36385230787631,79.34640537949086,78.35731456553704,76.72849743958398,76.46121773686045,74.88788289335591,72.03630518441558,71.18177304813453,72.31636448140237,70.8489680066085,68.75884468244507,68.64693038942909,67.90676962902847,67.1884992775808,65.84058267432938,63.87340423447302,63.86080134959699,61.93916417712994,63.260994800786506,62.01497804047953,60.79036128895412,60.23355114243024,58.40312586510918,56.60258968970079,56.09509978483828,54.33767337310668,51.988919392881236,50.294702000502305,48.6276208509874,47.584129193047296,45.96235591733246,44.3663475384775,43.375004210650594,44.76135646812677,43.79170878573332,42.8367535181491,41.30233659801585,40.96970428026158,40.05703437884637,39.1579047369901,37.68352524433027,35.656445059638045,37.73312838651503,36.884756244106875,35.44931214687785,34.626238400638215,33.815359131934294,34.8415899355135,34.0571633620267,33.28530186217643,32.52597517597829,32.41135093874086,31.044966358933298,29.695665691947266,30.25627124265314,28.918763952952325,28.886686640610236,27.56699478445655,26.262649176080966,24.344403030512797,23.07798212633476,23.70893152340989,23.76273061414237,22.503310351982357,21.257369873695982,20.685717924507074,20.132326213474588,18.245449810076583,17.04428124057503,15.225720474206804,14.058612295559332,14.150697387795065,12.989863038206867,12.484745118375876,12.004921022765263,11.557639220740821,10.416123459509514,8.597240954873197,7.478617780802043,6.367659953650121,5.921274947679583,4.807982419613937,3.0719859616129592,2.56518846126777,0.9023427269839496,0.02061312374579104,-0.0
840,14.817289414929023,22.232209391003607,30.818094288570705,36.44858175513829,47.0501767306636,55.49200802539726,60.13784421912371,64.22410753963602,62.42953637007765,61.07777609218965,66.44139768122346,72.67575749398985,74.67661770276348,76.81842507635456,78.37518636857986,79.35292528682189,82.55991485643995,85.16653340929129,92.15461791352907,92.8172169851393,92.88202255587578,91.6608533084336,93.3411508297304,93.02735567182393,92.81253294910702,92.0112210380111,91.30607782154287,92.02245532506696,93.47735375514783,95.001154361355,97.26903237591492,96.23340370387999,97.95362587965089,97.049449474167,96.2161127326821,93.48052579801718,92.14078210306862,93.45128880239784,93.51589437386787,94.2811811009099,93.79602110717023,92.71588798270422,92.97539513580696,92.63633940433702,91.06250728175719,93.38134506597927,92.52909247896768,93.65610181412637,94.8349725134867,92.80353716698917,89.55585080536261,88.9139302160742,88.310002273039,90.9305969416744,89.11467314561736,88.61722651317383,87.51868017530144,89.65126062076418,88.61351721489923,90.85093722260227,88.57335967892733,87.63381094921563,86.08415005541215,84.57186323757549,83.73070582589148,81.0257844800951,80.24632459971018,78.87094179563692,76.90920184794459,76.21334002757602,74.9291337776432,71.8577498167409,71.23763758607325,71.84974449488382,70.06864992674197,70.12311407382278,70.20589987670414,69.70491114343076,69.84154518908775,68.16005872174254,66.50817629350274,66.09364704109768,63.88745778401119,65.33246414844268,63.7622484104046,62.21809798570865,61.30019680966948,59.80161353648587,57.73524566216338,56.876158215695966,54.86498293093213,52.31835019895404,50.94742150508868,50.15939038644114,49.38750118232336,48.63153776200987,46.771877829104085,45.493148604929495,47.024965895521014,45.76347513539192,44.520035576962584,42.73810674604269,42.085661726396076,40.893935662368996,40.26874399029447,39.65773803931301,37.95898116570262,40.75958002322607,39.6213882125249,37.92467396774528,37.96688523290628,36.87031411851954,37.54547243084295,36.47097901738571,35.41028999974686,34.36313890100996,33.92319818654588,32.308432215097156,30.716811673572803,30.895914715620588,29.321795466441618,28.94064569132726,27.98130755578438,26.444507849372187,24.360218834425986,22.87791234152325,25.47813071358153,25.851111469262275,24.973838336305153,23.46004918043716,22.605262905793793,21.764333081437993,19.648794611561602,18.197881681593575,16.170312639783397,15.352441880917757,16.428523668833655,15.662173735248084,14.914927529115241,14.190132585950835,14.25106809476261,12.831389010643713,10.676866857309738,9.28515917736246,7.903488663793928,7.247217115858625,5.867172977773209,3.8100256808769353,3.096896599518214,1.123227903764396,0.02363937752791019,-0.0
945,14.271258314748495,22.991403682442897,31.995460616405822,36.56485918334783,45.97907609709242,54.065044943719734,58.513055124108,62.42953637007765,60.02728494837425,60.16780060886222,64.63070542201994,70.60450839874996,73.23957996149669,76.68980043474541,78.19743253091339,79.8313483991494,82.25434231531004,84.10675072548051,91.49328298070851,91.48269913004344,91.59451874358301,89.82638298557272,91.48209156568814,90.59962940915918,89.82724183406137,89.15543270020954,88.57601888809415,89.33468165993911,90.16014563151201,91.05022251205106,94.52637826756283,93.64581032984485,94.7216676899607,93.34871219657374,92.05419046481933,92.05902182636216,90.28718811447023,91.61952481421613,91.78376087258489,91.99740260508892,91.04540033028697,90.74999199815385,90.50139304172275,89.69869467090132,88.34943622120065,90.0220948690449,88.7542099124105,89.31573474051883,90.51930223601339,88.17661162145322,84.73488565577982,83.68964645594632,83.25980093418463,85.185555147039,83.65822355423688,83.32927453206989,81.87863226077904,83.35044356223091,82.53782020952447,84.09073999798831,82.1687192643041,81.44900577574329,80.7597700302258,79.52254905302564,78.31803709113214,76.00868185173321,75.4360944586669,74.32593695613205,73.24429566717241,73.31149148914581,72.84226539352328,70.16197888107266,69.73938088857102,69.89729806806322,67.85755729790509,67.50329340471109,67.72740847595973,67.98087130860928,67.6999106127571,66.87864283609679,66.07930350609328,65.30151265704325,62.87345404897111,63.809232593052286,62.533779248939894,60.72678146211806,61.16364908893425,60.50839447658529,58.203954942263074,57.03433758673946,55.34004427384944,52.605607033169235,51.50391972374555,50.42054290168051,49.880404611435694,49.35715543977433,47.79718576960743,46.26150520780479,47.3565513613193,46.36778161939179,44.868790519210705,43.392136537343006,42.45271312025368,41.5280830205238,40.61796129545367,40.238427677891785,38.32916107814384,40.59367748159355,39.203797720034494,38.895639061306035,38.60713693949834,37.25351923073677,38.093152841503986,36.75660945034459,35.98656617656817,35.23075513088179,34.489262385878575,33.20598948677898,31.39280375629317,31.234308257210945,29.448592106664105,28.76630663865065,27.554064883673984,25.8238866263827,23.61230654190468,22.96245503704427,25.009720671712135,25.56632521776386,25.60588843913844,24.462881096481738,23.332494014523647,22.21451659184081,19.922124456191558,18.25695794271981,16.0779058082829,15.012690069361414,16.20090034319404,15.757425248934462,16.00641214460869,14.997979330691784,14.71099769558612,13.032675811059804,10.700274749715788,9.079008911238832,8.105756202167301,7.146923209975088,6.20823934691474,3.9481928634497887,2.9582785024017575,0.933250751850631,0.026686866933095642,-0.0
1050,13.819067694038743,21.47792378609248,29.431858539374492,33.21759057487117,42.98947743739752,50.78202361861887,54.399341519139,60.36148721645429,58.11910440251831,58.97219673388405,63.958803536173896,69.06941181546281,70.98197912376516,74.33684632993322,75.19149819965709,78.11150740343267,80.48642323900764,82.31762012635922,89.42788510481697,89.48358991543776,89.0182947795896,87.41654753028199,88.44277553669727,88.31120545003823,88.88595776331873,87.71203127070571,86.64259498997677,87.44990751930709,87.72744411970515,88.66263417058018,91.44474856121327,91.90278371911111,93.0172666746222,92.40319494236375,90.68054093516247,90.20131099785178,88.05292632066043,89.99065193943495,90.82825492811276,91.13606377541949,89.76522902033273,89.5943773528194,88.9003848918355,87.69033663658925,87.09318097808037,88.78863056971416,88.26974505842487,88.92062663646976,89.61351410123812,88.0812237215736,84.93320200890527,83.51371558468398,83.23077102980571,85.18558847932258,83.3150276198957,83.68311508943574,81.88991959952048,82.8679076135823,81.68663614628214,82.73128775872932,80.51614252228329,79.43382721882409,78.38422366902958,76.83040916623416,75.84529554377697,73.30797105352093,73.43529036134647,72.01447290836947,71.14557724453779,71.34511284285618,70.52465922374317,68.17667507915768,67.40881422836287,67.17744590475965,64.924924230234,64.73404700500586,64.56601083652465,64.42098169120695,63.78621630104767,63.17251702820719,62.06900684926115,62.00727378179377,59.92893140697997,60.41154542319529,58.881354694587266,57.37791550501101,57.4047855261043,56.442378647589486,54.00392627074994,52.59202263285156,50.71914970187954,47.93396831477435,47.545277161115415,47.17311868326553,46.817637212203365,46.002956317610575,44.262445877311364,43.47993231792329,44.12505326914814,42.896657207332275,41.2198130643949,39.57155782947298,38.40448321941528,39.086368560935064,37.939214773855056,37.73223178218214,35.69394940926207,37.37300626818335,35.801192185918104,35.18404396373478,34.58017574225379,33.51991087294857,33.88858041155639,32.375412344725135,31.35194918780358,30.341879083868253,29.344913264034368,28.82550315324179,26.93174049545507,26.42986141534108,25.02948226718288,24.096054763984235,22.730974173561727,21.387446375401378,19.64512171681228,19.60763523080992,21.87077262971827,21.955435196727493,22.083223646554753,21.23297561272092,20.906472009777403,20.082419464147048,18.24478790781119,17.438561221578077,15.647709346129478,14.85762110974534,15.61883263523559,14.87024986673189,15.279194873797142,15.213751953937049,14.586969168610631,12.688509554524325,10.822266569532653,8.993097333236852,7.763606585481144,6.5403775449757555,5.3207754618117855,3.571012645664796,2.359264450726526,0.7930010543834152,0.029755892095017004,-0.0
1155,12.647738892525073,21.63303715480976,29.34383813967059,33.00891463696431,41.79450542162596,48.65181682425296,52.892468311098476,58.68561419296708,55.93924325216609,56.21070900954406,61.06159288420967,66.02766485092803,67.32046721435687,70.6114081221554,70.91550098544053,73.79024840970565,75.53923761905456,77.98879014893933,85.43685651856691,84.9762396803012,84.64325786252027,83.23592976876792,83.7215913294545,84.29066049189956,84.93767128756213,83.9325297941145,83.0257215571983,83.8918952981866,84.81919993301189,85.24470932198562,87.41267395691521,87.38997251318129,88.54616552164454,87.52324016882208,86.02184862608394,85.68448167452677,84.3207503771069,85.71007599423746,86.06537619692398,87.00717697486891,86.3721930471586,85.78682054795495,84.71686821573196,83.69886705512027,82.73021590394387,83.89977970677812,83.53291869641357,83.72895598991721,85.01578749554457,84.23203130394106,81.40827955192866,79.6868265014244,79.54071023750679,80.96611610475408,79.34583486746469,79.29613516825162,77.24702549954634,78.27023667953445,77.29711344737913,78.8955483324963,76.959929684917,75.57329816524705,75.22350240477869,73.40314934648934,72.11773473298601,69.40448472300797,69.15796511659713,67.96987818633357,66.81088727452054,66.63405475743815,66.00173798571129,63.49889099969565,62.44692717913316,61.88491608246642,59.49642646385069,59.43594733410126,59.39698492922781,59.37980039243321,58.45728246906763,57.55583689720806,57.134095526776264,56.73138077354737,54.51860659581892,55.06199456675534,53.34638005580641,52.11062247382523,52.24440466647516,51.49315151773103,48.97426865967557,47.38329566461389,45.39163989628619,43.441385247756315,43.19962267949024,42.97361911735572,42.33900845373208,41.718603767927945,40.271527511042386,39.262767358604734,41.22265457579277,39.80058404857366,38.40164227413771,37.02540347073277,35.671464656369054,36.40342477587563,35.06701247513322,34.99563201694405,32.86332972580431,34.909707442257506,33.18760997758332,33.174687255828054,32.75310004913915,33.654885892163776,33.718007633010444,32.01262781017279,31.65300153315795,30.862923572963577,29.6426253274012,28.876922320076286,26.820835102848978,26.078020244865133,24.92104800152378,24.200162637737957,23.490122731758948,21.952188246263493,20.443330951908564,20.58230200634296,22.9764415736533,22.800214775427957,23.13792768233339,22.049082051019226,21.46163392941341,20.395766059903906,18.854969756582705,18.299342521519954,16.30811785096033,15.763833943877373,16.242977080825845,15.247420832028187,15.332080759770742,14.937097466451796,14.003032466041063,12.499747489806563,10.45099902083045,8.985087040661378,8.068990955127807,7.17026457370125,5.713771694355548,3.749742115454678,2.8100580669650634,0.971059462238819,0.03284675955556467,-0.0
1260,11.600093421201239,21.117974988579274,30.80058990098135,33.598886555045425,42.178733511547854,49.55368024383701,53.67307580643533,60.000239977418914,57.25980347721329,58.127108560115325,62.26573130064353,66.51678126015584,67.80356756689515,70.43708563464278,70.78091992925852,74.8134509400363,76.55662239565964,78.39661462357225,85.08477399966112,84.10927807912434,83.86021015204926,82.00451429290487,81.98886604612385,82.62339077821365,82.77718018617534,81.91016124225396,81.1372518131723,82.06131173451286,83.58361827395089,85.1637413291441,87.34470062019794,87.41185674992856,88.61882468629454,87.72284475309401,85.83625547126942,85.60737813534914,83.87102104733265,86.35066994232533,86.27070542774432,86.75863173108522,86.25162502486815,85.27833998610853,83.84849018353142,82.47759062299245,81.16246081365895,81.8870754884673,81.65068820643947,81.94994124101801,83.2873203538625,82.15760559138103,79.59371963513594,77.58950511957084,78.05104590115573,79.03377147702315,78.58669910914246,78.65879725744946,76.82095460594269,77.43552496907188,76.14783115792929,77.79018619726355,76.5551043352613,75.35536971365505,74.6677001649694,72.58336290041349,71.95543944685065,69.48635406720031,69.3781455601922,67.90679920054231,66.46934604965494,66.42856955252299,65.9540398962287,63.24084642554024,62.36518795329028,61.512745803772226,58.92734589752971,59.43495641830987,60.415291418104964,60.09050685526799,59.340604715041245,58.16852301197878,57.901560991202864,57.654491329243356,55.22591177698603,56.33077994791957,54.81625907574002,54.640697254636486,54.48497426512672,53.90600575852328,52.02691247224528,50.18316502310755,47.95156826994054,46.18270657495938,46.10031527125818,45.617221296843994,44.73170870291956,43.862264438519475,42.595880384557624,41.34994234081289,43.01183277906887,41.36357470511262,39.74400618170487,39.37349909951948,38.19783454308156,39.51277241692865,37.93699838783892,38.04387267090271,35.67429144636222,37.90292254451141,35.94283717247096,36.116723713975446,35.45781081000422,36.55403930545926,36.82248832349622,34.87262059053607,34.2739666410248,33.24583941349458,31.792785544278033,30.793830338881126,28.524583073442095,27.556621111114247,26.18494454793661,25.658207285503167,25.14496590432886,23.39641603842205,21.68419974801787,22.004338309263215,25.034614425540823,24.625912501243196,24.71938885596814,23.3968990449487,22.56788413672804,21.27125288446084,19.518741073495537,18.720888270065693,16.55241999660435,15.769216224842921,16.90675021949528,15.677589145686545,15.999447160113178,15.33427659377836,14.704265646018627,13.531989408734857,11.24440970818118,9.546835318490437,8.938605061302594,7.8047526697864695,6.110538206982831,3.932605304862273,2.772704365388524,1.1610371941384965,0.03595978244858941,-0.0
1365,11.369275993620466,19.982051886192533,30.156240440679134,32.273537685330574,39.99570627449949,47.21255738647865,50.65008974275873,56.84754901616197,54.36646452602528,56.518246042669816,60.59880443991934,64.19012317312308,64.94293252167277,66.99756051527861,69.1567879451957,73.13137281433151,74.89792920750504,76.1903976873953,82.13441117636535,81.86912428861066,82.28496553782558,81.13418052233054,81.20086972103532,82.44006976374126,82.66787682703085,81.37569064171072,80.19052936457443,81.17252790010349,82.21237588722727,83.82824639645874,86.02296322147264,85.66478004690217,86.4044678792337,85.13775940796796,83.94730322038299,84.84057361071551,82.76810226799977,85.25374699953352,84.77949423608345,85.35261174561813,84.97220532968545,83.65195943906569,81.9044629629716,81.18521998303964,79.55539591669066,79.87995836862336,79.29007883413367,79.68575870293634,81.06990860727521,79.6333562526048,76.8463128103886,74.60177457409155,75.14998036212015,76.19179109950944,75.88258270526337,76.0649181334686,74.89674376794721,76.05774538509465,74.94639408002331,77.09789055576238,75.57242004515633,74.08725446863632,73.0953067163108,70.78252850874836,70.30482339132693,67.63767993614691,67.2132169979912,65.93930861470372,64.6962041423575,64.34290671877586,64.01197680659057,61.5640935800918,60.43086433442728,59.74237175425446,57.82711332381359,58.01191782003559,59.05951257591613,58.45091184900377,57.86218215939178,56.45671602418131,56.32434513845361,56.212016333436786,53.62556987296685,54.37080794596455,53.06676400099398,53.021786940191205,52.5813028683216,51.74392283393785,50.1037596633686,49.30434451317284,47.312123807747454,45.36057862853481,45.010287818906406,44.28125125277189,43.175886821714556,42.47782932919776,41.406228087745355,40.73773503477845,42.041957397134716,41.00440419916026,39.59202235256327,38.978779169337905,37.98990038986759,38.976922769245654,37.22093321769668,37.05531839400406,34.5662997221453,36.778251445701194,35.066607963654704,35.360365441769765,34.47072275087522,35.21763389181383,35.18004841620619,33.09023146901795,32.660087448772465,31.83412571714487,31.021156466393325,29.812997930440005,27.82262760458625,26.65358519268743,25.50008716115772,25.137918393156326,24.397330939815117,22.50850359444975,20.666375971398416,21.080319546322098,24.01191748592154,23.342388853900935,23.56231724655754,22.485998965492474,21.86653380855375,20.371104796775835,18.89594816596522,18.30486505005028,16.854496864588114,15.850734337148396,16.650491421793742,15.209846132874613,16.695119042059297,15.774689082856494,15.427153491081022,14.005827734421391,11.513986463522151,9.607157832831222,9.261205839005928,9.038595868289125,7.081425841672186,4.607325944172525,3.2258995177643186,1.361787632281852,0.039095280690274924,-0.0
1470,10.47826516903977,20.32142972297636,30.309650537630674,31.737600466493763,39.32234916886751,46.41253617956557,49.82244866039247,57.18261517847159,55.364732921454575,56.902964672105526,61.52445232294816,65.6652857613216,65.84681716133501,67.89927938582652,69.49631785468786,74.00152772116164,75.22064990205423,75.9897931670184,81.28798558561867,81.10941911508594,81.59300595042684,80.02148025755346,80.70257075069367,81.98839049159626,81.77032020779619,80.09470551105287,78.53947367308572,79.0822593307491,80.18269599832072,82.33792255513768,84.04797225853375,83.80541989028137,84.61848560287127,83.01022433770359,81.97187952221067,82.93319812715296,81.04698595165935,83.05601699685396,82.70786878447146,83.36345241339093,83.10536413597598,81.94569434051581,79.90962266268113,79.79070898787383,77.87384625128142,77.83597691920788,77.38006218446976,77.86698006525863,78.84384919592136,77.58266940225336,74.58677024690562,72.55616206223668,72.75112932705328,73.85188248735444,73.6680185072423,73.51362552753038,72.08043536800714,73.29124062277356,72.78525267814716,75.3891541254364,74.04782766233781,72.30687704600665,71.0422235547836,69.38322527129917,68.61470416450788,66.1865403809191,65.47735372559728,64.37802068696551,63.307014765927974,63.08390462574409,62.882814156718425,60.25445684781186,59.2875046029424,58.7443700568505,56.63374845090711,56.922999483512925,57.635668303309124,56.77217404042053,55.9297698731622,54.32003640585123,54.305997152961986,54.31204848762757,51.59357788253593,52.015362036395246,50.90047861034925,50.579752137105565,49.88821992917894,48.82821224414379,47.02706895200679,46.01096888447324,44.26905756458405,42.197992257950496,43.07243933861016,42.12789212607527,40.835719791892046,40.28850795582041,39.392820740223335,38.872974466535375,39.82870180497002,38.60128326151873,37.757099740167945,37.657333884140705,36.83884327022585,37.5101984746421,35.60779031888129,35.19485530863295,33.34069472698954,35.53114962800833,33.66821027346815,34.05730068763054,33.71759065313074,34.162071974985,34.2516167173945,32.407041398621516,32.51941592409498,31.478138778512214,30.451111018915135,29.43801943907624,27.301374904466403,26.321059953740935,24.985237191413994,25.142113544017143,24.57121313307523,22.89213991438242,20.890455795119657,21.80002760361573,24.82961135294144,24.77839689310295,24.76491940614675,23.46780004860811,22.619429226612848,20.91842076232759,20.092771769529026,19.28116968397699,17.622323463763276,16.407383916779693,17.39131485182667,15.738113086512374,16.910936583705784,15.741472977033315,15.627502938002312,14.505125194291843,12.325080890988101,10.696051211275051,10.139871095499522,10.313856001948645,8.0859160638877,5.310009818222105,3.697044445149464,1.572353008141047,0.0422535811764327,-0.0
1575,11.708679909929486,20.695731427244045,30.524921127448863,31.922198067292907,38.76699450924149,45.75386771501353,48.535658739375116,55.16171255798563,54.10427621905099,55.688167042250896,60.26479577113773,63.804291271041436,64.08132051358875,66.71666913823006,68.35369894289579,72.81511670027054,74.08500971599963,74.3825350206054,79.60677565627464,80.06283428711,80.61920587580636,78.66110586534246,78.90117355392793,80.75251517668656,80.12892540406779,78.60643830635698,76.71342097096009,77.33700158726673,78.98089093074317,81.16289355646764,82.42862871820734,82.77730957288865,83.18013799555672,81.7268730452992,80.35465458814994,81.85248173585177,79.66634747526366,81.24239225681556,81.47312646142804,82.20875271899112,82.52366604846986,81.04542537236549,78.73113078006519,78.27409381287332,76.0949743119534,75.72716501687988,74.96286662408227,75.10186737614644,75.70667657654664,74.18624950359477,71.4511045586766,69.21593498218462,69.50682329268075,70.24072846790769,70.17378791335639,69.72071387390795,68.06619592154159,68.90032715012705,68.53148520967423,70.6658709249987,69.1036037504456,67.1757172065022,66.10148579401418,64.65838056219947,63.64757632459263,61.490192010912764,61.320136409325585,60.00772833195216,58.726885525336186,58.23672470160087,57.76735063545728,55.809028009304576,55.00886120046126,54.23015250933496,52.371125104684054,52.734621287005076,53.86403953372624,53.158200226403224,52.47151751500448,51.06803494362745,50.786401462437816,50.88984917295769,48.45422444269857,48.58220582190962,47.64200435430669,47.440351841818604,46.893645256158706,45.644922524262704,44.06612010216419,42.86620084254651,41.00028966056473,39.17551486880699,39.73397252670158,38.61415059258863,37.848600272367236,37.09735249841442,36.36006467784082,36.6385688737938,37.624911401076666,36.576323046283555,35.54478573816191,35.206258926538425,34.20217891776937,34.56907225457449,33.24692766552652,32.618534654677156,30.668790270816366,32.41952323380714,30.46901911266115,30.562728140945584,29.99362584722325,30.121315012828987,30.272784242094517,28.699038818791045,28.523702125669296,27.668059166910748,26.481363020940847,25.993236874116704,23.82761073269807,22.69662343566924,21.906013199799332,21.779459753347346,21.33763129539702,20.245822013844727,18.21518643944381,19.080172340835148,22.188373809256902,22.220757498414166,21.901277590851905,20.444488713758243,20.53876675660432,18.71471488644795,17.677122363558798,17.030683229414443,15.637009998121478,14.264132468165025,15.180698046351841,14.195968448817338,15.327601822818778,13.93743413796363,13.450374148128613,12.07930560287988,9.849621555172048,8.513120566069121,7.603743197822292,7.153443472042345,6.29631695938675,4.064431867737531,2.7381887683928166,1.3854208036509836,0.04543501798702328,-0.0
1680,10.870584187113678,20.42522188641024,30.79434312155182,32.78933907884941,39.549673399878074,48.338686250073074,50.416134992169546,56.36637957588061,54.73493765560851,56.88965815310683,61.436183065663954,64.39836447653863,64.71452371529054,66.81487944833613,68.48275894811489,74.00119864528786,75.3000825570131,76.17096163434279,80.84672491184585,81.3513745138326,81.95744815909036,79.57755875670674,79.37900202636109,81.26942909913855,80.24042466784273,78.83307837432166,76.58867357772947,76.8136604818031,78.0353572267467,80.24916050425414,81.57391554308795,82.00841719732935,82.49581627784517,81.1791847862589,79.48575561541925,81.03714231205073,79.01338228969517,80.64199515207784,80.96491348173483,82.2289387194397,82.18488179042198,80.40449748777543,77.82494488599039,77.48410231776953,76.32613613283873,75.64221994303243,74.57834899145129,74.3954969014472,75.08417970411689,74.1300626078892,71.57177076680517,69.09510940593407,69.07851983424926,71.10593329094853,70.73886239442368,70.40106433725997,68.49075486065469,69.00913492312392,68.35820198551774,70.13198797265684,68.72759026111517,66.57395678776338,65.64191597275996,63.96612918381298,63.47939156486313,61.49361688620374,61.05713333546473,59.518514712864565,58.016563345116275,57.28095824390664,56.93339015267923,54.791193741145364,53.767447711090924,52.76792527410566,50.74243487767366,51.18821036859024,52.723162581141985,52.150155070811564,51.24046442077968,49.999936542933355,49.4823564212724,49.33196626433262,47.11194053642624,47.334981946851116,47.230442675312254,47.142862337132925,46.37529598704216,45.27956448675619,43.86348504450125,42.47421639580108,40.780090230448565,38.797485688609875,39.43785984012015,38.137029175777236,37.82668301933624,36.882073736241146,35.953779903235485,36.32446099924995,37.379958397499344,36.47683632054173,35.26172476758147,34.71563544309721,33.85680815042359,34.316556538407575,32.82612339940586,32.005104758842975,30.24205100840611,31.697227171230967,30.260561318177007,30.460315752807553,29.696184079187027,29.598892233961063,29.85319509356237,28.126938649934257,27.737019489048837,27.02953749895455,25.68069866047807,24.99646560633927,22.73898564987707,21.463381777333588,20.510526326755738,20.4779234386754,19.846682609452014,18.92032482361779,16.830597264746025,17.704792981045454,20.994921520570998,20.774349509045113,20.220630682802923,18.62916984981568,18.796650223339213,17.221103499778103,16.01593894883384,15.165693947714812,13.654808306196546,12.177964165559837,13.017430091021236,11.862813175451803,13.234542179106915,12.073973922360548,11.307348328262936,10.166244500108482,8.294218607929512,6.833341450674529,5.737950153168869,5.330275757648636,5.788854317059733,3.8607545514613486,2.74342143157553,1.5864484137845778,0.04863993259822459,-0.0
1785,10.09814216781259,18.89804957901585,28.461153605696794,30.6383444921961,37.94307929053047,45.99445471124675,48.75715736465658,54.06858186124388,53.19132990530111,55.3958331196363,59.92190734521302,62.90608668819949,63.314773297696185,65.45686867351898,66.65784917686919,71.59289155717838,72.96393081507011,74.43121056073308,78.55428541023254,79.15161767170812,79.34039083063317,76.66242926496172,76.10317253316637,77.55707114475024,76.21968601621474,75.46072329490165,72.96966683209038,72.85331559726849,73.6915962926588,75.92168198974592,77.30425265803736,77.83702721869938,77.97333003074134,76.83803330472855,74.90958388587897,76.49974343083255,74.69130976909024,75.9257775756747,75.92111192966227,76.80680039231599,76.88094398469384,74.89539749242363,72.1686933984716,71.96083970794177,70.9827101573916,70.05000496174799,68.76620762872071,68.70367814728357,69.06383000196774,67.89020537215119,65.610652107866,63.77931267897041,63.49203081683388,65.86798299381701,65.24767079583114,65.03382540803699,63.34814405682596,64.30781626677089,63.796693604478484,65.18538247058372,63.968952411927205,62.048222410279905,60.90613559041887,59.43447985380524,59.43507849775953,57.664584132139346,57.349528487572215,55.99646326643643,54.3295207625014,53.73157138249654,53.15393418453996,50.90028740312379,50.032895529070124,49.18709120737983,47.70566241445579,48.214616579715,49.75016329751601,48.96714013804346,48.53669076662935,47.45798614166947,47.39245767008485,47.343715160331655,45.00262811659141,44.97885241697007,44.64416419066914,44.324508630547484,44.01982520424704,43.07734770642919,41.51026303249858,40.29090051583198,38.78202711237385,36.99776912059261,37.3817554258665,35.93829607015866,35.73166791747801,34.928994340956365,33.84021244633545,34.882837456314235,36.92645616497498,35.84082899349881,34.773219267149244,34.34813159892019,33.62169669012099,34.169455706525106,32.519041258094724,31.51872089469899,29.619900725742305,30.798414691760563,29.218249135653938,29.192040301127125,28.253962906176657,27.94262960723755,27.955147764333816,26.430789042887746,26.151849769171925,25.26957592969826,24.096901516489602,23.241388588749043,21.225642034216392,19.83470250863854,19.02719346889995,19.357345677308405,18.562783983758433,18.3492404028741,16.44984982922367,17.089685952581295,19.97559222923736,19.5375103992003,19.113337936896116,17.720349242221086,17.64221178386575,15.947160838533204,14.604765193683077,14.215768765668773,12.59315403168536,11.310569044032897,11.848715651497493,10.561550205667414,11.851705807851209,10.53673867130383,9.572361505058673,8.952629330696332,7.345565338727914,6.098104673109613,5.173379066246806,5.197590304723372,5.769250131048222,3.6881845398433972,2.754362020863447,1.7963092619220038,0.051868674102383064,-0.0
1890,10.65697998519285,20.664175339337913,32.82544427612289,36.54287286719089,43.14351191812612,50.53673074410113,53.15191632718532,58.40472616568859,57.953485386846616,59.52394092241742,64.5932504225994,67.54621730959101,67.36221340083999,69.49276798373334,70.16092348115879,74.59156525238765,75.97851211716313,76.95426027087659,81.61311747146217,81.73055958741992,81.96067818811099,78.85050271509482,77.87016254647324,79.85025708417162,78.11104173604575,76.9632207680286,74.12106962860379,73.63934721767995,74.10529135063533,75.93924353015326,76.94220397393731,77.11769522646418,76.91193221439543,75.47777753537086,73.28613157697673,74.50755390065149,72.45064017049694,73.33262974489462,73.02411707010428,73.97979433208313,74.15604103179346,72.75355331028697,70.62009211464013,70.12575077338352,69.28131217617118,68.47950978821099,67.33716980377804,66.99545117800223,67.06304956862117,66.03214151187632,63.93407982757706,61.90380522440668,61.364578680056354,63.74180545588842,63.607898825069725,63.136165411697846,61.25524714230983,62.63313798036067,61.879656878491424,63.67439700992014,62.240472899147036,60.136961215153136,59.13751934333173,57.820133729340796,57.570231909347484,55.967589449090404,55.41983708017618,54.555316324168224,53.380274975983454,52.56532437728982,52.10314569605218,50.023410866056544,48.95718394104462,47.915763914975614,46.26932646603146,46.53180453430541,48.4121143082553,47.43279523010239,47.112699040922806,45.854146822870405,45.56568686431107,45.29259034933239,43.15612833936196,42.911676238902814,42.372226491021664,41.84756496986063,41.64555020377914,41.149090411981355,39.74927352758466,38.37734347974284,37.03262676263499,35.13491633724839,35.28880579829846,34.296643065430786,34.18381613736601,33.218494640224336,32.27014265276629,33.34024066134181,35.36285907814498,35.0248091480789,33.79320578369266,33.17827190514544,32.575571292421046,33.189777082054384,31.704524110078605,30.838987661691565,28.818969667102277,29.739298977618198,28.03268268577211,28.094427201240727,27.000049006753763,26.49974615969444,26.301523709427055,25.822923039490068,25.35509434703094,24.604758329714063,23.575446715141958,23.137226980914505,21.001948272479485,19.75114645585931,18.792076172991205,18.926558217785125,18.528563524807282,18.140387680296396,16.13398125648008,16.562961791184595,19.09551142416821,18.77354481130601,18.156541342806364,17.241556558694967,17.268676811368447,15.749789829182074,14.263781319095722,14.297115054889069,12.534605174599143,11.39684076211545,11.730486483095827,10.301971246686826,11.311194070577448,9.855784619584984,9.043046084202127,8.553351428364765,6.833820452337758,5.753144461239852,4.690756869501861,4.47385988139293,5.37324040943376,3.8908145442634994,2.770032038244393,1.6100044331466952,0.0551215994362024,-0.0
1995,9.941186678719923,20.50049492640759,31.87386254697056,35.640841749660424,43.45041600686841,50.172999297904724,52.81355729352733,57.461594369812644,56.554091545516116,58.19819710978648,62.709506086943556,65.70301711824776,66.1634025287354,67.82612065542298,68.07895770709067,71.99048644430557,73.96052117402093,75.02037819444821,79.15815783626425,79.3876614033351,79.23709724183273,76.34340330788261,76.43576235376149,77.99989912296586,75.96036875974607,74.50967951273152,71.43796930173605,70.65803694538029,70.79678971701742,72.25018331180625,73.32747033738302,73.19219034718127,73.52554773797289,72.25986635386894,69.86349175514643,70.74253312045677,70.06812742815576,70.62552486885859,70.04034026298385,70.67063673709453,70.55528048355879,69.32037080733862,67.00709945326706,66.63897451595403,65.56503089657835,64.90345545809045,63.55342299036377,63.689722799670825,63.49337168088253,62.25522877331345,60.360651836229856,58.18519799487887,57.429903547658604,60.12060175871109,59.743938840799984,59.73692793148556,57.70493939385738,58.76395492162519,58.145231907009176,60.28326778367663,58.67422924718584,57.109026548587224,56.250639872093295,55.08827437113022,54.94151632298875,53.17970026918662,52.42580013102684,51.37485156041331,50.35069038768596,49.981113247969034,49.62942307605862,47.73755131950532,46.50264402151886,45.598382491304285,44.11733015957227,44.15195411322414,46.0208041197069,45.176100617311285,44.95721273395024,43.54453748275924,43.35485361267315,42.87976048633942,40.939188215949336,40.496527484652674,40.067792924978114,39.652764699784385,39.25124700240442,38.86306803041202,37.62067438428058,36.11970720905671,34.92923805518133,33.214418208331566,33.16230181815376,32.303090050514534,32.27237347945158,31.167026300928175,30.616468794626975,31.43150306870806,33.415841300651884,33.17643294053814,31.809900061185203,31.027502701035537,30.258354485332507,31.191118001772494,29.872435502574596,29.135156314444902,27.03604036456763,28.536137569838655,26.720053645912056,26.580906801493835,25.626130467324305,24.95795729842416,24.572970978800573,23.92494158655755,23.287199106485513,23.20513623729719,22.041801919794455,21.704413869056598,20.037085572693442,18.928743273612348,17.840083680383287,17.782573040522763,17.740434830046834,17.45042249183119,15.619337251040262,16.108984875937683,18.32872322067049,17.81976479420789,17.321620985962824,16.25347586901455,16.064704819388123,14.726470108485575,13.414516905866767,13.236939665919394,11.672432299409202,10.683381194978162,10.7881676088011,9.268880767987499,10.243128445373465,8.694343318391802,8.011311750369167,7.335253136107607,5.854729314915088,4.934362188977601,4.273139268168249,3.8667158583863417,4.6879408378657335,3.4116840813121403,2.4514003068401578,1.4518918333878639,0.05839907361754294,-0.0
2100,9.885041904327148,20.368000926689533,31.651411735973802,37.29579527320765,44.43094632038655,50.4998010152272,52.55982370292484,57.2089579798462,56.38408779566801,58.61150555465809,63.12673767311569,65.61164367458686,65.62149588863052,66.83306540382132,67.17667559384998,71.10171051428156,72.63252596815656,73.28392319501896,76.93590735784757,76.7938270185089,76.76623374480285,74.07467839397356,73.82487091167329,75.90386296244543,74.03095436124197,72.72669305767964,69.42508815970578,69.18541850204917,69.41917472407818,70.52193425284295,71.260400663514,70.82816191404179,70.85386853497708,70.13377559630052,67.91574341499773,68.47993277123422,67.54746815880902,67.80636282253424,66.9700738753244,67.67851452965239,67.67031806451487,66.21622882169201,64.09906854522637,63.48691230363997,62.20469733055621,61.671820548569805,60.47935302109039,60.70638775426534,60.95933179516266,59.86519378270434,58.1383410145115,55.81018151030812,55.176669939083666,57.518405560176866,56.91975707613538,57.00502225501434,54.83024761150376,56.25722397322463,55.43120219087285,58.22648993304015,56.771029246927675,56.98475075182707,55.91161780037464,54.547165068257556,54.17438496230623,52.868795869811706,51.90957085742262,50.66580834839989,49.45299077714002,49.18275381924571,48.62493263827998,46.582902125719905,45.181928113896504,44.39537118466437,42.76431236373377,42.59341901487328,44.17548912004306,43.16030408742309,42.7438793173481,41.195947526728176,41.38109876390489,40.7242685989289,38.68102568166265,38.339075083330066,38.01012079767277,37.41751387911349,37.66823746102442,37.099960580339236,35.9953148893476,34.373284215915874,33.05292945024215,31.243550226039588,31.26601080061004,30.52555594791483,31.08812091331912,30.365490757025377,29.913960580970773,30.779354327141142,32.501401023686405,32.07947078460357,30.581873086508246,29.9137184791476,29.257517136839066,29.95815260084163,28.779713562390178,27.887795111696896,25.708346407477382,26.93836221000434,25.038073981928456,24.717915211491707,24.149168951292747,23.848396320595963,23.298680676992966,22.501404193660296,21.97113692897897,21.706753903494295,20.683661480196566,20.181003088489607,18.687654159695438,17.714413502131293,16.757514975942193,16.769205929186093,16.551922526615208,16.34539646315412,14.92964650817676,15.46623524824191,17.382564277627857,16.706551475271628,16.586920461968564,15.382279751050543,15.55873450626258,14.094109529004102,12.665579288125626,12.571611632607123,11.428064266221956,10.56168578951417,10.486479138217755,9.113620508698524,9.863155957448132,8.472051192218563,8.176501544039219,7.345381776254981,5.743070332233477,4.698173676310876,4.382534950872115,4.085210907592516,5.0700953633715065,3.6127703835759886,2.481922330395911,1.6402558285184767,0.06170146999122426,-0.0
2205,10.461914062660718,20.899717610510635,33.447860213072914,39.632382115760436,46.07956178398201,51.494609475172176,53.54516119348053,57.611085627679635,56.29412802033862,58.03226648689413,62.55997774183561,64.57095878450295,64.17729411410706,65.9665098829201,66.885282204085,70.34286403540403,71.45590472526783,71.7201463251603,75.39146230743573,74.89125871967359,75.4341295020625,72.90482272402637,72.31923450747058,74.01040244273985,72.72301974703892,71.54880294767779,68.42105656046452,67.87820258382726,68.6034447625323,70.17572633844891,70.98952676677806,70.65427271953033,70.37514649635591,69.37287560795106,66.91798469377176,67.18525046746225,66.00114241187967,66.34830956789996,65.26555585122762,65.68456886855189,65.41208790130509,64.10497742388777,62.1545727391791,61.31115656047701,60.16811904469877,59.40889347231212,58.02026512780347,58.33146079362599,58.999970816713656,57.70616422635863,55.81085323288863,53.34813947552987,53.142008131325326,55.16512373782718,54.67951194588168,54.53409294751893,52.22844227644073,53.36899373029053,53.28875026231988,55.743652115205194,54.12372576687085,54.73059242633001,53.788661057066825,52.565437543034975,52.60214183625488,51.42923648637919,50.28683352726699,49.472853377150386,48.38476476133297,47.91244395653359,47.75275073892658,45.56746621574815,44.01019426578755,43.332402592582,41.56012823865328,41.47551794400834,42.8016092945138,41.905542161108976,41.58541459104386,39.8990215419023,40.15696408550524,39.60462172601508,37.98264966765819,38.001279858257575,37.49360668387636,36.99939635503275,37.32538285084774,36.585777728465686,35.329251168040564,33.83783138437794,32.38021379517458,30.457486386614285,30.304839277495663,29.666533697413435,30.032121060394132,29.912331237877016,29.301846921804334,29.960754251355457,31.96238655369893,31.3710016198567,29.74589401373592,29.180957907641453,28.370403612979025,29.383870421422834,28.066597707606412,27.2861842165003,25.75920241357133,27.308773279909122,25.52590387856033,25.044623116044676,24.57320362338947,24.111571938348646,23.40597070832981,22.460437079249154,21.777577344484524,21.353107499354113,20.1972972171936,19.545811285283932,17.950794425562545,16.860129734406474,15.791306487205077,16.326422670167595,15.956260859168628,15.594250511492369,14.315270873651416,15.133386286176178,16.799706684288697,15.973722103873035,15.674062756810802,14.353695405938769,14.324209325514087,13.533481127964382,12.247653832620996,11.980778931401302,10.721800536863448,9.972456157091921,10.222760118065699,8.739185374302203,9.26405721735135,7.776533402676935,7.817141156761097,6.847127412448025,5.179833993526522,4.2677662645362675,3.8010616320015713,3.5639072201053104,4.471995990247676,3.20032087953375,2.514495658765922,1.8369795702485852,0.06502917048424524,-0.0
2310,10.423580192309885,20.81359143840434,33.28896339262346,38.83878462742087,45.292563565321,50.127457367213054,52.27170105384066,56.37987471905295,55.207601315890756,56.50458845942621,60.536800108548555,62.12562523440014,61.88524177887135,63.27691823913595,63.83550458076736,67.32262621557204,68.07380891996195,68.01513644831743,71.69654441296599,71.35475696039332,71.56997155238643,69.2723104921084,68.83940084650324,70.59576137351189,69.4785386260936,68.46595955589689,65.95859905754304,65.5414789856361,66.35023310697773,67.5904011665026,68.09791465220309,67.5010116876097,68.09922884660628,66.856139035534,64.5855523322788,64.58117593570898,63.53935365618539,63.617913742575325,62.32399241157382,62.47794463751647,62.31712042606792,61.161355589093795,59.050316127492664,58.338476943530914,57.337337518687356,56.702392899029654,55.14266776496532,55.21483300274999,55.628042084805166,54.173054410183795,52.46047875949602,50.2048409800364,50.095730392891795,52.111556409388356,51.735644404278666,51.98545428216713,49.86188086256556,50.74175849684754,51.048041880116244,53.490575059602385,52.01997802685273,52.68885294120352,51.56794271014445,50.182276143963136,50.30113778886205,49.26031581371124,48.24717932792344,47.26064214023717,46.58410384860593,45.92762029679446,46.13864775584446,44.114614672628015,42.419703826348254,41.575371195562305,39.95199131204142,39.68194784945596,41.028230396493434,39.978973266801226,39.482595605626216,37.68883667797363,37.74590784724939,37.03511530505557,35.57266741936277,35.405663728705065,35.25067520732703,34.85290137169623,35.233161724856394,34.60221509029356,33.47892884254018,32.37833009320071,31.05510678586198,29.046469670106518,28.96871679163028,28.42692082950576,29.085738344400305,28.800803158936553,28.046368502977526,28.74579425701986,30.73319992730051,30.24058950732592,28.50742652717673,27.792409883350757,27.089696260657973,27.8765716203931,26.448661659130458,25.533907208329516,23.92200626639212,25.194166336241,23.35075863496496,22.724557029786464,22.34338406515421,21.735961885359004,20.9055610305461,19.859612203856127,19.05767365223542,18.943186330248516,17.71201289749946,17.60848185989564,15.973096561906845,14.811174283514088,14.293359261926216,14.622351007576066,14.54411836311702,14.477813347589908,13.122690490527882,13.714242563409345,15.065304903501499,14.121124013419438,13.655948637302929,12.504432919997207,12.282495601599749,11.839300325527828,10.493465075884505,10.285554272513377,9.635819001822949,8.993625792675019,9.036801763061654,7.730791733725974,8.245958679850244,6.9337305014900785,6.776653515937651,5.714788091070097,4.084148170185428,3.691126942314566,3.3002600616929083,2.9108579590143107,3.6878909059017966,2.591551903618418,1.9878995076561967,1.6755558582715526,0.06838256587085768,-0.0
2415,9.788801898186287,19.513057623153344,31.23532345711138,36.88425213346983,43.97445935796194,48.27603388859467,49.98062468793252,53.60836854097607,52.6617733708716,53.58890574983045,57.66125072122337,59.36314869289248,59.2838417683867,60.77764996405847,61.00082952434355,64.06205234411834,65.38240464951019,65.45650705947978,68.71133225385408,68.51096066338687,68.41667605169849,66.73991730888848,66.0275555171587,67.43787823240852,66.08106381566166,64.83621207743323,62.54824140562976,62.63989640900558,63.15699112835813,64.09028402682858,65.0632987203881,64.59654075766811,64.91420723343369,63.46550651147909,61.0413642558533,61.14354352910983,60.24891435220945,60.08591590563788,59.28516438546413,59.197448622294615,59.14246645444569,58.1315067839676,55.88071562002422,54.97735814012606,53.803290230706416,53.600799793344336,52.20001473827486,52.055350093171434,52.23679506578008,50.93980064994617,49.39471846001432,47.32884337786626,47.02436745093318,48.7396190108366,48.18057938492227,48.501966211296455,46.290754473347235,47.2060002726242,47.29615933466835,49.39934157917774,47.81172167695912,48.238424553410056,47.54922850840282,46.04646081369675,45.959810173686904,45.33739414083302,44.461979978218864,43.880556527099984,43.04890972850641,42.505527958993284,42.51187867268564,41.20657513133549,40.19295630208277,40.238741989892794,38.49176899211558,38.051182961658874,39.1585567489416,38.48342916014596,37.824741768312514,35.927547754423024,36.303522261027396,35.69267668050659,34.11304060955905,34.02326063961119,33.70075296920814,33.14657469094552,33.5789407260464,33.0455699691731,32.04024047032472,31.054981490880827,29.620622312998186,27.54031063439243,27.304260177781874,26.628481022102655,27.314064848425442,27.106879643281943,26.681192178388553,27.181919880689204,28.895936550801792,28.254725566930034,26.681759900476262,25.836986101331156,25.23613448802078,25.803993825109238,24.523395280011094,23.951386617883756,22.265780865398014,23.5231176787165,21.622289977471098,21.091503800634943,20.79058426811152,20.276694752626625,19.334095381656773,18.19530217968538,17.49934811778103,17.233037915077688,15.934341093365024,15.885195667102494,14.619953149866506,13.585703060693,13.150579499925296,13.308235899325007,13.282548950046685,13.06562499321161,11.665204440052062,12.247630658890847,13.313391606589331,12.49348532023153,11.896841409285358,10.68795680596617,10.51891383405949,9.94611048952523,8.782231350103343,8.621019142532493,8.070260923443408,7.723049774041935,7.583920099119567,6.455368863688753,6.9263130183976935,5.597571417552884,5.670431063934347,4.756430326144236,3.3513024473943687,2.8588591601510456,2.5300168313244984,2.7239054447726634,3.266880435152488,2.5334516452932325,1.7869211726551635,1.8678177633866933,0.07176205604795349,-0.0
2520,9.191413636687548,18.882096257021104,29.918812152448737,35.635793191648894,42.7419881123887,46.53932640562629,48.37167860445062,51.53735955838727,51.28126026904439,51.82937622492002,55.45472687649906,56.78235899028466,58.24162155710343,59.81319515302234,60.13475592994009,63.240796319594544,64.19444736026703,63.939015486695375,66.79700404665307,66.7156989340907,66.31718565164584,64.39303357877277,63.41936163012524,64.50789146225571,62.92955680824612,62.22478473166456,60.48914209024282,60.68148239847541,60.92269013979337,61.56978202112572,62.256478834758,61.55722244982373,61.61801822947721,60.33204797500063,58.10408755944446,58.30354867933041,57.21151935843173,56.82753694821182,56.481855275585815,56.49342585826348,56.85556050685154,55.654554188641896,53.57618571545213,52.48970783137026,51.448641684733744,51.04336210921588,49.7845341438291,49.731268577600844,49.991024796470676,48.82641765095555,47.42042863727066,45.78540146402878,45.56991224200614,47.03137579856691,46.84823642813569,46.961426039037995,45.171294854327634,45.86462599423823,46.304173622487916,48.429250200396545,46.687539746609346,47.18090091994718,46.31580156029154,44.935973848551924,44.66057729335385,43.868450021211785,43.09873958355362,42.35058183231097,41.62316101773722,41.43130276301258,41.25395146527443,40.065480305899825,38.90605925437723,38.771898944336876,37.16033417313701,36.562023236933925,37.45043216413689,36.87353841961965,36.3115894137771,34.318897101353926,34.748119946070965,34.47055032049355,32.78183606363601,32.52887591767083,32.053296999937444,31.589705826482152,32.07020323287976,31.39269726607705,30.498095402002463,29.393800551761725,27.867854004127647,25.952287343436776,25.573818531664745,24.99212330129747,25.701802690421026,25.565068028267984,25.004565929264825,25.538474921569524,27.225911346197417,26.907446598206885,25.245750110531116,24.503056855347253,23.99186976810242,24.372781438041844,23.216111534724096,22.73224024686083,21.18562816926532,22.227137976364887,20.691284125997196,20.456650158864097,20.230530091519658,19.798869134973025,18.95140040007681,17.91124095096902,17.299259933159796,16.90033694181287,16.10287158170853,16.124239195347798,15.140810927100581,14.373882288552961,13.814192747066997,14.250924706630999,14.308787345611215,13.967093228556424,12.62073244024148,13.098749417402823,14.055381304451977,13.099198258153955,12.37094896421648,11.034358123226832,10.73860413073391,10.245469273501257,8.963539519504833,8.679330285992146,8.20581979430321,7.737909513929748,7.873112603969834,6.6253558170599325,6.965458650255997,5.53661185248629,5.672833691604456,4.842966508849676,3.3444974035639325,3.419689584724401,3.1664599882509323,3.319572884911779,3.8421711105642595,2.9639296490020226,2.0738095803506265,2.0678703330565646,0.07516805032125119,-0.0
2625,9.193247179128978,18.875417155939257,29.280876625348558,34.46051606499684,41.013185721369915,44.90633918212522,46.335054064932955,50.10880446357467,49.995870055186074,50.18418594443319,53.859567694157,55.28598513408984,57.74728498645962,58.93927331109228,59.79707223109147,62.50964501160708,63.11159891788523,62.54100807373405,65.02349634637854,65.0564941756031,64.36965139938425,62.605539644634355,62.150079985411466,63.31454507901908,61.49047165407672,60.53228203449194,58.58210720610402,58.87037969762056,59.20440882406584,59.9321864487818,60.34817561732808,59.422238284712904,59.92122598077947,58.428115408505995,56.68559085195151,56.97002654630967,55.672954393369785,55.38844372679981,54.82530818913934,54.925113985006206,55.99080204775019,54.59107180329129,52.94728316658359,51.66605919037498,50.43624523245749,49.83198504654927,48.402672457181154,48.14895849210131,48.19997675110097,47.15452427658378,45.60064288120935,43.833739516983876,43.70410600175021,44.92304383593988,44.55853793691293,44.47956082497711,42.84256736245914,43.58395624900289,43.8197347445558,46.200517994792996,45.13451771931028,45.4218120242079,44.66347191042594,43.1466559114238,42.697922031232835,41.75528398763511,40.837951980677126,39.94491120417097,39.07520134145376,38.717373467852404,38.37409745563733,37.076553547193974,35.81217682873495,35.516190545975846,34.06774031306634,33.34057296687196,34.004863834364656,33.29882210557821,32.609124795702485,31.04019952522733,31.276569724579833,30.854754070262505,29.347372847020186,29.169602411456005,28.568883495575808,28.19536457849333,28.913008975930705,28.122627739007797,27.562257725344285,26.37831997325118,24.811419907263343,23.29188091645888,22.793619754860508,22.501488734879434,23.210991861635282,22.933275670345296,22.264148699313772,22.60298217928835,24.41423398003982,24.381834767828302,22.886859444377134,22.041388175893534,21.616113903912225,22.01837609863716,20.790555144287108,20.389957536246662,19.00595604063186,19.81362841487396,18.44331758079344,18.07500583207822,18.10634761637271,17.555343862585943,17.013002847956095,15.904840311362411,15.19572052198981,14.869547883415851,13.995432290462944,14.050051814409985,13.742690956240418,12.890398925041843,12.234003787194196,12.857897864849729,12.763602880693321,12.48837715671732,11.106592302707934,11.578201087489422,12.290906479058826,11.651848298351403,11.216866017493329,9.832272312030517,9.597300852316748,9.180970122124977,7.860866422088582,7.456638256894757,7.412776867098361,7.19948622628144,7.182277536209748,5.886515431004647,6.044212996348534,4.617806425674626,4.7530696707457345,4.037876325701439,3.0324567939405656,3.1351567572653325,3.1095916833679444,3.1221555699386063,3.431817294559917,2.660824018413135,1.6555677512887963,1.5791511792303785,0.07860096770279326,-0.0
2730,9.780432269196444,18.88556085326484,28.684361558844863,34.49502580973488,41.63779302765123,45.00057426570721,45.9646783374463,50.81615059163985,50.25659130708057,50.51081136158707,53.761272296497424,55.25568084123685,57.32142977785754,58.14716496736872,59.0917632313581,61.42769790202251,62.123477517088226,61.25042951597096,63.37644558321169,63.51942938260205,62.95480169986576,60.94634522835758,60.607086426872954,62.22478473166456,60.16469587459102,59.68536872549853,57.86174728940962,58.23330940471421,58.648837081499614,59.45078052183885,59.945640585187206,59.4573462035137,60.369267636419764,58.96738624595278,56.99111473162517,57.673707193316325,56.779657442450514,56.252766583772775,55.45506974359859,55.31988327653435,56.45206088703847,54.837391912624064,53.28933681429149,51.80377215880286,50.37691325286745,49.57277833331688,47.96408073990596,47.514594710433535,47.365945780690566,46.421089903874595,44.71089583730456,42.80155427324499,42.491776922675285,43.751137546579564,43.21280707253854,42.95355619738439,41.695293057945484,42.23490899605137,42.53739199539657,44.9225159942499,43.70445869124054,44.316379459911964,43.91070323196176,42.25041184926123,41.88624620882929,40.79122289898446,39.97038294864977,39.41507647643925,38.394564652762256,37.87641985802489,37.61212730325263,36.88765233221667,35.48346964829704,35.03142797379826,33.90947733280585,33.26288794726086,34.21214675915641,33.35768058588032,32.746423372134274,31.266036180434984,31.34666656334216,30.77933441786425,29.36342866224337,29.25417691553002,28.94099503117178,28.42537927855398,28.986110670550538,28.061334749324768,27.365551987277527,26.063044087986494,24.393286433238647,22.77781611710675,22.351390258577613,22.31730640021703,22.87607544792725,22.861891438918814,22.266387322355904,22.66222909261196,24.303019323646097,24.12865434004042,22.730360615942956,22.1659170044146,21.811740630556447,22.0718922133396,20.729065954554468,20.399266739100693,18.908539216656024,19.961319193838694,18.672776600676425,18.180109011084443,18.080904026390506,17.41012331025476,16.75019108380223,15.543874682002722,14.91136846153596,14.46912868175715,13.676675315878201,13.784679886372905,13.541908041120456,12.59045916111831,12.007159658025726,12.488740001176637,12.452433370513281,12.241958318575582,11.131029592684806,11.471983558156182,12.425916583302193,11.862455674502215,11.30642224736607,10.18922089646628,9.837485371277563,9.49188369525872,8.236144336598755,7.8984032715619765,7.929387611891144,7.791997394198347,7.667545296931106,6.241216229387842,6.480607420592065,5.091018394115757,5.318796097793169,4.655970252344203,3.4998357902343313,3.529544759022009,3.601236652652811,3.529969615802864,4.0041173580867975,3.0891614596453945,1.9228577760648058,1.7575326565922587,0.08206123722029576,-0.0
2835,9.793904746731839,18.911425260513916,29.9191325543071,35.71295096917172,42.29432626826169,45.13334755456071,46.158513089572466,51.047841333858564,51.047136935361046,52.2930372616838,55.11051969878558,56.64456431054672,59.207228071539504,59.62415092315454,60.61557664917269,63.00290048988214,63.74908328779595,62.51143705718724,64.28407712233677,65.3041516051446,64.79257679608558,62.44758597566485,62.54824140562976,64.22818123305889,61.848739559220604,61.068768052981405,59.663664953639895,59.748310326717586,59.88333953486415,60.40872491327157,61.31647932044414,60.8981300258914,62.217935595716895,60.54677724954199,58.31368397708599,59.06610031628067,57.92490359242126,57.47176569374752,56.437122143498044,56.068088535394644,57.57733257891468,55.73749551846902,54.5687009715212,52.863812138498616,51.22624212308961,50.498366131883024,48.69007883254324,48.040440961906256,47.6927582624454,46.56153102898201,44.681772038815915,42.61486934870224,42.1280016335731,43.43655897126071,42.97951886366636,42.796172642257496,41.379939668426346,41.73178622264483,41.850541178543956,44.00002744508284,42.63389782522639,43.0505453660116,42.729468404943255,41.43365301805624,41.14976194395907,40.15119159594617,39.17940318897151,38.7074344170712,37.54568967929573,37.109376104581756,36.91998440992652,36.281016117472525,34.97656915005866,34.60135164835837,33.34765668586564,32.56225670313981,33.33010635086874,32.345569173409295,31.8171608556857,30.444112769894378,30.372005964256125,29.673418461645007,28.573603395962586,28.529057645928855,28.494380240405288,28.469671828799072,28.875919071790175,27.8233437293143,27.204631600559527,25.988699238692856,24.408252711245996,22.876794307983523,22.515769636893495,22.5425221068669,22.963491397257002,23.011170461113732,22.291958440364642,23.33445609056047,24.8364682604612,24.525339778379028,23.20376416229877,22.50926398309872,22.424081327235132,22.550426161370837,21.28054968259379,20.821873603380542,19.212602822413892,20.32304518735174,18.915850351663636,18.301235119390434,18.26654259042929,17.666560709904335,17.076057305282003,15.75679454460578,15.372106780266716,14.813419558765334,13.908895555456233,13.898870024292716,13.719175456226674,12.661901888056486,12.143830567285239,12.681011202171984,12.526840926685676,12.380674474942547,11.166151756559135,11.381839595415723,12.185465785126429,11.887619414133272,11.214749330133907,10.365299987694042,9.897255078419416,9.43531093398086,8.262347279812426,7.814355111161566,7.723303692012854,7.645479912152741,7.583298303734835,6.073470729981051,6.177659766819246,4.732567795224935,4.987623530168919,4.402872287149715,3.192950360685676,3.094133541704888,3.012022820662959,3.3344036193955104,3.6022979454052284,2.7919991629579046,1.7484398407868107,1.626576886546541,0.08554929823892084,-0.0
2940,9.243141613619633,18.374320585158195,28.774164587521888,34.08331797237297,41.28175158430166,44.22293403600433,45.87562939982236,50.30395953767459,50.41692159866152,51.28523014601355,53.71436604317457,55.34584515489409,57.53694039992479,57.640096905726615,58.316092469781026,60.35635251206221,60.80818344444079,59.74942191630827,61.60330570941369,63.11865777911409,62.351292365526646,59.81671377267662,59.66622776018944,61.04719700464391,58.87037969762056,58.23330940471421,56.646203324654486,57.17799309012415,57.080639932141096,57.695706422823015,58.34764193563196,58.04959382598513,59.101093629001895,57.273663010894936,55.22805725970938,55.74174008410526,54.74560866207367,54.40791804380343,53.5083712302385,52.95140085481738,54.1984320284371,52.238108877699545,51.212782380779174,49.671436609077745,47.91733215110266,47.03855761602842,45.13709056388125,44.34354755717262,44.09753091534398,42.851774755029616,40.905249348673415,39.27365360575839,38.64957075160224,39.721043919333724,39.36598036879369,39.50723027870573,38.00389983657203,38.174142868143065,38.35851016454569,40.46091063331007,39.00548155947523,39.469842158819965,39.237866568394296,37.851993966896806,37.65344428576308,36.78040990831508,35.70579995788345,35.10439411689603,33.86038854190757,33.298221154162285,32.96745699882566,32.2205803035323,31.07133072029004,31.201557751303287,29.882822253325408,29.208726434731712,29.980970343376935,29.119439651315936,28.479696294819156,27.45570027498059,27.44248433229665,26.843477457588403,26.062670004270746,26.073924960990606,26.094423641014977,26.32137156342819,26.960000923401427,26.212992192257712,25.481255116742645,24.18619760378554,22.553822730123766,20.97752935565032,20.507605528845673,20.579411898688786,21.021689067516473,20.931568538924797,20.304709203092514,21.143009752656784,22.59376195303322,22.350525128667705,20.97229011998477,20.184569601662815,19.963442572290326,19.935727630915107,18.62603280906159,18.607206855137168,17.158659391276156,18.228102770226528,16.964398199733715,16.258945561952434,16.265409525367296,15.574809178744038,15.068787636033806,13.89295862559437,13.408277761865046,12.931080680106982,11.977874491034227,11.837538071550977,11.542526378188295,10.623216152463051,10.185038599848488,11.504554159947542,11.231025522430294,10.963049095997208,9.72010282032601,9.782083351836638,10.708447244249223,10.82085917460846,10.409450220646958,9.477033004054976,9.251427050638544,8.684040878734038,7.622320282477941,7.239689406607356,7.5343755082227855,7.691967436952524,7.695259890771841,6.257536876837482,6.250323681384072,4.874254122791351,5.1956380795844685,4.503113738984806,3.200908345586321,3.1561221569925033,3.1359301931889867,3.34483698056624,3.6895970537792615,2.745052144652752,2.016143843349484,1.8030918419332183,0.08906560079607607,-0.0
3045,8.720306470398626,18.431308339081646,29.444670531738357,34.203728297239465,40.87925029731536,43.89810594097807,46.14287556846601,50.11648069566717,50.3183448454875,50.803839048803304,53.304517072193576,54.57020652945573,57.274904961554775,57.04055792537858,57.8060122387063,59.91606368415113,60.45549419242661,59.49915602528305,61.42062004435939,62.61570059498035,61.949847209189414,59.167007471148345,59.11001078738627,60.92269013979337,58.50140993066501,57.613790826557,56.47349277905509,56.747027198267006,57.06497796231168,57.42473094709566,57.82405812717333,58.26106179593649,59.057135871594284,57.329640480805715,55.691937776965496,56.276607751008925,55.360975452298625,54.79785742205501,53.97973355803834,53.20765723661725,54.51830413896712,52.36210860933479,51.705125605274745,49.96896006824632,48.03122187650335,46.96699409211714,45.16112143550879,44.44740005742912,44.01878768127819,42.859064434338535,40.76037875509788,38.981235877026286,38.19953023932629,39.08239932802849,38.802661685970286,38.7742926848191,37.141892526901486,37.375029416584105,37.39299921466612,39.27552262387879,37.6988773701815,38.217129765765534,38.520332511411496,37.00538157397228,36.65256227222287,35.86836053681312,34.88617926060157,34.146735757779425,32.99961588540374,32.30359907545797,31.834649112407597,30.965360889456765,30.117824109028465,30.10038590809619,28.683335628074996,28.28767524240097,29.09584071553357,28.11992067330539,27.558072537083397,26.622369878425122,26.666607409654713,26.14153089383207,25.24936279056952,25.50609926870519,25.392320371168385,25.478051247189914,25.959783624245386,25.102426212301545,24.26338189056622,23.07240727875275,21.912670600684056,20.260620912978467,19.85648934150888,19.80421005911985,20.10719051875006,19.895788831644037,19.343679722827403,20.19920562057364,21.647100125899616,21.652701904431744,20.18959965401531,19.66044958498539,19.319559943480286,19.16538799608506,17.778439762236165,17.634930317434723,16.295890035663742,17.369206736749177,16.376030091591552,15.743776683271138,16.14553454311601,15.52207296219193,14.908982575012027,13.645106171640075,13.384610672997017,12.967096204974894,12.077848377772195,11.833237562184095,11.436435169782687,10.583434983504919,10.050643545504748,11.22849221511452,10.849855593781589,10.638088068469528,9.326517757019516,9.430509978664542,10.204660994444799,10.359135515467615,10.01175339963941,8.995250695999408,8.824280979529147,8.325843451387819,7.509189078980697,7.026387323162946,7.3606991997236975,7.566855307015584,7.445455819050391,6.105604892624388,6.326631985995812,4.858064952382397,5.058845507723234,4.272893141431401,3.067979308713239,2.917196224731132,2.93217570947945,3.17035266479224,3.7782696452388995,2.9269945106371167,2.3011853599303382,1.9871540294682029,0.09261060594987831,-0.0
3150,8.758259120526933,17.936017841081682,29.541459173971614,34.34861837661317,40.514068106262535,43.08676962782493,45.936051853504786,49.970544032723,50.7362650334032,50.82769806216385,53.39366005268817,54.292368461223106,56.6287239784022,56.49904027763674,56.94066746815482,59.123529423190455,59.35558852502242,58.52087265988623,60.90166874276992,61.78952547048814,60.85480876059808,57.85806800777709,58.25856164054416,60.13584206394583,57.49856560094563,56.38204349711971,55.35807872330159,55.391422040478744,55.79575439797344,55.91863291072219,56.08361774554178,56.604109937374005,57.158673871833074,55.261559836289706,53.462130183917935,54.12229069007764,53.03001714527533,52.284969607122456,51.58490254512478,50.644421138419744,51.71540398894211,49.45082565964134,48.63489297801179,47.32282700257385,45.281093134984175,44.341358944568555,42.436846353094616,41.58554727170356,41.01042938107733,39.98140191476192,38.05364618104208,36.20158442882363,35.97643479555406,36.666490453551916,36.24416680317549,36.06317058928932,34.5772022337341,34.86678602808637,34.733022199856386,36.36974181505237,34.72229331887105,35.27969911350219,35.414582677434225,34.0468559257813,33.56442001315252,32.67772113595939,31.609139481873125,30.975858618855348,30.158773597777053,29.363057582471015,28.979967818812863,28.0255252677395,27.47776716751359,27.325056793810603,26.04913407682531,25.730702420385345,26.35481736156715,25.492545108562886,24.833861393144247,24.00972122944732,24.100888711304197,23.479743997827125,22.520134818117235,22.62929989097184,22.570350038551744,22.69624392053968,23.190152541223224,22.439698960508558,21.530524575489512,20.471857191168443,19.27514497499353,17.635418315467223,17.303789887093426,17.294239052162315,17.450649036542533,17.616141975619595,16.98562781899318,17.811669955402472,19.18741201290867,19.06029957659125,17.75249493710254,17.3033199762759,16.86216964779504,16.756774646135106,15.68094990902129,15.74600114773946,14.855863992421629,16.068869508477174,15.335180165350799,14.938818437554115,15.203507521180788,14.817195670179085,14.273800521627733,12.94538966806979,12.738967867677342,12.381718720321095,11.418720586922745,11.37758492211025,11.038304327894007,10.256707205397833,9.638459696604231,10.661277614430974,10.186841911140244,9.871726770668051,8.6689431170965,8.656534104354542,9.263967021835724,9.442686038232969,8.992945609696191,7.929861337688182,7.954776808989333,7.370138646065292,6.50084232566596,5.942671989088471,6.110708481304603,6.151644906107448,6.052817632623761,5.039658153461319,5.402132660591042,3.964465902220949,3.9997903195607067,3.61034608948561,2.5545285166140763,2.5629280870662647,2.453813011327228,2.6712427305417696,3.0111763130631317,2.663340812420835,1.8910850650957167,1.5607080012183494,0.09618478614195708,-0.0
3255,8.80165763857943,17.464269179083875,29.658439763357997,33.959676128562656,39.64029080218378,42.32311026412441,44.76807685364488,49.371114256013556,49.7697868993018,49.984031146481556,52.62969181875008,54.06011275141431,56.897627304802256,56.42764273256772,56.95177273460113,59.20221260592853,59.51511107032831,58.38020372321404,60.44056925935407,61.030483895344034,60.204789978231794,56.98534607395938,57.473776910841586,59.76692300078855,57.246249602464616,55.892562287142695,55.29280335282419,56.052764741192114,56.20533637180578,56.08361774554178,56.00906417854451,56.290361271922826,56.608167039050315,54.82021537897273,53.12515047746219,53.56001627060091,52.85404459001161,52.19398186368437,51.29378864882289,50.44117516099461,51.57405791188106,49.13789384769366,48.13907868270537,46.65885828397546,44.47113350988098,43.37176429022105,41.58034407970289,40.576804945771585,40.32302352639654,39.14786130263574,37.101454158252125,35.1386987339773,34.76616797788524,35.50250483410034,35.157002678829315,34.828557696388266,33.44915972088876,33.79396552757203,33.726895795972986,35.168171821902796,33.42024516255031,33.81204681337008,33.79437323975138,32.33068752904085,31.92766894517045,31.134109370876835,29.965546300374445,29.611304661623635,28.686750028819688,27.977426280211645,27.475160005959083,26.42751486362497,25.95685275067193,25.864314252506944,24.692579814376437,24.43909899135911,25.092143479188564,24.13635912779625,23.38000728053838,22.469390339585154,22.43352413454348,22.062008168058043,21.02603563321742,21.177750990710187,21.169381792811812,21.337656285260678,22.031170557958667,21.18881182890969,20.365828135421243,19.561726701682883,18.295645419024556,16.765523022939924,16.339182828617066,16.37307448738423,16.720371715182218,17.081462029037933,16.515104374101824,17.365545531088085,18.587607896760165,18.51341304285937,17.129177278064255,16.74114021996161,16.201231389342635,15.986382079617652,14.995402050573782,15.102412420513094,14.28761897845115,15.345267673351836,14.526853205311184,14.034720075942857,14.171724113349482,14.00287343638007,13.369903683562235,11.997258504684893,12.13819594000959,11.687414224551624,10.662798984670637,10.661350913900831,10.232536505831028,9.528817857997664,8.978429256778117,9.839436239544993,9.427328695609102,9.021101201338976,8.062226893469688,8.225677463703812,8.699416752029073,9.062389838153651,8.672134483087383,7.687213852636408,7.755235538160192,7.38061200755363,6.569961678739197,5.923644645985834,5.990859531679063,5.927126367010506,5.72325176686737,4.792871819905234,5.18003203557091,3.834224245513224,3.7684395271337507,3.2955880127049193,2.2218007659466146,2.24686719112107,2.165838506346169,2.238381636381599,2.371388487022921,1.877109705170722,1.3683061958305687,1.4554332870586872,0.09978862557531124,-0.0
3360,8.318038995405502,17.56027572861902,29.20714647948373,33.052217731199285,38.811541980289036,41.095738956433244,43.658812559390036,48.33234744831224,48.85927177390976,49.19356656036648,51.481241630662,53.440518227922944,56.34905372385272,55.98485370932413,56.599628172243854,58.92079420530583,58.92851951253386,57.52278738162814,59.65366626119079,61.459877508427105,60.71416771719021,57.2285387632285,57.791613323742446,59.7988967453526,57.04180953601591,55.4558247298858,54.62558363890458,55.140998041106236,55.06327966651406,54.721786873093976,55.357270056103744,56.02623019524275,56.113890490980594,54.73032886219034,53.129037341393264,53.34358695070671,52.435264332051204,51.861425406927594,51.0488073046058,50.0064175527262,50.92348685592311,48.33533763103705,47.16757181964758,45.53553129369244,43.22146752223009,42.22194615211803,40.30600362804925,39.16518043129272,38.98877102818903,37.68709345808846,35.548472083126384,33.71415534203554,33.417895753678984,33.98346527284949,33.925273415233846,33.66967344457517,32.18511946286361,32.37573872403444,32.168052638135386,33.83148953563141,32.198482692196784,32.63984372829511,32.479203011248245,31.121182987870768,30.591646021306428,29.88259532218224,28.617701914532525,28.33234444153376,27.68196871770649,26.863883313793362,26.249440542471962,25.291486751332176,24.712205135218934,24.49870086677935,23.424005312878002,23.230840521329146,23.73627896003569,22.69846004902051,22.023615369791788,21.03527374795561,21.048410263191315,20.5774358002778,19.636547311584117,19.98754837396089,20.025991021672333,20.23425041096852,20.94822169120468,20.02188888125044,19.11886292012942,18.395218982481982,17.228256096037107,15.66095031623703,15.584469332183595,15.51335455061304,16.037331444659564,16.278829271336097,15.627782522983466,16.333388270711094,17.545449383932894,17.679487472968436,16.390652565675826,16.060735635579196,15.5835027356776,15.420087818450606,14.354962467901768,14.501071598244694,13.756592376216462,14.669746889647975,13.924076536252333,13.34272419154687,13.365496360136259,13.24479929633492,12.530982212027315,11.120903936469718,11.148694527677463,10.75872389791611,9.826572906221164,9.85925526217872,9.488028126575587,8.72394116345332,8.109842444939908,8.808439062377674,8.59017513939838,8.24077215802238,7.371972545906196,7.55643267036663,7.896112224534247,8.122877866876028,7.78967395501297,7.460927814679078,7.569668810063872,7.102958472157183,6.221037958772875,5.772906079819834,5.8799283480524025,5.8619090037180825,5.857632866082338,4.836932861532151,5.121508190528638,3.7125455810812156,3.823868356589909,3.400276648676273,2.246517393385538,2.3125311380952396,2.1506334325626018,2.266992581518677,2.4584750594164237,1.8603591283435073,1.4145974428534984,1.3589904427160793,0.10342262060797498,-0.0
3465,8.372399722545495,17.121627254111623,28.781654525357858,32.1861083777564,38.02453230590219,39.92519625640617,42.12570895304194,46.873117738162456,47.09251977640414,47.1454396581425,49.113673577945455,52.02410408689034,55.00914767964367,54.77456051012261,55.09901080163334,57.49719229600268,57.23624723271498,55.60646106362601,57.80941882656048,59.69340262634904,58.71620019464061,55.08137957264603,55.403785328734934,57.1315063721542,54.57095375327125,52.82267230541339,52.439380083392116,52.73283954244556,52.760388700827136,52.22697038367506,52.94358604711381,53.39218600940984,53.8732594407569,52.332213368317355,50.873104547827666,51.17242919433912,50.101590367222016,49.63446648655882,48.66305836646679,47.74076920481637,48.980801810187224,46.547797217072066,45.74703341983563,43.98140247436205,42.046050895710685,40.90310259180902,38.87523735431865,37.60909482277522,37.73266818168895,36.75392586010871,35.15905945629968,33.41470693739958,33.18331269132116,33.80166906957216,33.59574298343432,33.404555496110376,31.798320076407112,32.04507560844584,31.698639944491884,33.39240724440149,31.646470990901754,32.13866539284928,32.241220173608546,30.764325491634555,30.106908374705032,29.66021186667396,28.281814721013546,28.0567750472835,27.471729087491436,26.53836567072259,25.98809464705734,24.922381931773486,24.232368554818045,24.074980655618486,22.903805195854567,22.5975025235499,23.140562116945517,22.011787498064106,21.240814557425555,20.170419995866425,20.071181549064892,19.663122238770892,19.109029244900782,19.49782308889956,19.740614656277188,19.993195558555264,20.580576737765735,19.562143882194814,18.571525878461163,17.760084138369002,16.671690119824067,15.191447165878326,15.017863803711535,14.99040512414949,15.541369285755827,16.114313835206815,15.5191420852352,16.260023379891702,17.346216113426745,17.368296455856164,16.30600003849485,15.876006323326719,15.453708007070928,15.491384066129374,14.336067013663953,14.5271563875615,13.691505971535,14.638554096914238,13.949842626981795,13.421957812284855,13.49262777343582,13.572364004595482,13.206727554785422,11.681342743956304,11.617944166025143,11.132630711295324,10.10559262602032,10.048570760580228,9.72373627780436,8.87218805107403,8.175341134386258,8.912224382964906,8.740235026836757,8.303269980982957,7.355995937944295,7.579803157447103,7.823822792072866,8.090820717154566,7.807731720180735,7.528962667690968,7.685970670316286,7.126861046598023,6.299366448284419,5.89978864109888,5.91592181123023,5.8028592529247724,5.698218536263808,4.883361987030671,5.216624922307412,3.854534502989524,3.8808200110030375,3.5063268988880356,2.3849893630112806,2.631436356350789,2.393635708555192,2.44120874517809,2.546604849717574,2.011106848558281,1.4613370012495706,1.2703258302601486,0.10708728016329337,-0.0
3570,7.9162441180468015,17.238904073362253,28.38022668749483,32.421543327314836,38.847593290632275,40.782245408505894,42.54765051528105,47.35736602561371,48.09361979362402,47.7568190420635,50.2138144808158,53.185031593929004,56.232550206823,55.641355821574734,56.425901025960904,58.888061217572904,58.6795674872886,56.722720183822844,58.99259289642782,61.31404023880595,60.02549521973349,56.094562862524306,56.48264334064004,57.9393965353335,55.12336070080649,53.76848311658244,53.138639597185325,53.19191287220847,52.98637707361734,52.23064351827029,53.31570046260605,53.53763868667421,53.794988859304695,52.63211501977847,51.536126348662904,51.90354360970011,50.62548937040111,49.95585916898645,49.32866624488614,48.47553383452028,49.780728222413195,47.15708048107422,46.170030936649724,44.230624238286275,42.856959910108735,41.7761301763038,39.57533372973427,38.14441587754374,38.32880442122944,37.41212711513491,35.66145469878359,33.77026063847123,33.80628140180165,34.48241173111398,34.125987948179734,33.78655167889129,32.24427336332635,32.749796541573744,32.25922498594473,33.80373080276458,32.121967793201726,32.87183477925844,33.03260928575846,31.412745881632482,30.617800033814863,30.0363820270376,28.53170994677503,28.36302549622601,27.651827889336992,26.77884481383449,26.106908534553813,24.92805454216702,24.296758526306352,24.021370704605328,22.747822803217755,22.49558889360273,22.914683380293553,21.690100959846774,21.14159863197618,20.13281411557824,20.08239373127804,19.570815197638378,18.917825103535343,19.19273444804816,19.32239462274732,19.459920067400343,20.239207432008225,19.287989743613206,18.514860406100755,18.062347451517955,16.875420952909206,15.445917814394491,15.176924899995344,15.05352893345079,15.644259581947663,16.406482067485918,15.859137606419672,16.498428961188008,17.474559003889947,17.54623955834937,16.38671940672032,16.159705093359186,15.938599204331164,16.027908167689315,14.766616143358311,14.859480426311606,13.926156605437242,14.920352793807275,14.28204917798905,13.803215847287497,13.775640073908182,13.755266015039059,13.29128332419025,11.682979571984303,11.524282829917652,11.090201448502214,9.98601296755406,9.97149057669048,9.560241696963548,8.765592306545306,7.995831429557673,8.623170712856744,8.626448736838238,8.107521803901928,7.220804590704974,7.3505691250650145,7.625943643885093,7.926605055102356,7.5541121498571115,7.186467377407784,7.235257883760289,6.599910717458932,5.848230752886808,5.3726214951123845,5.285144914383658,5.204799671594671,5.132748300189189,4.400385345001133,4.598092690154589,3.6145427727979276,3.540999986922767,3.216231111108395,2.083400940799682,2.3251820313975973,2.0053469013412695,2.054211460554919,2.151732445001773,1.994386319492877,1.5085462845598403,1.4150155964987705,0.11078312615765563,-0.0
3675,7.979632636761581,16.829168749922854,28.001298947560702,31.612693338469548,37.594466698945624,39.67887935627867,41.574992644849075,46.4575414093313,46.86877706265671,46.25207384587702,48.388082881370686,51.85824911671641,54.57056416592651,54.12489412942564,54.630891142285165,56.784283916357104,56.336342835556955,55.28910585483797,57.26549074362787,59.29253745965998,57.798395629462334,54.41728961965072,55.56978069464827,57.09903498919222,54.413692912738675,53.164460032893984,52.31987545742039,52.15522422879868,51.74201195640423,50.796187640092384,51.65562824364485,51.96320371078486,52.016170607080774,50.68910868025896,49.43492953791602,49.8809604577711,48.724885850594255,48.157885785728,47.629889688271334,46.62120043223372,47.71259110329215,44.996202763346226,44.11996512256916,42.07829082133253,40.82634866356608,39.85492472272738,37.57344017443139,36.04461216213414,36.292011065729056,35.69100265773652,33.854884289874654,32.09424872456942,31.99107528715076,32.908647061785054,32.62627422293691,32.159447232071415,30.53614953307806,30.888661546597938,30.284462876501077,31.82663559670112,30.08018229818392,30.664893550431717,30.685215578488407,29.19896866279724,28.313115104615214,27.815853842606824,26.438454124750187,26.154646847011538,25.358177478517437,24.412833382354762,23.82906941357248,22.601576353799,21.894353491088356,21.843499549871726,20.846911560528607,20.81064408000713,21.096576920244452,19.82729198108822,19.353058743310797,18.294999344117336,18.28940548660424,17.703068977135157,16.987492815485076,17.428921129690465,17.445658483295354,17.46849993633676,18.08805656554046,17.532934878060786,16.989705232588708,16.601348743965325,15.51720319429377,14.33567174503556,13.983987679477437,13.90340667985672,14.50081516687207,15.12293128863848,14.64178772496361,15.28586672295345,16.400686948282967,16.360481407447864,15.586228501872299,15.408690273182874,15.090810493131825,15.21717656960533,14.186357557702244,14.317501584763683,13.313177233236727,14.314020033038826,13.737911688672702,13.315247398773312,13.475295490846356,13.352597293025665,12.943612616365005,11.28026757449693,11.029416600469737,10.513962678215227,9.488878407868544,9.510329259772494,9.021900223064133,8.17155614328297,7.470088647687051,7.975424214536997,7.884096485760609,7.3029745709936105,6.502392277528582,6.889895982264724,7.3119000990846805,7.639081009913084,7.315864906157642,6.865287117402895,6.814649441355961,6.111639840960642,5.307571297512068,4.888235346505218,4.832171371507244,4.908953833947539,4.872662631215304,4.079946530672028,4.1673913524321256,3.510421522112035,3.3505432319418555,2.949131595146716,1.909680797962999,2.049334516970516,1.6672750884101886,1.7166690895857009,1.676209183791372,1.3886226073662271,1.08877503218538,1.3266783721786715,-0.0,-0.0
3780,7.54778675360433,16.965372561993608,28.207992249257778,31.88478597062476,37.41671507493729,40.0833505160789,42.044299245116186,46.99473951770642,47.91722160768853,47.33992524214744,49.11564203907065,52.23877917875671,55.43378910018974,55.049281143731115,55.22848902399819,57.45181994062094,56.698522046569025,55.730841784387614,57.77760724483603,59.513599519212434,57.755655168868245,54.14576297982598,55.041734216075035,56.64205263971352,54.07076438874372,52.60633555017469,51.8557669142265,51.47549390582584,51.151014568556946,50.009880677999206,51.22695045580856,51.32335711836498,51.17242919433912,50.22381316433544,49.061107812674976,49.577051339792256,48.77395885084236,48.01832396847985,47.82693487004535,46.63663311748027,47.53198639799433,44.66458671098067,43.86787296916205,41.916195410973785,40.51085814005433,39.616786110517374,37.204747095166965,35.97380049360289,36.495423197020756,35.744821211384746,34.396554473349305,32.49174974854228,32.24505610707419,33.013386583042596,32.590657418924096,32.18562631534512,30.632174323268707,30.845001188127647,30.30242280054981,31.887338596718514,30.400416205580036,31.038442126293383,31.30660084046347,30.249837157828203,29.224364051507056,28.59389878746801,27.083983287826854,27.029047901631184,26.10371073537533,25.204179307367905,24.66703422517579,23.313878804525505,22.489142804445862,22.32570350779328,21.217973389207618,21.229453111828484,21.72265127579096,20.339391162145358,19.910400644130316,18.744539275790807,18.933408205923786,18.388086817120552,17.855198317609926,18.203646583271286,18.267568637354444,18.19049622826134,18.865171936398273,18.351274253649766,17.70121836959899,17.35553020469325,16.444103004146047,15.145969261840937,14.697353922302995,14.525398651450287,15.314674258571278,15.853997388185338,15.272369001900906,15.972225926386772,17.001505125898863,16.860986902893462,16.131116120313994,16.001708912309372,16.175749319782927,16.20939309357555,15.206217099706494,15.246940674027146,14.126898602695336,15.053071300792773,14.372691114716945,13.850171590100159,13.916350568355428,13.696551044758865,13.1903251209223,11.572349474740868,11.367020799871767,10.760491038611024,9.905306710245387,9.84276438125908,9.266860405113194,8.332202023196075,7.670008226138247,8.095607665271467,7.921779406970636,7.384395871687194,6.625242924328875,7.053413224982489,7.52028940965653,7.7623038729546465,7.4849826294620625,6.9483265581180005,6.9426940661951955,6.284199196164206,5.397252680070564,4.900544601077026,4.764246854732164,4.877565208754347,4.754638230862471,4.016618174357939,4.015601251437776,3.2961931161596065,3.1722131687679904,2.816929721908018,1.7495204780032603,2.006982142164901,1.5633763996748895,1.5272405372913624,1.6275579867035357,1.5169302421924709,1.131821503756754,1.4721961484884756,-0.0,-0.0
3885,7.134817122135583,16.05985297436213,27.305432864036153,30.608628407441174,36.24359991770373,38.56547266427149,40.216188298974224,44.78837483165899,45.448019623322004,45.4969377691767,46.98452352996466,49.78879993181885,52.66321013244479,52.45669656060152,52.7860332127899,54.72157061463763,53.772511345478534,52.979758703858245,54.75312013304374,56.92595343906952,55.003156245555715,51.62422799130629,52.61307872156405,54.28452671068941,51.892695844526294,50.87399872575366,49.941633016525024,49.3773765749466,48.87315694325036,47.582947291889376,49.14054912821737,49.606270273758675,49.54759290777685,48.43598022360937,47.3882171960945,47.7113393137036,46.75363882087323,45.84769495541661,45.745774963276084,44.424046464366974,45.373153560566266,42.91304190718868,41.97716080120908,39.928233958263284,38.64092906136878,38.06736899021517,35.79067145301464,34.65926239819031,35.44261219997408,34.565042121109094,33.11078377956002,31.12392224017909,30.751440585672622,31.55602892709284,31.013425162643422,30.490611194095425,29.051152062469903,29.12863021381325,28.480423766021556,29.873687763237907,28.323700400421917,29.174498614698816,29.30420602741961,28.167121955715526,27.06536065396855,26.868630272849106,25.301560239936464,25.13068578224928,24.132010577119566,23.325597623384425,22.70176525659407,21.464953847109957,20.575028375308566,20.31335813052742,19.165077438347076,19.071482255715942,19.576561436849637,18.177325178479567,17.675213037973794,16.76785389952309,16.844513464636798,16.23833744853088,15.781209870849777,16.005771127020118,16.23850282846661,16.066785976851776,16.729927873806687,16.289054363262018,15.584758443772222,15.165154428544417,14.35888222362477,13.196122285353615,12.691015793088225,12.440988622047792,13.064732231893148,13.585673350736718,13.085257477338175,13.622267830849514,14.452821195308388,14.354321717160142,13.72030157675865,13.900529800524238,13.953325780071824,13.875604570482494,12.85752250315342,12.78676607043541,11.93271751566625,12.931449363522328,12.204539683675772,11.755871663171755,11.840035419451416,11.532216838609985,11.361550478416584,9.911973506089781,9.87305949737889,9.21957497103767,8.464777704799255,8.311423465523333,7.697619022940475,6.881589467662785,6.309376415904509,6.703982942569611,6.676071312038162,6.210577351830325,5.443543339544935,5.730664878933355,6.26966416796168,6.5014165074288925,6.388060032919932,6.158237977860962,6.175687375605442,5.5887162929512,4.902798607588714,4.351863978391987,4.246489214401889,4.372975147200123,4.163830451987498,3.506234408644763,3.5226285624629017,2.77751070183988,2.677928609390171,2.269546984707421,1.4356633912750245,1.765571508507966,1.374555767216933,1.355722228915036,1.3522618693658481,1.2553049021033895,1.0391679999998342,1.6249980985258896,-0.0,-0.0
3990,7.208469103182559,15.698180751667486,26.98606120393579,29.8882248842536,35.61438196141546,38.05332580508515,40.268962095536494,44.91634499350128,45.22540470249841,44.95982033915171,46.14036728101637,48.629318791093915,51.58454218471221,51.11765842205669,51.93615250717059,53.95422280275195,53.118732990077255,52.432189830522546,54.281267643105714,56.52532903306677,54.37334401834781,50.80355007908168,51.55440658478185,53.29430536918484,50.7250865055096,49.815571926108184,48.69627735731124,48.23155398458205,47.54224523795118,46.63835484897239,47.97694470906372,48.244208206491805,48.00092597142188,46.73430661416587,46.3159837993997,46.711759840976434,45.84769495541661,44.78140458317406,44.50865544733478,43.047147491096,43.8073368965643,41.48291140130628,40.41178236685148,38.265259438354356,37.08497028100597,36.59601527603135,34.447895952094576,33.20750386593409,34.03260050522442,33.04180668546094,31.49835750715778,29.449146228447628,29.33635298240894,29.985819927442073,29.334017922116356,28.704509663497856,27.37735666231945,27.32979361562184,26.76309713747202,27.978144689139,26.373246094049065,27.241598435145054,27.244217115676612,26.040106002475,25.211935223732198,24.907671780859122,23.46424817010072,23.189122869677735,22.287816627044712,21.413034488191347,20.867597293894175,19.88767355263347,19.083783554912028,18.732994229079484,17.54437912282209,17.496786137906806,17.875427422346824,16.593735298133197,16.158368925679753,15.208503615933083,15.187623400618188,14.912365513378294,14.643709185141136,14.89478929801623,15.28563441011064,15.027695025703814,15.700301968690114,15.315910085681443,14.67790304629746,14.183466213070721,13.323393092399083,12.13137270203481,11.5687041533157,11.24904658885213,11.866435766099855,12.267293347630329,11.829393716311442,12.242581366676383,13.052308942854566,12.992322685574287,12.429143056357518,12.630586388424403,12.712670256757903,12.672012957645611,11.744068274374186,11.835033247421203,11.179276974837464,12.039345415892823,11.253897127271767,10.860396827831783,10.846402223774948,10.586552282841515,10.456109013831558,8.99800506895905,8.872232479566266,8.17517773794387,7.500146356003384,7.273241268324396,6.836342825995346,6.002774225925805,5.402601995755547,5.780435748859295,5.673269079776726,5.172832379502479,4.413524375010799,4.774699604160222,5.272748940924554,5.49708821271609,5.3030986246181095,5.00520289114602,5.031302283108487,4.525285131535826,3.9342873350937313,3.4632123070743477,3.2844355561379714,3.298348183461411,3.320621205267334,3.0469122115841123,3.077846094834234,2.5080599909480887,2.534377602648051,2.072382173052131,1.2360993971702314,1.4606898364420056,1.1244270033031647,1.1131463139169835,1.113739946289671,0.9283949041151538,0.632040147262922,1.3021399777194946,-0.0,-0.0
4095,7.285562625684414,16.372827226365747,28.35355783878353,31.753376715793333,37.01805530396821,39.95950638875605,42.1837974619116,46.43643173675946,46.76533471483817,46.102456891462204,47.74083780227945,49.88989767996629,52.51818679581046,52.10921416880502,52.99080642586119,54.70593417696467,53.57705761200929,52.964874664035946,55.2340117062389,57.201751866019414,55.455149940421464,51.61250485010452,52.43096657138216,54.24083329889194,52.03450088141885,50.879069365374804,50.40194069885916,49.98629499791632,49.059866639435455,48.20394061191747,49.61184814611787,49.662615786720735,49.476355164494706,47.991145360062056,47.892633297575436,48.34982025501823,47.27643368849369,46.51229403186789,46.29250193600786,44.62298276847957,45.44844964561193,42.91619218344953,41.89095702918088,39.775883173065445,38.41477733689215,37.75801385137635,35.43608919609664,34.036641049777266,34.715017721207516,33.77680864536388,32.08550487663832,30.085017097492894,29.836485799361114,30.350824125582953,29.567544659119093,28.810561060577726,27.36573742884542,27.1939752608507,26.510983341037708,27.585939213429548,26.228143986391014,27.13854031352203,27.192746515235253,25.88008687305521,25.27828170501515,24.85932770525016,23.316565644932613,22.93310769682119,22.09117739360658,21.27352755262273,20.629241262134116,19.56105101193695,18.670963956042353,18.369652000364667,17.107749144690338,16.965954652694258,17.23909653162059,15.900212379954532,15.516925854889736,14.632915022746479,14.524010060693485,14.294555578349748,14.070940867606367,14.351883265870628,14.641877856809494,14.429255352243052,15.120106543463915,14.65579285825143,13.949050770627206,13.50799095203377,12.712499221228862,11.479416444084022,10.858571330765438,10.473671557760287,11.094507092340185,11.510309462138826,11.008652985864373,11.670469484700789,12.487905773580128,12.465350178916783,11.833118184418884,11.939453512802396,11.92914207426537,12.048281378752884,11.067301769622066,11.066707790894286,10.590412693466206,11.32805330626404,10.607954220479384,10.262843104224775,10.161855080167872,9.945060382292384,9.732336900303872,8.373421566774459,8.171506759792127,7.432199019652899,6.925594466058613,6.736534850723069,6.247366583792942,5.675375235748013,5.12426555924418,5.514207469111989,5.437742391991603,5.170128683972599,4.356959306935263,4.74084163071489,5.162288710480781,5.4131585726421125,5.360983317715709,5.205644091431546,5.2716572454657,5.013068702594347,4.3316555606646485,3.8792278327797685,3.6339265795598035,3.5901330450195585,3.656686379051647,3.3105888131398102,3.2802726301870844,2.6339813780116423,2.5972921701942195,2.071444515464502,1.1936404510481635,1.5199988368653805,1.1278791721212926,1.06005279965667,1.0836273949938273,0.8360389794319705,0.574970383469265,1.0320375279371983,-0.0,-0.0
4200,7.366102249001477,16.54185272100525,28.620295053692857,32.09198033904386,36.92674224756973,39.479143741746476,41.35195621130208,45.24319417956303,45.28889061544661,44.793540758731304,46.94531444842729,49.18715637463104,52.29268736051409,51.98105395087767,52.57579954118696,54.006282554345916,52.63637780122682,52.13643588231638,54.47827327362006,56.17816414647379,54.55608931503858,51.174282891285905,51.75785148404527,53.32307059618083,51.23770732076495,50.47970176543202,50.087786831617024,49.754422706475864,48.63200075675654,47.588284925160735,48.78364477882703,48.91425086820417,49.34822918607381,47.9464432982742,48.18133567463837,48.44416163917647,47.445654190034496,46.50106623901665,46.60075392414727,44.75854572193265,45.402370884162465,42.7194695052775,41.538995675636016,39.28954242620231,37.793193593062675,37.2101880091266,35.19005436200494,34.2699818345736,35.00311641725949,33.923473410984876,32.29637564451314,30.357520974079037,30.35003901441019,31.29623436105196,30.371397528121364,29.477701216904165,27.89935051622453,27.954468452589573,27.3165826417757,28.449961344640613,26.957294996209615,27.748346064745302,27.67868102753078,26.244063794259468,25.691966062224015,25.32180045152465,23.823875837913363,23.486496796204577,22.687389829498073,21.757250333695072,21.307112577203196,20.27369251734431,19.27341673178294,18.87019866080806,17.50499038387973,17.40422443754919,17.583139771191128,16.149518212850477,15.67609671720985,14.833071979219564,14.637205259761954,14.322414870169787,14.014861415212303,14.206352451356622,14.404854786624798,14.10889316100783,14.824112555395105,14.406458820190116,13.62596717022268,13.10920469358196,12.60432968139359,11.308826069576467,10.731370407696996,10.385028817837021,11.03194632862781,11.47819116500497,10.903474299394817,11.47514156159446,12.193595817880675,12.086440482108575,11.386759001135,11.405577847836229,11.310458876390115,11.338763959233443,10.314896447827717,10.23011745239491,9.92058879072915,10.65848030980137,9.999477798094956,9.699432071023564,9.518704229536576,9.22753715217997,8.941087003408988,7.788418083238298,7.518428177315052,6.744274626367512,6.292169749265326,6.137957013614923,5.607292007281401,5.184624501856334,4.6013084475534605,4.986538685542631,5.028174402262265,4.797355722448108,4.131696999973033,4.525742649658182,5.057732821693102,5.2311565974325624,5.314844240773918,5.194437360079926,5.185234504000884,5.0728857876101445,4.323944721745461,3.8087665188429316,3.5006613356326213,3.3878076679522025,3.477242582637431,3.071484340930567,3.066038677905516,2.4734375474244397,2.3658884033784915,1.8918682795828021,1.0864796119443316,1.409604204670222,1.0560075173380545,0.9331761500919822,0.9670580473460343,0.8383371872056535,0.5225339872567147,0.8073825205904719,-0.0,-0.0
4305,7.450104126455352,16.200528349689826,27.776058753017768,31.404826137291536,36.85483798504507,39.984502198092656,41.92586974874342,45.893645543838716,46.00056492352302,45.15396687769321,47.78440686774009,50.49451951711103,53.673780559953826,53.023615744205024,54.05551607784196,55.91968498665402,54.573109036596755,54.108323470883704,56.17554640198316,57.597790010130566,55.68681401730386,52.030921993798295,52.996130017866136,54.31757869606288,51.984997645587775,50.996293205141285,50.67364841109917,50.1221004283563,49.07142348402377,47.82386665649676,48.812419990840134,48.74441483280453,48.980801810187224,47.40550044557651,47.453701732065106,47.78890161425826,46.87751856839813,45.76876929903996,45.693963896964995,43.95396317501772,44.42014845617305,41.624103378266625,40.5363574369367,38.17852622847964,36.56763368594365,36.48349580022025,34.355356967595995,33.513687179578106,34.09369346999657,32.89975631549056,31.17785251184704,29.161248906860347,29.211129671139968,30.005306613695165,29.163420911606078,28.172154568409088,26.523505535935083,26.63055538508844,26.06574521976745,27.217618790623217,25.653967022771848,26.30247301181315,26.11885809070973,24.624680173061666,23.98348167062942,23.678070113877574,22.136223404643214,21.86066150614651,21.292641039152002,20.297463273100284,20.056015964910298,19.10545585998909,18.04683726009904,17.564850283133193,16.16928304775328,16.24237822866897,16.452524159195278,15.243347772663022,14.824745531733337,14.04881027207565,13.77492932967988,13.38837991497198,13.128325344393682,13.227563728180783,13.33205547982307,12.96592367690532,13.678800129357608,13.315702886644088,12.489675423326545,12.032281489319546,11.698191807757508,10.387620179227497,9.86945633785014,9.569584294131774,10.106844931654148,10.558913089198095,10.150371185829643,10.726804393849799,11.446153393128574,11.491842593227101,10.735454365146767,10.785178031305314,10.611433987601762,10.669855803442633,9.608491806739288,9.556950700071488,9.1820402596568,9.800528834508716,9.204525834689825,9.057435841451479,8.804442047368855,8.773654175759939,8.527480889996712,7.442884368015727,7.21022204090466,6.487717863390387,5.982060898938508,5.766213269714734,5.371787068279189,4.987372747850417,4.528743243069968,4.845366683261922,4.822447195160146,4.623797074071698,4.0845724624001765,4.410538306388017,4.958639949534381,5.058323821431128,5.168874061181219,4.977959279942539,4.997750819367137,4.918337132443919,4.217545642552911,3.9369209732754755,3.6597743764299873,3.482770211993501,3.5065983078682716,3.1343872003846593,3.0623807456752927,2.4125335178469336,2.3343081059892974,1.8087188781528152,1.0499313849177523,1.3858798928981968,1.0605103764982469,0.8886221629468001,0.8609941836316035,0.8408116282267912,0.47434515532817106,0.7578389723625609,-0.0,-0.0
4410,7.062634403183994,15.871692778100588,26.960407527254553,30.743080601371037,35.80231773724774,38.59395632400225,40.68994352510413,44.76225485359942,45.018961011452966,43.91673167454859,47.042889661937664,49.842152341925065,52.71101105502741,52.18696227581831,52.94796612798045,54.903045990176494,53.68395827105162,53.32924136522184,55.47429830683955,56.638368308256595,54.52240559871459,52.27839375669342,53.94722708384821,55.02460853279639,52.454117637990784,51.24148822631199,50.702848704778184,50.228602786446565,48.97717969333203,47.54038330727913,48.59588730073676,48.33533763103705,48.644799566914756,46.898932996192556,46.765199458947684,46.91742146754211,45.846180570627595,44.8312566128109,45.07368679790675,43.18991675293761,43.48443787370107,40.57879102120674,39.58020003363328,37.33141634397856,35.60479241196465,35.792838435855245,33.75962810700055,32.79366748861167,33.423365378072866,32.694837470142694,30.85712815097339,28.918437228639284,28.840811494369554,29.496846376521113,28.543497999381483,27.62273253295901,25.884571544544844,25.87257987780182,25.37059128482117,26.54998775719305,24.903273945434968,25.58766615300647,25.29337784621032,23.724000644964388,23.14724934959519,22.741633851673008,21.288457122474167,21.06544239204382,20.410383860120675,19.63011088784019,19.295448941514486,18.41257549491173,17.288384446110612,16.728471325979996,15.416607651044007,15.398841996927636,15.639558184257595,14.50790074296618,14.018483115404338,13.42324776154425,13.076012642772646,12.622162444886214,12.29209853443694,12.30677409994733,12.5539147405697,12.12186090389231,12.721766710162507,12.407835078301659,11.6504654344453,11.24441546419867,10.847391617495276,9.730067335525593,9.162727505927503,9.002884147695188,9.547987282625439,9.908034324144085,9.545439833929677,10.23630081448227,10.852579144962299,10.816050130229003,10.011840552618173,10.198479406067262,9.952515553435271,10.038590794147229,8.944769960839944,9.028776456805593,8.593293650138936,9.106649087198235,8.462002392979787,8.245493728244522,8.032649162570626,7.925989419088543,7.617570115735307,6.53534134550658,6.4354562115206795,5.7841729006158475,5.24766227095855,4.982569122643826,4.557809853274835,4.147579674444702,3.752235948487225,4.209454919397104,4.205488830406503,4.121994665934908,3.7174289639246956,3.960668420031246,4.402813773612255,4.42229236664862,4.447515847559099,4.289527692801405,4.420319925972001,4.365443112890754,3.7350261141682037,3.4022146547348324,3.16431314825418,2.9292080559052134,2.962151656896505,2.6393820618625856,2.585646734739647,1.9347812827970352,1.8722280225419485,1.4232356058902105,0.7869733751120205,1.068903441375068,0.7384878221815389,0.5988704730303471,0.5679904491625791,0.6042467122727851,0.36496194822569045,0.47094373250182964,-0.0,-0.0
4515,7.151458181344634,16.06117714381441,27.26181495883657,31.122604035217616,35.76949175439381,38.186517530234006,40.39352494994413,44.55791435725895,44.91899982638642,43.91764184796211,47.12638682256169,49.61473810193758,52.17770607298017,51.763624579104146,52.987654469715686,54.65814133107546,53.18669485678615,52.58895462155754,54.81122381389932,56.06114839580513,53.73228807782855,51.29531608132268,52.726051179883314,53.88513683460861,51.44697265095562,50.34169043582678,50.18330489229531,49.79488522131764,48.35897615530357,46.75032127319366,47.871905831945945,47.43003840497343,47.553646981708695,45.91602093767173,45.61093693497079,45.589807561228945,44.37419976289965,43.45869920109522,43.53463558619978,41.76924177956205,41.901243054988875,39.359044420466866,38.23358483959994,36.313589949535064,34.888934678216714,35.33997929967182,33.39135502144917,32.300619015364106,32.97976866536932,32.12654850288855,30.372790163819456,28.515902770684555,28.315084950084497,28.83613652657831,27.77860820137338,26.75822312279654,24.946250136402845,24.821751797861307,24.383735601878282,25.747729652770122,24.02726486195867,24.74402662010082,24.345541564831173,22.86496193015973,22.34956145390929,21.849094126132307,20.4802801811666,20.307167952496638,19.570009040449587,18.854223577037,18.43282056983365,17.617533621283336,16.436499881745544,15.933461155668278,14.823368511289516,14.966050374947038,15.114548013231257,14.16686955271058,13.722603297079925,13.289232498273147,13.096484538511586,12.566691057897547,12.273852594064847,12.210458251087513,12.489212937442701,11.983932319606174,12.496082714211937,12.334823165361342,11.61900295777646,11.468621180265202,11.10430253000092,9.910499272279061,9.472917433963852,9.24363997502367,9.722163667376224,10.011213711761279,9.68154707872752,10.298688565459871,10.835877449625055,10.723009365863053,9.961181148187471,10.179262886577714,9.968841407683081,10.088418152441744,9.03231572252386,9.04437790820193,8.541306090492675,8.975520325764595,8.26954338853544,8.08747799589401,7.908707416448136,7.733160857081469,7.361257886840065,6.334317288724751,6.356471806443554,5.830881885257747,5.23752393987072,4.917086679780739,4.523057172523774,4.064333772753808,3.6984519483480067,4.252851694142019,4.193423194056201,4.136082701622868,3.6803330459036365,3.8635800812771235,4.234325337227938,4.278158424526531,4.420793711172593,4.293302795726422,4.357313734609198,4.33269195748752,3.738196918334394,3.5268038560515036,3.3176130667143133,3.201099666456344,3.179946767414086,2.7910555608601557,2.7711743326534033,2.1291650269348046,2.0995498350298467,1.577561020001079,0.98169066787866,1.2651997074822805,0.8658031062146294,0.680630907718594,0.6131362029244892,0.7610880327862399,0.456858757685466,0.5456039839736266,-0.0,-0.0
4620,6.780248001267381,15.749540432602602,26.481624411805285,29.990797282812235,34.28666306738953,36.873523952052125,38.78693779433968,42.622104912368,43.167962458167494,41.9673939501097,44.88267985767817,47.480051329935634,50.14431840280062,49.88983922884793,51.229071249361425,53.000497487928065,51.33692786258377,50.87674708049125,53.510810218947924,54.85107241869081,52.660156451570174,50.047901951896534,51.55533991775885,52.48970783137026,49.89821341699141,49.19671309077985,48.84915813961412,48.28176968923664,46.69600110286445,45.21202229935515,46.39715200817267,46.30740206410574,46.76647674117258,45.226749379122,44.75253446966292,44.56199011402757,43.44116295013791,42.378160845027885,42.525670581035534,41.08830871518333,41.06056314136171,38.40810576000667,37.156588182754575,35.54566093103373,34.20627846810747,34.51037684489589,32.46263623077912,31.45298385340733,31.98728427068774,31.023815835176087,29.368653844037038,27.435330133863353,27.121495879980007,27.509663299909455,26.368772625442748,25.434334947610065,23.572588100298542,23.345178249506823,22.972994385639947,24.338074524895287,22.726592389812566,23.46736909545866,22.97580271103109,21.744478544825405,21.291179848532195,20.85120003799629,19.426724328690252,19.16245046421985,18.90685410375238,18.249721470391414,17.87883077439419,17.121583601510963,15.877852570449887,15.424726365318714,14.377144497226137,14.43243570198168,14.492620342080265,13.72416451780704,13.209697165044927,12.821806713321797,12.555162980951541,11.963652418973423,11.604181208952403,11.574790034947693,11.986081626395894,11.527259396752758,12.058294524244365,11.823373721855532,11.160107797659284,11.045407841956164,10.616607354465327,9.389924474516564,8.995922580397275,8.995584470633874,9.594423478870468,9.807610118716502,9.51429252141658,10.152976406161418,10.606213292906478,10.419404978831244,9.601263143680416,9.84424263507188,9.66986649867066,9.711068562182536,8.71355592302932,8.754808378175689,8.193747689523788,8.644499361041031,7.8875786220518105,7.739072369190467,7.495693918956231,7.353285530029873,6.92538004965701,5.87641979287309,5.832221659588443,5.441964440833072,4.89719833171814,4.692447350181435,4.570899295283957,4.137168952773024,3.7941043252206974,4.297684884390486,4.264356932298779,4.2336166814149205,3.7227729833825185,4.013879358540507,4.509182278861511,4.496655279860458,4.58197703156236,4.391792595963218,4.392596364251132,4.498074447935594,3.9281588902351112,3.6534973130302517,3.382467524059874,3.296477533140017,3.308302746666676,2.854908696279125,2.77364789660918,2.16216410348986,2.0753747416451005,1.5836284604356865,1.0091885202606539,1.3209851653431166,0.871769613074433,0.7682116086453513,0.7265347870620191,0.9399141417112573,0.5619895437871572,0.6268578091691788,-0.0,-0.0
4725,6.873166321647117,15.448688043330328,25.72624975049891,29.39146722642762,33.33006613993611,36.058604607671654,37.66897225016761,41.181892069684196,42.29439845618616,40.85492056648841,43.86262181281082,46.1761873215843,49.30734017668965,48.80729130615146,50.246928371247236,52.1096260833372,50.232489122663154,49.88718746539603,52.5920477031668,54.3479130601314,52.26608666675489,49.759704375599085,51.645492829362915,52.65453299986822,50.14429608048635,49.80243821313279,49.239911796247206,48.466213197941556,46.95465616273633,45.54126103446067,46.531437746109134,46.5108551250427,47.03677004778966,45.31662929641774,44.66569928948341,44.3017173978202,43.02094766032347,42.269138485293524,42.48128970480697,40.8902190847433,40.70331988733316,37.925295154428184,36.541787407703595,34.81183635921812,33.554734940995,33.71687517721288,32.14563423125541,31.015030271603965,31.78730000089588,30.702161486263407,29.118754190849177,27.256428964043735,26.825584044176484,27.431712590240398,26.348707512238615,25.633010090762205,23.66308444747134,23.32633386386772,23.002358607792576,24.248029948712578,22.695004542138673,23.476710155602778,23.03369294879256,21.852718361983023,21.297808308692666,20.758919937770635,19.249244155081243,18.891615099958557,18.68073548025712,17.938362981826984,17.480938080728414,16.77639669096464,15.71593524256941,15.18253167100362,14.304693043158899,14.395540680379584,14.4915043840123,13.880363334609193,13.51667265658831,13.276075999823755,13.04146440648504,12.365344222058997,12.255717134561527,12.150243467481932,12.604887159788662,12.061403481384785,12.524524255580008,12.43418194666777,11.683025510087807,11.492453534977752,10.984927896217341,9.87563437451065,9.406759774840092,9.339620850686405,9.876959723473902,10.021661308071566,9.657448778101783,10.329967093884928,10.92801018367117,10.77491413963579,9.876520627054143,10.156173001318097,9.908362399179996,9.877443114529278,8.80853212691714,8.780162526631978,8.252928022954066,8.632074987156553,7.911353053845183,7.696541204040269,7.68017392521912,7.568996447832889,7.169032647415143,6.047488468690742,5.94351042559891,5.493858936607605,4.89443757205678,4.636211581809683,4.540396510403911,4.05875594186372,3.817034774666546,4.2638024452710965,4.2555358044255165,4.416035982239713,3.844514737412456,4.166890857393018,4.609506882516971,4.536156855472938,4.6514904058619715,4.586485777727793,4.622227744328719,4.66638450047998,4.027062030412221,3.8766213561007747,3.540377076299258,3.3933664860546973,3.342892328559076,2.8294238693067237,2.777159531721578,2.1133601492769563,2.0524580196560707,1.6666799704755482,1.0370285415287308,1.3778304092913125,0.8778779887536798,0.7950840903356865,0.7777605506138572,0.9425696699675085,0.5127557499368101,0.5883385441339806,-0.0,-0.0
4830,6.516728498466877,14.66819773872471,24.47192883594876,28.812701122702478,32.875272369111556,35.72231116992912,37.01568081321195,40.630706492008585,41.8581198947201,40.16018566164303,43.2563804709332,45.662304177778324,48.50478198080317,47.76545206898132,48.951550770101534,51.25604705275735,49.17059690751757,48.93727934987558,51.384994236698304,52.89767251975142,50.95860126137268,48.593897735998425,50.2489901100874,51.341161348589864,48.967460268765194,48.72274683642896,47.980635090902815,47.03855761602842,45.644082473289885,44.08580437692464,44.886587787016374,44.70087721846351,45.05074993820971,43.46092919094145,42.90944868488933,42.39907173530585,41.00191404772729,40.35075016764515,40.63460552319638,38.94229797826059,38.8354493701862,36.835652929267624,35.75002995394359,33.91071101500839,32.543660801059254,32.57045026236938,30.907894084761946,29.864626797368032,30.861413294512534,30.036253353797758,28.3575252774517,26.583163338522578,26.044700484340044,26.52247509126663,25.351720008465787,24.704491781908654,22.8312763042557,22.397767184320386,22.129287621707167,23.236924942481565,21.922121808518718,22.580623116843604,22.04577086263688,20.943127474292282,20.447534969532793,19.966316854955945,18.40235303560347,17.96254344512043,17.798818057738075,17.248961005827958,16.714231779322787,15.94317527597574,14.833335507418688,14.473307855509425,13.542554984494581,13.549791133972812,13.561436393770412,13.121350017875283,12.803761472029311,12.71547561512748,12.41017511249595,11.680667545294925,11.499994019674055,11.64251130057748,12.007281225835307,11.512481587830134,11.88435581429801,11.720093044009277,11.027504705248498,10.769637200684743,10.210013741002884,9.178290412337114,8.663252236267413,8.625501478797363,9.164159392892543,9.627950723577376,9.204024503567103,9.88462404380649,10.495488261863304,10.377321969013073,9.635112384800852,9.835438021668397,9.520138065898617,9.519865202547622,8.706031607518312,8.708423263581558,8.216916240771027,8.522689416288008,7.841073363412927,7.561971942802697,7.478390939346704,7.494396097661429,7.128237673326594,6.13266909338944,6.05698485804336,5.547653851128171,4.97461835663681,4.8217831977498955,4.751809131331095,4.210120373980647,3.9153092833523724,4.4725619706364945,4.492839065383824,4.602036535915055,4.129032439046098,4.4940900090412015,4.894596878284497,4.760586620865397,4.912835505612604,4.8823201646474885,4.957292145936352,4.940026631408467,4.223436475684047,4.008857541822049,3.7966008116860546,3.5865328904087357,3.5720359532827946,3.0781784061745103,3.063721084449733,2.314410062597539,2.287764571559188,1.832237545652144,1.1281725843834134,1.4357541326034025,0.948655783943239,0.8898543049574201,0.9067505749942417,1.0410821151520893,0.5418585707604958,0.5520767301497389,-0.0,-0.0
4935,6.173787001604083,14.392433696428201,23.770637114383263,27.76950663589946,31.972279538797316,34.5114612964505,35.96408064267442,39.6858614751506,40.641884779347166,38.74518904001144,41.56167424090049,43.70474641259601,46.63791859300811,45.71023849945693,47.357271325532075,49.4048990252257,47.16459599142446,46.74641814391508,49.262167339950174,50.54720188132875,48.47654090113778,46.00682987886048,47.73283705032264,48.9106003542235,46.71264209075845,46.30568322629981,45.95844426836368,44.87409838641341,43.61336008473062,41.93972586365215,42.80934166133909,42.47355418063143,42.90246193146806,41.443876490289085,40.99087577903437,40.34580463893605,38.84590432253709,38.07479047292102,38.210103373697,36.443551655082025,36.20825385616575,34.56448595164176,33.58929494172933,31.692682714024897,30.258744769261522,30.35016157677035,29.177855686085763,28.053545265838892,29.07458377904515,28.337256328007506,26.604058025880086,24.78846841605398,24.32546807672372,24.837847528013995,23.607237184944683,22.88377349930322,21.28992840388576,20.921507124035536,20.56598436953401,21.52700001213463,20.316754175627956,20.992671751020463,20.383388712922788,19.513631451721515,19.219019804087104,18.662351905709606,17.07285358699347,16.56470246610784,16.32155962287946,15.713768390260046,15.123716308659194,14.55074052500415,13.420748747340612,13.003248482601823,12.161787297503144,12.30890958046935,12.243673424600587,11.754497842120923,11.487356253086455,11.64521414216527,11.281813593886264,10.824969437322789,10.58093429194914,10.644226553161094,10.916322126680779,10.376940233572999,10.755397282951165,10.527101738687698,9.904719107531822,9.592020557138952,9.095283759328904,8.067760202656475,7.61371133394356,7.688941443051718,8.125800675488561,8.582470112943085,8.11908054128699,8.776112798696051,9.271789034156656,9.285785498423497,8.809603685168849,9.124771003122191,8.752026253394913,8.777679779652678,8.124476792418397,8.056733977906713,7.520330414563227,7.739160214592211,7.028900171563368,6.789477508983696,6.643184377555248,6.588989284083611,6.182167253997848,5.287392286885183,5.154498445517542,4.708318919623464,4.131673388721527,3.9367212860417555,3.887376752052969,3.626446338435724,3.3043825553845365,3.8230320001080913,3.7812142149843493,4.0489555392774585,3.553684637729459,3.982408085434409,4.372339196160472,4.179456050468476,4.426486357740438,4.417117659620175,4.413092484901632,4.415120139545514,3.8560513340666014,3.7647439045352886,3.492576707445941,3.223856852246726,3.136594804741285,2.611421928611561,2.608924656342635,1.944491350647516,1.850901988861495,1.4589680105407203,0.861694737133584,1.0570393871292376,0.6105258016113301,0.5572207829082432,0.6126124524189853,0.7753468131110803,0.3625686849070706,0.3334664343545136,-0.0,-0.0
5040,5.843864513392251,13.654408926684455,22.589681246546714,26.28926960804882,30.18814827003934,32.90577214739722,34.533023497479576,38.36277434673144,39.07399335961021,37.378497361583705,39.92643085233408,41.818100850427754,44.48204523163777,43.39109285637197,44.810068972080636,46.951139891620194,44.59730976048865,44.02276758890159,46.28972434760629,47.36654169119477,45.21161358782499,42.686223171620874,44.195326927322384,45.45598971928473,43.199856161022,42.66803131456993,42.454557559673034,41.529338501238996,40.183954553122355,39.164245378462915,39.859893326354324,39.63315643884291,40.13927520242434,38.824382904789466,38.699373815885735,37.93624075553704,36.35442950304845,35.6912761717056,35.89920869413482,34.2699818345736,33.91422529046856,32.40253902109941,31.53166921502396,30.139617902403195,28.809801924447218,29.13864377793384,27.87785492891114,26.67030005979904,27.891093326032625,27.570805824013565,25.756756694659305,23.871839396600794,23.313430815691177,23.705253338409243,22.407072130156404,21.605738263160024,20.113151356880344,19.661686124417994,19.36380074224968,20.193863538638304,19.0734585359433,19.629046387045626,18.950633190994843,18.02724391866478,17.78757112491446,17.296501315092232,15.693675497689139,15.127216638674026,14.81449586983963,14.159891215287429,13.63956956202667,13.134221906750712,12.103044291313838,11.847192934940505,11.08191015052373,11.355006417541858,11.220657861414422,10.786295526968528,10.46262288707629,10.641332492352731,10.424781363519468,10.017872416841922,9.81320333544269,9.999059189398274,10.190782763077978,9.701976380942769,9.995189826744832,9.707794455272822,9.142299615322584,8.778358479364694,8.243242305909813,7.215340533717772,6.812913314151096,6.905607811232413,7.253672875348217,7.616615505334977,7.122560495925197,7.754306593592387,8.146828049050768,8.182722594971573,7.763390542673317,8.172019308022282,7.846274739847664,7.893530536030359,7.3036634740343285,7.173043009282484,6.6079268783740055,6.7435510059679595,6.025713755978588,5.825118222283383,5.627873863546693,5.59565130068987,5.164047719805612,4.376318197259262,4.344056334523216,3.8866302784860713,3.3862250315266342,3.225433153496367,3.130203181489551,2.9738599221875934,2.640813925300571,3.107025767770378,3.1474894391178982,3.4713972974815146,3.034698380876625,3.438963957443674,3.8908928811975767,3.64908195065217,3.9760858224491176,3.8998567538573985,3.91261592198148,3.9313800046845113,3.3445723899643878,3.274902174160052,3.0392415490137443,2.7254779447880595,2.65748581866755,2.2715129443706266,2.202553189646628,1.828898351348453,1.6837471440252156,1.330495322466808,0.8346235480256154,0.9797077533608594,0.5237014721251703,0.5299755895119065,0.5979054678180482,0.7012355162406265,0.2764786143064489,0.39141075246321716,-0.0,-0.0
5145,5.939949206062291,14.82603162847137,23.434393907578656,27.189650215671158,31.159635443026637,33.93721189756919,35.19725813341113,38.704742554014224,39.496076535577465,37.501019260987285,40.49579159540781,42.108368292522975,44.85533290224244,43.49845167882879,44.66506330471515,47.21956654093195,44.62479022673741,43.82551875946516,46.781777675340344,47.62607193398691,45.25243013413277,42.52970558505983,43.83115987603253,44.88677953816599,42.46828375218867,41.76538042210372,41.891727162464406,40.803038865742366,39.55022271867309,38.6154300447641,39.14015127637074,38.98877102818903,39.329232941702514,38.32880442122944,38.49581829600515,37.801675820792745,36.07788209006959,35.48181447582803,35.54115892677698,33.987475669042155,33.49486101335438,31.86493399959934,30.874716464100178,29.560690846652168,28.127403868141318,28.328897515369356,27.14639318369878,26.1813676949279,27.43744695805209,27.003520072924292,25.267654676070922,23.302403114228078,22.954571614769414,23.23384039326663,22.15096524533519,21.549803953758943,20.250926400725834,19.982159063750224,19.723994657279878,20.45692009524836,19.37508037926813,19.833955364890368,19.05954199610768,18.045405982802137,17.71534488379153,17.138216043070962,15.466711835274586,14.824835194238265,14.435622600037169,13.827985927797902,13.462991638455915,12.997179240808256,12.009232268785421,11.787513228378925,11.059056858699748,11.25896659155236,11.055185843960981,10.656688401092927,10.366550394624182,10.573470388115515,10.290504294093902,9.917726990249424,9.744187629368433,9.861198449732171,10.07990849682008,9.625532454544391,9.84836164948695,9.498298621920377,9.063075911428465,8.63942709460542,8.050456743864093,7.1484448871843,6.694490574216099,6.72940736295933,7.1789209732006105,7.563967264250187,7.100089963818921,7.7541127983661875,8.081287016310217,8.144686210406627,7.756242717217303,8.098138145201228,7.712701400936217,7.786648699935176,7.143001552070813,6.953236136638723,6.42552137524631,6.756385970658081,6.06749535192565,5.811237445138581,5.64021919260853,5.552353195123469,5.0711102833984505,4.317269317319506,4.307117795332643,3.8071244408696003,3.271090721257689,3.1947363539331644,3.057277143649266,2.921941399837941,2.553903127329353,2.963619540126381,2.9564467953626563,3.2171555227484223,2.8183628815758057,3.1520389058301146,3.522667653779202,3.3125426916874394,3.6385520130858393,3.505066709635483,3.4531926825723236,3.4862774956134763,2.9578141534459177,2.8305435900655107,2.704583217369372,2.35406242338153,2.3795042242256548,2.1812165164195365,2.1348715930595583,1.719439331283849,1.5976463138384722,1.2110362604916458,0.7586955596215089,0.9071440807381879,0.5301942530264127,0.5039990498797984,0.6431086866027106,0.7831717042775888,0.296377463016326,0.45531830402282825,-0.0,-0.0
5250,5.622047765127158,14.088023844674042,22.281567846087224,25.749530093454304,29.874376228073732,32.37703679877494,34.63443603137856,38.65348909683771,39.542951988975126,37.27563314672546,39.99699610716761,41.70603617740579,44.18699607275935,42.950327450515864,44.20893201058447,46.84337173999056,44.35668698172986,43.344887208657035,46.06325287815658,46.69207366713283,44.15537080668612,41.56731999085385,42.66785417835991,43.52764432616444,41.24513976612856,40.642025609614414,40.60016583242909,39.37270934992697,38.22981149994431,37.16324350193969,37.527384868938896,37.91448041068976,38.0973599563407,37.41212711513491,37.64725635316352,37.03236962235333,35.18980092417277,34.66944763875529,34.79263692639016,33.32443826594338,32.7039681339654,30.971289509441103,29.874088205347988,28.466688255158804,27.123709819927296,27.376667025945324,26.274115893986025,25.54707067305274,26.666027827648964,26.12658577283835,24.31924925282834,22.450225411572525,22.15827786540732,22.478768363672007,21.318739140831717,20.777527327280172,19.414039612116103,19.058473620150753,18.850624938662072,19.46862575587094,18.328288837539773,18.814383137160764,17.974531093183593,16.908806233780407,16.50535174429801,16.113666793039453,14.657643668374131,14.0721942832592,13.7301530000943,13.064879533499441,12.74566475835745,12.221498897082707,11.403652966359129,11.321557345786966,10.642202402193881,10.767579445396366,10.500921856649116,10.144163817800784,9.891545235044834,10.121143319000993,9.970193814360528,9.728300498272427,9.585810396664439,9.729855210763679,9.87877687918422,9.366218989027036,9.613039917499053,9.204049668913292,8.805537427213123,8.417240059598663,7.865415182934793,6.922953001471883,6.4245089942679385,6.403325857030509,7.025711587837318,7.429690098445004,6.915143540110307,7.495603357481557,7.752506633042902,7.839960551750513,7.399699810516546,7.667298173268119,7.319854685259919,7.416270120358477,6.90279768952478,6.657342797094413,6.168359857715809,6.514420999545985,5.785978630421174,5.719250243036535,5.654627480770723,5.5921294844047065,5.1358767079521,4.33177625220878,4.416334243200303,3.934060447787326,3.3477994245531546,3.228117356587131,3.0483112067143487,2.932607182421271,2.5835223286723092,2.9504399632758287,2.899520660785534,3.2434513142465518,2.801259978211502,3.0842676351962477,3.3962513386191664,3.140128465027428,3.475138393268405,3.3667206673263568,3.2598962064389734,3.3122490135455633,2.7480040100844807,2.7943445311833046,2.692893438403156,2.2952512913817444,2.341578054762855,2.094796474882793,1.9959053813027767,1.549471629082486,1.4490880907001926,1.0427936280572103,0.6009623492594531,0.7331535678563612,0.4142631209970907,0.39489425303836423,0.4646242326808003,0.709634311779511,0.22318624444419222,0.3416557115892842,-0.0,-0.0
5355,5.720364594485989,13.841460104155654,21.652092797747756,24.81266877083335,28.630353307226933,30.869870327369444,33.28018997215017,37.00167818552328,38.05455389014444,35.637148373894284,38.10375489014326,39.586156811919466,42.162710807730285,40.77831996690283,42.15030325912133,45.183239950228455,42.868705301981585,41.99000768067589,44.4701355174884,45.19834945208409,42.81357000673342,40.369430887816996,41.813486056690806,42.48207150279877,40.064704963258414,39.55815373517863,39.35419132553859,37.99385818296901,36.956802663975516,35.76451874206922,35.97558053903699,36.43262507342997,36.46824493930525,35.66145469878359,36.182096577474056,35.65475472006845,33.924071318286366,33.28188352864725,33.270545259410234,31.714452012921406,31.17785251184704,29.557075836087918,28.551118472240365,27.066620459306282,25.820608610545207,25.954700670524282,24.9418281342414,24.130537530380526,25.105001898852798,24.63834881478379,22.944446177401606,21.335310321719575,21.09968906947652,21.311730819910366,20.234528623519385,19.61574974985018,18.342081098370095,17.90877865080832,18.013414016248642,18.656407225297077,17.587005574641925,17.97035369825497,17.32197031003578,16.44422082559635,16.209193853296615,15.738488931994935,14.227395514453852,13.575915790519053,13.165313714400378,12.550628723101067,12.166175960041352,11.688735443402484,10.824962664981735,10.775452577538546,10.533096646130597,10.58874589701395,10.258413716032367,9.841855032220233,9.529546817394426,9.781793373575123,9.662424712779588,9.361038597025358,9.157962062237546,9.23307663239202,9.311796056761057,8.754318362197655,8.926575064716129,8.561222647782378,8.118022437294625,7.687787726029823,7.106838304934304,6.317925464760672,5.941021160538868,6.016565101859599,6.717789259442208,7.051591251185741,6.497749390356189,7.079822538873363,7.351844171641415,7.374706125669039,6.974664291753038,7.2565956919414925,6.860706212776135,6.8917625680124335,6.5887458001475165,6.292130592454575,5.8427202026273415,6.282313945936265,5.594828872528995,5.631217062305014,5.671049238666237,5.553597314270345,5.124954893662504,4.419002889463013,4.454561160211474,3.925387926420146,3.425852725768248,3.325641981655518,3.1640183455168622,3.0669363440826385,2.671581242881019,3.0642935478432425,2.9701037072154266,3.2707024080252167,2.9129074242330932,3.2240471416045438,3.567853807982217,3.331439070108389,3.6253179352681273,3.5423903013924467,3.3823176569566664,3.4636545156148717,2.838956066026752,2.8354620764429117,2.836612137961568,2.4554797195846363,2.455606894047825,2.230045930657285,2.0812665291051435,1.5825413286431818,1.5035329792373122,1.1096087454966552,0.6230689368114486,0.7751811325006099,0.42036933893642225,0.41371253415105014,0.4535171632560121,0.6416397925794086,0.240350704707203,0.31890631372418077,-0.0,-0.0
5460,5.41350159045159,13.14088339342516,20.563548987426415,23.461409736836448,26.999272507839294,29.413761442551824,32.3649845147697,35.7960887096365,36.6137797911578,34.40115417470516,36.62025025225856,37.879775832349125,40.54473115802041,39.0052240309945,40.48028489165886,43.2609148601435,41.12865234163637,40.388406775819156,42.93069333835772,43.46487399135717,40.964380999086856,38.68507748076314,39.93392964095702,40.68775148258955,38.42506354229788,38.26643411047478,38.15141841941047,36.89735227767641,35.72871961155199,34.637152757580836,34.69997796240009,35.00529737042569,34.900875386402085,34.18957060973542,34.56147704931583,34.12128701472035,32.50498513292176,32.14305456308058,32.002032240725526,30.54594673108359,30.08351318814239,28.5576724629254,27.45521234800121,26.06205479284253,24.734607408034567,24.919321716613887,24.1436046684915,23.242651406466972,24.08734023151978,23.52708811809009,21.779855545528672,20.12474830506417,19.8027293463313,19.912941178848165,19.059603220152116,18.372013941729236,17.44774415402145,16.940373324917,16.9548304763079,17.487427389028785,16.498335084318562,16.781697270372305,16.198109850732973,15.272993954388157,15.203763322150056,14.67056958275708,13.256256913444274,12.66502200393645,12.516280369940937,12.05687671844597,11.610937186708993,11.379664198983127,10.659330750055904,10.64007093345749,10.33326224400819,10.320881006564122,9.930651515543868,9.45887666341129,9.091466440480335,9.27232927271672,9.274948632256903,8.918657956747149,8.837056878721322,9.027367963443234,9.041274881295367,8.52155935048285,8.628213476004065,8.384519112354027,7.8888295930146155,7.575173481193801,6.945838772162009,6.118186942396919,5.698902341325038,5.867147067960427,6.578993513740901,6.8507760408626766,6.331342508463933,6.845194364542677,7.052152810470121,7.015107308080572,6.814665419891634,7.032300400245547,6.669199354083681,6.724050364764547,6.369212301346248,6.0231303634894,5.608618439275695,6.05948231161208,5.335071789389014,5.3919933910873485,5.3751111483291165,5.2060921719607025,4.889162651171381,4.22490987594454,4.209004395177427,3.783713818333099,3.3150312126568315,3.2351660138465044,3.0337699665214344,2.896459974113437,2.5314733103005045,2.866185394559012,2.7316534587812153,3.033311702137736,2.7084870077649614,3.089876015869202,3.3713456422408847,3.0919446724949418,3.6207150973693496,3.6420723342190215,3.5071522326456828,3.5358663214397574,2.9315764158370072,2.954566262558684,2.9043025055237375,2.5450041766507465,2.494728557543661,2.2180175465759997,2.1684493767752766,1.6833518483214998,1.6278744527418998,1.302665352383595,0.7360113104700297,0.8733947249988756,0.506452966625209,0.4758939205273485,0.49146991822607367,0.7183882694665914,0.2582587947643576,0.37398111111868326,-0.0,-0.0
5565,5.513717688652733,12.91333121411629,19.975960102078055,23.02247544232619,26.68031335021026,29.209446739969735,31.869412540605392,35.013864128157195,35.58795364184871,33.54550400386871,35.521802739947475,37.22163077473622,39.639184193053325,37.917508505216816,39.484683430083685,42.33778630122264,40.335404433942955,39.98889878486016,42.893869387896196,43.50587311815544,41.084103360359876,39.139964846811125,40.45765511157164,41.016991253967035,39.06523845170784,39.211818858459786,38.90738459217028,37.7005742364402,36.57705815664765,35.528676995925814,35.42386875072159,35.567013855862115,35.51765732153921,34.85657592648741,35.07416596820325,34.47991544469189,32.714982587858785,32.80295528156357,32.51642614941682,30.91500803932157,30.87708636573127,29.383556747199922,28.138171874920985,26.949525764305328,25.64732553273245,25.712311776608097,24.80828472287333,23.941140942300507,24.838961427541083,24.157491960403746,22.28412629167653,20.512540731439056,20.08770643186127,20.239128570866264,19.28433923640751,18.500523913892536,17.615019350787282,17.401570655165205,17.58227464658322,18.291469023966872,17.319162814687356,17.516948126635135,16.95880382060084,16.050177277637708,15.893412314153124,15.266107650135204,13.860465069220586,13.180568548513023,12.953196767402067,12.4131480708406,12.09737655674266,11.790053035138637,10.989828275331314,10.90150053688603,10.524548121650842,10.638662450217858,10.27294458847546,9.729999754724568,9.386550453231616,9.505870455643853,9.536830745617019,9.11430759507695,8.970066537361939,9.098322708979966,9.140003274172514,8.55865814480677,8.692203943162747,8.47557413808265,8.005488113649946,7.633084070722254,6.948841213034007,6.073168482968679,5.751151405186698,5.868711823487081,6.523101451493371,6.7368175048867425,6.401971863423546,6.941723059860885,7.092116769749178,6.997868536077814,6.988869579092094,7.2355523488669835,6.812053338978812,6.810279289561741,6.480245219743465,6.237962228973781,5.842719696058054,6.246483993676412,5.461230444952681,5.621472390011542,5.551818605672763,5.484223609046391,5.10906011554477,4.454784415758856,4.39124913517267,3.91241985863788,3.3943066237808974,3.2713330475473836,3.0281126082839127,2.8505876378988013,2.507247082006111,2.856783449888286,2.6819079268048887,3.0623834236575727,2.695235257815403,3.0272941784406933,3.254172858029122,3.001009029143895,3.540246708766583,3.505762658585512,3.395828429379092,3.609381565986838,2.9500201313383085,2.997644688660657,2.9731592653380883,2.560331528457498,2.458032609923666,2.13387569431137,2.0320653418609123,1.5841125419507265,1.4809612377918473,1.1885834969324092,0.6253072939901582,0.7565639739707358,0.43267402376191605,0.41138258542614636,0.3878721353821514,0.6506737887999995,0.1931574511393371,0.34981446863198573,-0.0,-0.0
5670,6.03303451604685,13.146086123251566,20.336102590034407,23.46924464402426,27.220226859641855,29.422647661245527,31.78254950327106,35.026529158756226,35.32597265062494,33.73666763179407,35.79753659520263,37.57952372861009,40.08095564071067,38.42213222525818,40.065929147269,42.68923651973203,40.45575585761157,39.89650847052775,42.582667454816544,43.27622882554836,40.671878750245156,38.82164257183219,40.20918075867872,40.84167109923988,38.72190282089387,38.941303578133194,38.46909533980042,37.110330154807045,36.07029840242922,34.88012174432097,34.84595049328078,35.05539090571855,34.859379533364084,34.06391659264586,34.34533823223208,34.028610669079114,32.34172033598754,32.29254482356696,31.875881312490534,30.168214404031584,30.005306613695165,28.596402004682066,27.42823166257722,26.144234660799672,24.75626740087395,25.198238655458013,24.35646731938221,23.393067321778425,24.326438623797475,23.548028318795318,21.605120303567052,19.912941178848165,19.401358579851948,19.455208697386123,18.432352581649088,17.841972890862998,16.889517854046137,16.72119719921909,16.93711774697799,17.670188308271857,16.75795574023023,16.865192388239556,16.358308661555274,15.388255772190918,15.154261199926221,14.465829347113145,13.030823212751729,12.303032299452036,12.013091842591132,11.731143437783194,11.557956156891034,11.389996314459276,10.63716314712474,10.483616844211747,10.050347379729285,10.095318253069467,9.67666874800226,9.180069044527626,8.787049680192043,8.839776370152691,8.807343239133926,8.42961873609402,8.316962759758463,8.37856923714104,8.356992439439109,7.829628847577697,7.98050898564147,7.9663681506277655,7.620158042013808,7.202227455619361,6.5647310919273885,5.669671750267071,5.380925230251521,5.443813498276334,6.090747715857608,6.394139473287408,6.09189290543443,6.5589168971195395,6.646922921528284,6.499247543034918,6.512513461749461,6.771353924248823,6.386852508646405,6.327296448216851,5.955102217598539,5.668877603297093,5.314930787279436,5.7166924174199485,4.992008721213516,5.163060259094066,5.0419906112693065,4.922961473365662,4.5178266992686735,3.992810746103268,3.8830774134633064,3.5167183410899194,3.16568400662373,3.0640555615450586,2.846574431207983,2.748629262130305,2.3757753066441354,2.6711104170991247,2.462357350847994,2.777542576610395,2.446447846888891,2.7745648610264557,3.0058004152709756,2.7812520319241036,3.313912178345404,3.225307921256497,3.064620247618348,3.2044180324438774,2.748468103731656,2.737800635031171,2.807365686970027,2.4285058080223543,2.3485716262163963,2.0530645624728305,1.9027512286712422,1.4898168396963958,1.4704877357612305,1.1988324117140623,0.647812343373126,0.7476846287854931,0.40191650447056193,0.3536265875111544,0.3383097100501167,0.525434489760886,0.20850912236922547,0.3269778027305704,-0.0,-0.0
5775,6.1435402996650295,12.928000484651122,19.766593395144366,22.613561513673567,26.079235085610247,28.03844721481459,30.542094752350643,33.518973410690066,33.986639887690984,32.58064112127965,35.07667478389981,36.95532180548777,39.54403318102272,37.68745441057833,39.728806466007164,42.119920219628085,39.70478323621882,39.24750138245963,42.00128391393004,42.49459632223878,40.00859648241315,38.52121741067167,39.71827289917944,40.42553647698146,38.396909238405655,38.44440301874951,37.812091896926944,36.77356103522286,35.80912364526557,34.691894235088895,34.93912957625552,34.993335336042534,34.85953591732667,34.334514721607036,34.46583094020425,34.00297501695285,32.774295765173676,32.58175900995732,32.218195672504585,30.745172433892762,30.445568276728675,28.9004845291244,27.77860820137338,26.368772625442748,24.86284587615721,25.351720008465787,24.716380596478867,23.637038103946818,24.459526164925748,23.572278160042664,21.5316671341486,19.75049912875262,19.28433923640751,19.37905618478443,18.53494712769331,18.114809004908288,17.19541376377273,17.06307108861919,17.19062158520385,17.9645666441371,16.9593085578024,16.978772450609785,16.38600726645818,15.454286245064715,15.25589816193687,14.60203218304526,13.089382475354629,12.289511715405881,12.032056091259895,11.6799923645721,11.43779272513981,11.202164314273306,10.392427452688525,10.270097656275619,9.871385804400944,9.943957196295006,9.466957979838456,9.004888067526206,8.817779130085302,8.80938211438283,8.891609022718455,8.539828370565674,8.453171978472508,8.541656892632151,8.460130603295214,7.873630559499319,8.050162188614285,8.146907480077708,7.823828413754246,7.426967207228694,6.727934367440347,5.774787557163054,5.505956197070404,5.591421689001047,6.193231716004588,6.444944092018436,6.165942147366304,6.579713266155389,6.691981854291449,6.568882340160443,6.687175732746459,6.892478925588757,6.61169050435216,6.577483572885856,6.145756642840668,5.958165160850764,5.545444797372774,5.901985223891456,5.265000103829713,5.466014013516044,5.291562949314472,5.119959464555816,4.659406111715049,4.217467008229817,4.059973506001509,3.70734565411997,3.430373883553121,3.409469657787535,3.2019618598744986,3.059618926182529,2.685165664450019,3.0861287742436994,2.8236085179331276,3.1231477990175462,2.73239241892068,3.039206039368272,3.2380400724408305,2.9618846198704625,3.4625787377483817,3.551818993398745,3.336580050467649,3.4339408160148137,2.914740647035914,3.008528201366151,3.1145268115644162,2.6688478565187834,2.616605710007777,2.3348024687646376,2.2071498412095467,1.7200465498784727,1.7319973375684818,1.3984934453086415,0.7621087251814307,0.8980996364047926,0.4845252027057809,0.4499863698636594,0.4121833735131909,0.5926422633371317,0.2677581619207168,0.38221260092269455,-0.0,-0.0
5880,5.832170950649952,12.71628337156248,19.21220897607455,21.782383866942702,24.973100265774907,27.087527389759135,29.339174015529885,32.43058289603476,32.68811177197333,31.459359675815975,33.71937219589266,35.37671645052261,38.05130389211587,36.36253815227374,38.48851664838502,40.95754616527524,38.39887812723609,38.05801489379688,41.156252460056656,41.45839289973402,39.368660848000395,38.238032702304146,39.247702812339845,39.77345014214435,37.84438670399689,37.726655167457736,37.41429649826199,36.2244586640432,35.116910004802016,34.08353861310121,34.18169773326448,34.092187797040054,34.03006249887758,33.58026282775705,33.571674791694406,32.981702544243724,31.840478934106482,31.71495715388298,31.61028446792719,30.02918368692814,29.975317769970587,28.3250353509174,27.10030093770737,25.76552297193036,24.493458982057238,25.02688771079076,24.446351503906264,23.269199065430435,24.130548897555215,23.299040508748618,21.467097123037714,19.597380414997403,19.175842157765825,19.31098445335403,18.511114970732347,18.001143663889973,16.999651462508723,17.032445635925463,17.197323849212694,17.87854347189231,16.792522561751664,16.725608034253817,16.055536466825192,15.056090239896857,15.012441677758899,14.287738011914685,12.937417425604144,12.073446877762782,11.850364092135678,11.432662515580253,11.125399913042509,10.923737725689326,10.15634946700212,9.971140171482753,9.699092548594114,9.706756466735843,9.26472898653112,8.749121729354023,8.505773115128152,8.437863231561751,8.543612486527651,8.1418268624173,8.166398542382838,8.193682893708624,8.055314143362235,7.510381725151139,7.624172789347228,7.659634193693852,7.291484815306689,6.8556616161507655,6.434192932534031,5.459439417555154,5.21949323004462,5.390843218520112,6.000242817335764,6.2689914850219965,6.0916938596822305,6.44696252500778,6.580979818082808,6.404858326766064,6.4655601422219915,6.7706055238635106,6.517497075293266,6.588301713239157,6.103819875493707,5.86409389116315,5.4047237786441125,5.700577509322855,5.1723145501366785,5.317802758901415,5.2430151071619555,5.021375506311989,4.659760162031349,4.309279016877315,4.104318018401503,3.7064514239986006,3.4499027914553597,3.641864498601817,3.449546378649158,3.3240740203078722,2.8943136871157438,3.268742575992634,2.957860049583383,3.4213652322531964,3.0349516078969567,3.3163047816753233,3.479130200968552,3.2182392533669337,3.6917456916108224,3.8944516102425646,3.7006664678537495,3.838159756734728,3.3998127785906385,3.457126826607309,3.6117020177470325,3.083904419360066,2.982947828154745,2.7173729172695946,2.5361910832713956,2.042873102738942,2.01754050612856,1.6156871530741064,0.9409150536689278,1.065164130660873,0.5770812406484942,0.5617785835228506,0.4956842896411092,0.6647682021904043,0.3375058837991509,0.44312776916955526,-0.0,-0.0
5985,5.944663178900919,12.510670551280887,19.12696825926824,21.392771299477715,24.30124172418061,26.547592314468154,29.29088851025566,32.1099905915528,32.83112884578261,32.34884694591782,34.68966201344998,36.093111565287586,38.52926764753371,36.89964054697468,39.72380635727221,41.968965666569574,39.435639397363694,39.14420449343772,42.04796564190727,42.69614240986195,40.62914155470186,39.26978484176141,40.0856448620338,40.41727140810035,38.2891179511503,37.99120593143459,37.74180700464281,36.380438692454284,35.55789775460602,34.5772022337341,34.73200478221892,34.69713642142038,34.47818311488758,34.288957339110404,34.127363587356356,33.38578567871603,32.09796717027221,31.83316457887485,31.592406336151942,29.88571886613937,29.886456260666897,28.11945295024267,27.12499847200405,25.841937034961344,24.45787790103304,24.87610697656305,24.346571520327185,23.068042466861748,23.96996611839412,23.037944329713532,21.41115125393394,19.59093701273491,19.21133401015135,19.386624921985444,18.494413348918393,17.89534252316785,16.812685948365004,16.758417886460496,16.959585227111262,17.672472191659285,16.511167123641002,16.4823696494993,15.856046683958724,14.786355831045295,14.778266526580005,13.984453339169882,12.686329611803714,11.865312923523735,11.776850453613507,11.29283219668635,11.116215308387268,10.847720953039929,10.114144282429233,9.86575568581262,9.533127818953728,9.750229019367968,9.33586455844658,8.846392196999458,8.542983999237073,8.41607440430675,8.547294573571262,8.08887060315498,8.138629314905312,8.107493497130749,7.912697622685944,7.399076230450448,7.455332268803994,7.433839745292156,7.018020884780088,6.615259866955071,6.151918716991086,5.2247534523570955,5.076834156076129,5.197566512069195,5.814067622431888,6.173535243729999,5.946926822164693,6.318917915882085,6.474116501044528,6.323283972316109,6.406773744447555,6.653210754064945,6.348345402744066,6.361991950643446,5.910723931069441,5.622983971347926,5.268900252114063,5.5064919176710765,5.155498202364047,5.322936841942856,5.196866109738169,5.147128969331547,4.733099554185672,4.33363725496698,4.082298656467011,3.6426747916129725,3.34634519453901,3.5528683959428236,3.3195940635455905,3.2149099105212833,2.811758872732192,3.1970475203567137,2.848547629976111,3.253062616213653,2.896302337685082,3.120764898213836,3.2262899823180184,2.927345146663746,3.318548382746958,3.4487076797498184,3.2831482944333157,3.4261654106179646,3.032101711494108,3.022975454896307,3.098203734049466,2.5541109745104134,2.3975010707795024,2.0987242809403046,2.0155275623577156,1.657205175919047,1.70911088723849,1.3555093621662682,0.764214437832941,0.9926950287387037,0.4975694170524368,0.44749453409613704,0.48449745158007007,0.6021380857985102,0.30621742605289753,0.4161433151415549,-0.0,-0.0
6090,6.060550482913815,12.310913569004699,18.5946360858709,20.59992677723475,23.647333166973226,26.40592818027636,28.878411545907564,31.803047311365997,32.632395388043996,32.251690532760875,34.35148970910018,35.52543058115329,38.049826526423374,36.22580369062241,39.12725592461161,41.45521387780086,38.74346002142167,38.2686948247269,40.951845503483256,41.69198553225821,40.01564987583517,38.7529107374101,40.161947489263966,40.5644985169533,38.257388705942596,38.02895286015189,38.08387545932567,36.549936714094926,35.78895775226919,34.86678602808637,35.29762430698913,35.10355843247635,34.72934822444376,34.5974046747372,34.28647161673521,33.40074223219204,32.17208814467838,31.963064178775447,31.776880416704152,29.937765133532043,29.80945865980721,27.926281601449865,26.819174473957226,25.597335729985527,24.431686018593183,24.89607378611988,24.256682640020173,23.029682701771797,23.8198243367736,22.788464788672403,21.219351916210233,19.4544959931682,19.3898063157276,19.742203406613953,18.88264748739034,18.186019657301696,17.00843060349136,16.866068408029395,16.97960621336291,17.728766321151088,16.483369024638403,16.36973175562098,15.783561714026058,14.640104094660888,14.552923305581695,13.801598183974013,12.548503148620338,11.765560036620546,11.809252893938924,11.455251815195563,11.209137927052403,10.872807003539775,10.168946306743388,9.85665689012126,9.552642866308842,9.888638593106759,9.590066893609993,9.121974306614387,8.754606197312366,8.567158732114978,8.63953482040714,8.205513173701165,8.281238087218112,8.191799797367281,7.939263468715661,7.450831028498,7.612498461780752,7.5349942776383525,7.0633605942103195,6.608060759557578,6.242102740444222,5.263886445273108,5.136284698028716,5.21076948734621,5.920005017152498,6.230121834169541,6.025928299141407,6.3466126827404485,6.448088763790133,6.3214692547867095,6.350894916599994,6.619290339545524,6.340105450508447,6.377782058706775,5.8749351862934045,5.611777263124887,5.209330455271866,5.392861150841089,5.140548457820948,5.255665201007593,5.07965318303784,5.052297740521808,4.736271138332735,4.290692447559118,4.061814104892905,3.7081999428813726,3.367873099312127,3.659094169480738,3.4434047874167932,3.486057008835005,3.0259610710857454,3.383421081335467,2.98406495869211,3.420469762253523,3.076718950956986,3.263932360347502,3.3257668498235877,3.0451039678245087,3.394937968553667,3.475279976819466,3.3334826589070143,3.4239301194212497,2.9800263749112625,2.9175641981668043,2.9343404377410445,2.356812750581005,2.3663617955244582,2.022483021513312,1.8911759208244767,1.500538049812845,1.4971783753030703,1.1825956661715327,0.6967716113065197,0.868523704716464,0.46412753066990753,0.46734451896484464,0.5232808000793914,0.6069797018990482,0.3266108583372837,0.48004137549091586,-0.0,-0.0
6195,6.179981797526119,12.561281749678685,18.97757834309166,21.48105062571931,24.604534319365634,27.832917631762403,29.985124873666454,32.9956431833591,33.51250202632513,32.83789969314442,34.6887643649063,36.26955949897272,38.88161176626549,36.788649473867984,39.778897544114386,42.502463976183265,39.51950398206216,39.95552609256579,42.73583456629655,43.53274795963253,41.586598803208176,40.080990259568935,41.29909722772109,41.761082452827736,39.225808702529754,39.04949645730546,38.91877439816102,37.19372862239432,36.258177725102115,35.3888900226806,35.87897819086022,35.73934436690624,35.416978589335535,35.337691716128774,35.07681292532938,34.234025091243566,33.04235170135817,32.880353626940796,32.54791899418596,30.553071695796962,30.472851537517606,28.44352979762922,27.54680179372256,26.35535992163926,25.218020405221928,25.73219356946702,24.966452346704088,23.611839486270704,24.297532052284286,23.149667989611068,21.46844935409002,19.73735461389908,19.575260933840525,19.831513164470497,19.01183654440474,18.222905337654435,16.959585227111262,16.731288273243926,17.005718009884482,17.66455479083737,16.340341088945102,16.143736274973847,15.481879160891522,14.500776913041701,14.335994153744894,13.735448794305022,12.520817087987085,11.671051760949934,11.64457888845966,11.225889876155106,11.012672679427979,10.805361995995842,10.041568874697175,9.669213763579156,9.30738222244389,9.574874042892421,9.220658909809751,8.876092544126745,8.45623635180849,8.214606791289823,8.310230567700403,7.829620442150465,7.845943279806766,7.702396704323296,7.562217082208476,7.111086125147915,7.291517880105046,7.239300314439191,6.725877253721521,6.232452231010668,5.829106826181075,5.039533061389819,4.869866313056018,4.960936695236521,5.59974851140462,5.920491099993146,5.671928150870045,6.0021382913002315,6.047007297833742,5.945886600339574,5.995176294912239,6.353242341111798,6.02716018636298,6.08528243091688,5.6179618463670185,5.382729969916159,5.081316253163173,5.210656529266349,4.984432536235366,5.118242100485825,4.966386037543264,4.888573584361631,4.529755388272789,4.049288985371832,3.7818804613346555,3.459907585398774,3.0911556797055386,3.3837191328101897,3.1938870714162584,3.1890060397637203,2.825786670691034,3.12260856734741,2.6993538299708906,3.0622749243910743,2.694766091752255,2.818464514712456,2.8875842696038823,2.642110318196826,2.977056515821843,2.9950890761700113,3.161562329739819,3.1930307480054183,2.715010464295189,2.6714825359165792,2.703476701515243,2.1707548007256183,2.1268079241178905,1.7549067761552084,1.5830692177320975,1.1877119247945007,1.2454731569540611,0.9727470820837849,0.5169427525107826,0.615932555070536,0.33087117160958535,0.36784477475365834,0.4629864411069148,0.5488198183283575,0.347795763635696,0.4516566108496188,-0.0,-0.0
6300,6.303116606879745,12.369411245008667,18.913177372070063,21.11646483564195,24.770912681771502,27.70851280764849,29.589276282649926,32.335085717003174,32.62527634182469,32.09362582142605,34.04658513207627,35.72730111900598,38.10523052043411,36.4480210027554,39.519599815215706,42.32685841031199,39.43749124816211,40.52975309994029,43.104940590605935,43.690281441390376,41.54209321180056,39.850791744820015,40.88060992029423,41.16177978700056,38.4818947563296,38.38761094655187,38.33564564673098,36.92944852888532,35.84269581951275,34.82997546826878,35.168171821902796,35.09983238813317,34.638696941096505,34.4213845526719,34.02871729606456,33.06900201459034,31.967166332032342,31.873243202755166,31.421157504612474,29.52795838851814,29.329988398455527,27.231438384739228,26.413986124827503,25.14332513264261,23.932284310774943,24.328154778361547,23.639538159130904,22.22806892549368,22.943092191769,21.881513292454255,20.30054933673478,18.66860650469435,18.4232244997418,18.582732516501324,17.706966621763122,17.11613927121148,15.81641459681697,15.636060208245798,15.939437486014969,16.614456199253944,15.2568632650815,14.989453138000366,14.6170856563985,13.59340070363585,13.577348200251528,13.24221584869507,12.08596660926205,11.186634573182058,11.190872861175185,10.811523335991886,10.632155685672751,10.364078092527201,9.646885240151178,9.310388587101786,9.07015445320963,9.448998214073965,9.124844885442945,8.723552737339837,8.334097503226744,8.03783590476817,8.074556771287051,7.547213642203842,7.587024709982754,7.4701783232605585,7.435164966961411,7.167236941604179,7.451400803439783,7.344002661438302,6.775446256258978,6.303954656113975,5.921117778861045,5.0815625372589714,4.996279213134288,5.043118365412293,5.707332109648668,5.980268876542835,5.7531402362567015,6.182140208975296,6.176348544282236,6.023374119732857,6.021378966347266,6.325691375555407,6.024351184220186,6.029475845532665,5.58812064629954,5.376241828751225,5.027265147042468,5.105593509560584,4.83357649730963,4.914398514886606,4.7863553900548315,4.801098699008562,4.398965798482839,3.9467347158906985,3.639709157578468,3.283069963864203,2.886010971991682,3.1825934766082953,2.957491962548216,3.027124760550835,2.635499204803786,2.876213052701076,2.4334684343074837,2.789035608030897,2.4559958901045054,2.646620469246783,2.6676961961739964,2.4487389684601193,2.7201734932174735,2.687145145016729,2.789568382932229,2.762844895261776,2.2733030047366225,2.2433462207058454,2.281424670731081,1.752118281721344,1.8414931469606368,1.4553288907606543,1.3645389966975177,0.9668053618439298,1.074876582318844,0.8353918225306612,0.43311041897622193,0.48901966299252375,0.27811314805218523,0.31576262781662195,0.4079348703904506,0.4948989893370115,0.3161216566466487,0.34312318146273746,-0.0,-0.0
6405,5.995677188080989,11.744506803728653,17.953977042031664,19.940390168458638,23.33805279002446,26.811162429662662,29.206349367446,31.69244562352669,32.46303039382585,32.032316873545305,33.74943790105843,35.524430507025976,37.671055351288366,36.122481679305224,39.58373212721181,42.477640587384585,39.95464315931471,40.83256218455307,43.19958786346603,43.577452503383924,41.7868067450946,39.89864333943992,41.52689132796309,41.87303362001139,38.984352718859675,38.7090168992585,38.482510693676396,37.139521065553254,35.88920057018084,34.939528973710175,35.339108375339684,35.330745972180836,34.717416293295614,34.55955475021933,34.22472345986541,33.12113431800265,32.076398254496425,31.846149859324868,31.262346584064,29.431832516000114,29.109263855479295,27.074754943072833,26.144992869518273,24.933049638954078,23.621183363714824,24.06184436309855,23.272412241734333,21.921218205141102,22.975300005364808,21.81272870847475,20.140459718966675,18.426821509505775,18.223830831435457,18.553508509739547,17.591159178323082,16.916845062938737,15.545652653371642,15.403594617621598,15.740261934592843,16.325180868259963,14.903791710088747,14.561876572380305,14.119176924474845,13.04326716519304,13.060634760618647,12.66094828884748,11.665661236969704,10.815051499873142,10.752922937569469,10.317779397737226,10.171642192241475,9.93843693769897,9.26600525057923,8.963876547499284,8.755013853200783,9.065096261464022,8.68953334789027,8.241894213974552,7.889522034174447,7.706156250663829,7.685943876652423,7.197077247791128,7.258899357734665,7.168127991460092,7.079913872896206,6.842123938194756,7.141405075590102,6.982579837640339,6.379317767746375,5.87464574350432,5.459229583785089,4.677540499460459,4.552131751856457,4.551927120955146,5.130729849871016,5.337960010496839,5.143201090242913,5.634974499998569,5.648735130067929,5.452318551800386,5.539939052087537,5.849840582292528,5.5816335632901355,5.606217522250285,5.273222177995157,5.158149949085351,4.906319523632897,5.074363820816511,4.756116255399231,4.78707912424111,4.612594647268484,4.577665580506802,4.139938364537157,3.6592920502991175,3.4419348156606735,3.1134865437605135,2.6909012449490244,2.933440427962541,2.7891486096415137,2.8147707249121154,2.508119364086316,2.7573452540122583,2.341717219929519,2.705089264758442,2.394829421846428,2.5992088215505236,2.5776590848969474,2.38005074502986,2.6016090893794352,2.650354161799409,2.7715043534090027,2.7656675801434485,2.234187825529355,2.1602004560176074,2.150547068829852,1.6002502800099268,1.6395652528074864,1.2408341501201094,1.2180762016760245,0.858835606090242,0.9688657494237946,0.7549231821204592,0.520605280801238,0.6029765596501679,0.3742155648879713,0.4034645123953548,0.5398494122842574,0.6219072322785482,0.3925903201796719,0.3989658736302212,-0.0,-0.0
6510,5.697947013923724,11.139499425626473,17.025142170999054,19.20090825012279,22.340399952331264,25.93718235396431,28.46250973236142,31.433237579775252,31.961650842985215,31.320104739840808,33.140424750061285,35.013598230845915,37.25298849145818,35.811553283956776,39.35405884967611,42.023402880679456,39.60856778384307,40.28452268074956,42.729347318965324,43.1956121015514,41.22620146997715,39.17641146093741,40.61561725817315,40.78978702259733,37.78598706704225,37.601857196465794,37.22832339359333,35.76557709295377,34.40291456011399,33.5546507782274,34.0235348862851,34.091084445605716,33.56277381523442,33.27592589742724,32.81926676680201,31.810556996667046,30.85591834239073,30.695896406954965,30.00340774799132,28.09959028186602,27.846300165230964,25.753385696235238,24.74402662010082,23.62374966477518,22.252315875434682,22.580623116843604,21.870444453368382,20.614823083090496,21.539081289281157,20.325684175326177,18.764380551586367,17.034104457691736,17.0088166186836,17.24237016550143,16.359931019222316,15.752424760450271,14.702497476977433,14.601812377215548,14.850319826634006,15.454219883456574,14.001428996489238,13.706377380854043,13.312822926845511,12.305267214078738,12.251673616724982,11.89794885467519,11.064535101112748,10.36190386900224,10.237016228206588,9.933136991267107,9.908788078630616,9.617037499989056,8.898290876015842,8.544868304427363,8.284193953022719,8.69464700735075,8.270662290991298,7.780012027494414,7.462851850465851,7.308562012248671,7.2348258936877246,6.785276410669831,6.792381194260584,6.652788564429628,6.58985894388399,6.382999847620052,6.692294876145334,6.487149533438602,5.9297896254606925,5.465890832383354,5.021896837701708,4.295435471863145,4.192870925292288,4.150658615808077,4.654661707082382,4.804184040472325,4.575359889825238,4.987336233165131,4.951385981295764,4.721224622854423,4.818387194286782,5.121853635425292,4.823456281265306,4.795506923604219,4.636788793675624,4.546063080403757,4.264053350906373,4.434734038977996,4.155675027798361,4.135458245861282,4.05295583969625,3.9719306219258006,3.583208130946405,3.0988008609674664,2.9136760652298643,2.627718977309644,2.209188438656091,2.4358036691870417,2.316819681762027,2.3500389592512234,2.232420489093426,2.4242340376483957,2.051660533994371,2.3461014163064604,2.072635038973578,2.3265122702866337,2.263527059975914,2.0392044964353886,2.1958131592307275,2.192259094888154,2.309700551268335,2.252435648086833,1.7917509858741636,1.6794499422488507,1.675979200883569,1.2115509765450705,1.2482461763137014,0.917742213736399,0.9012783044096051,0.5764030699704377,0.6238729352358003,0.5646916868972047,0.34729893604742024,0.40939852651782294,0.28813116455548193,0.3147345156885157,0.47888038901791985,0.5043568750047311,0.2593712280591987,0.3004042012223768,-0.0,-0.0
6615,5.409705024033229,11.392240900310536,17.415315677521583,19.272104439807475,22.13427214438424,25.843525790000022,28.47742447537913,31.185940853809132,32.17424293846179,31.612206767941018,34.17697720744868,36.129707057265534,38.45531517891942,36.729368797505366,41.00265620972553,43.453579117961226,40.74594432922249,41.485976357995476,44.31612621915067,44.54891103097606,42.323501060995184,40.30114725762478,41.55167124795258,41.527013117819024,38.555761485264405,38.91045686855943,38.34280832370863,36.681172277736835,35.35418297025916,34.330217488269206,34.643218881447005,34.55470809066238,33.8720072562526,33.64045292712046,33.23682414034475,32.27619639780137,31.367524917514253,31.25745787488261,30.424383996555186,28.558563000570924,28.176760924660304,26.28843270600988,25.314583831312376,24.384811393908354,23.03369294879256,23.40826069402496,22.575762318632332,21.340781108727516,22.31992669358036,20.9822786200338,19.29938296584511,17.45426734386054,17.465150822791156,17.73800954860756,16.755427753104513,16.29787594225599,15.147469212305218,14.96310033448035,15.248200617069614,15.775324652530793,14.454801362715498,14.187844269428014,13.92954287190552,12.930107526249909,12.800888308969828,12.36700342078609,11.547204724640146,10.762803186652098,10.56948863168877,10.196350818447115,10.107459157031867,9.840556035176132,9.054019941087656,8.639239106737756,8.402824317514241,8.841315874807195,8.439801119234273,7.888903766205111,7.594100208143915,7.384667229709641,7.257070232094448,6.75613685095576,6.935645025305488,6.817766924720634,6.702712855401445,6.590391592978374,6.927800133506729,6.74260517106268,6.125485686978874,5.675666137881201,5.243961882447261,4.4596275253692985,4.314237088717176,4.230738442168977,4.6952410318687745,4.8648607842052884,4.654457356897238,5.0236091801159235,4.942030720498529,4.668114769412884,4.784044798140145,5.038419145336694,4.6976637465212825,4.821566517706749,4.617436050004008,4.546966495052604,4.22179911353217,4.410663254376634,4.152372680645734,4.088167262480235,4.0253706226965305,3.9639704681687937,3.5950889965358908,3.128284763757775,2.9597279589850425,2.741294341813149,2.2804798022736104,2.5794431975102388,2.4226788444786824,2.473989286355989,2.3189904791870695,2.4781917826383295,2.068058095304734,2.379802330143486,2.1208745773379514,2.339760037133871,2.2388488029341134,1.9800749126653328,2.1494183493801975,2.106131574953638,2.1782379982594966,2.2576474665850927,1.8143316810133339,1.718626856428289,1.6779034087754607,1.2286224549810825,1.2812040861186171,0.9598211613306282,0.958023746301297,0.6324636179778148,0.7375779920719635,0.6898449921534293,0.4228851025967355,0.4737132519448817,0.3530565217938922,0.40178229711842733,0.5688316215811803,0.5684872718859941,0.3260992936545739,0.35127566698249724,-0.0,-0.0
6720,5.130742827817772,10.802232922116497,17.375844944672924,19.3504879187093,22.321954564389205,25.758980830832353,28.502555520677213,30.950244277602824,32.04726288883189,31.25476317143278,33.58761995187564,35.316587654952826,37.41693639318854,35.834154505604836,40.17336123891531,43.338709246510355,40.72105181169381,41.83709964660703,44.75558398837349,45.06274705835939,42.8931356158378,40.922514210109675,41.98226272168349,41.76515888248222,38.608040418187635,38.78996424561822,38.05754345952932,36.24609481550692,34.99783994450485,34.261251832374775,34.63676969119026,34.6100133472669,33.78097283630619,33.61045101444064,33.46690219971538,32.55931397571707,31.510033910746245,31.454317081283847,30.487588253474843,28.49681021850597,28.342879978879118,26.332219906071085,25.244102968975966,24.206235197909812,22.75638842428915,23.17519980818557,22.543489591953183,21.210264989073757,22.082552158754524,20.939477885293044,19.301863284038614,17.49809279783027,17.41966632207547,17.60262209145478,16.54022452603963,16.123632835222377,15.01730312425866,14.869122750552549,15.0722391851239,15.513895755795236,14.241807816937056,14.011186055904504,13.897697446977862,12.933271462707843,12.731456717947891,12.228631340665643,11.347295971335171,10.694956117039666,10.625120961082244,10.187403773839163,10.035061810586768,9.707257114855853,9.040203923121556,8.568205922024685,8.524596046246641,8.905833068776703,8.445628722966404,8.000697590571331,7.728459952936745,7.620025374466948,7.436471035005882,7.028352092038654,7.1583674642766395,6.986365203125969,6.818234972612385,6.653840156053568,6.939549607767451,6.702709162990028,6.110530185744697,5.751828673843364,5.272183600966325,4.445332687562313,4.259427379296403,4.2532493258540685,4.737256242412382,4.927162781382818,4.735346702264681,5.194566913809193,5.132857960205538,4.874569802853948,4.947961069609903,5.159888029265511,4.770336365884831,4.849055499727172,4.59962733549916,4.549246435019577,4.181249031103579,4.388115531014362,4.150329673314595,4.042629439706756,3.9992231996112215,3.8945326336359187,3.488481739174765,3.102500844482455,2.897132184490914,2.6451041268129676,2.161661092193098,2.414514682165492,2.277362881311348,2.3405084515972825,2.254246988168103,2.3731434293580347,2.0361065262241063,2.3602233348576456,2.067771719127362,2.2446077333904695,2.2150322673027265,1.9227509440978148,2.0502504691766674,1.9690607781103018,2.05246799987711,2.0859088817842064,1.677178088422403,1.547431324273497,1.5206550484472605,1.1097377755784088,1.2168136830506489,0.9597601890662416,0.9275950198605596,0.6917447838196489,0.7761071493262793,0.699683516421082,0.44074933760271306,0.46880874428089275,0.3275369058998574,0.3468705897521925,0.5569653389619247,0.5735584222967585,0.29620125600374403,0.3291592786676813,-0.0,-0.0
6825,4.860863932457122,10.231001293853655,16.905501042928876,19.43614662763499,22.519037511700045,25.683434528132537,28.913330751065054,31.829131020380554,33.3521064112647,32.91050275326422,34.991449760101844,36.79403179064844,38.97750528333289,37.395355977975996,41.55334436653561,44.82509578242319,42.20635388523706,43.39105565890238,46.41362807545845,47.071745961460856,44.892463531490144,42.64248860732238,43.500628241562175,43.32932516983211,39.909501530389264,40.14543727583821,39.21022629749705,37.65344428576308,36.20395330172437,35.503484791502,35.71709171661243,35.526278491636354,34.73781251815974,34.40954397899388,34.11314716446344,33.24949459994679,32.04759184358837,32.04301274019855,31.118152073099925,28.97759066447935,28.69481831747804,26.55279144036563,25.50829936947422,24.670871563895435,23.09791176040307,23.409573159914718,22.81894478284355,21.520933379744008,22.440853610008528,21.188049619663175,19.582240743508258,17.804791124652677,17.634940811762448,17.728502151710096,16.947723336359182,16.807167038187252,15.830170139664473,15.593143802233389,15.716378747036002,16.201057927484044,14.820232052539687,14.505386096413526,14.422563532473339,13.364840038859425,13.085333258615385,12.814225133686099,11.841568358504267,11.301069751986995,11.257965302469882,10.83548481486793,10.706411806268164,10.395402284655738,9.642064779689342,9.267397142842006,9.248383890260643,9.583797541480186,9.046059576506154,8.527236500316365,8.271294680153671,8.102799188231383,7.938368249022826,7.462516985599921,7.700290459818174,7.468027526071288,7.3961706457329495,7.172275951442009,7.573217834413377,7.2726405911744045,6.678373860187818,6.3259737819666,5.77471126126233,4.86296265990757,4.688141338543865,4.640043267266838,5.102183279079101,5.32149072613514,5.143531441025752,5.716160602460663,5.6752077588922285,5.3574382897712125,5.388856282862495,5.563488916053058,5.112863479079426,5.217631811291277,4.913693620429275,4.816908485053345,4.394726293599652,4.6287080812136105,4.405838472803326,4.251867139482682,4.293709123411745,4.207335379425244,3.743633051001727,3.36245910628899,3.1109733507424426,2.9221275972187297,2.477978530085808,2.716804039715052,2.537151772227502,2.57026032259393,2.445660042306006,2.6446502361080255,2.2534871175491844,2.616741503975255,2.273038938705169,2.423727326693704,2.4705539314663025,2.125967872433737,2.3397652944585947,2.2757725396421873,2.331208285468059,2.3927478113874328,1.9732192884240192,1.9121239431860586,1.8518249008863799,1.3605836929950412,1.4530024684944873,1.1398129762376206,1.0777426708209081,0.8359129698415041,0.9055340535089428,0.7961846112150524,0.4929476930365371,0.500404717381469,0.33295646435968396,0.3294666111226479,0.5453739986435793,0.5189216874138333,0.22623657397179958,0.2441690257595406,-0.0,-0.0
6930,4.599883022422663,9.678171094964036,16.020918703272937,18.334070476844726,21.184611478083983,24.11343563824246,27.10440279251268,30.877205620487008,32.17915684002442,31.897544108491548,33.75811488477361,35.99784767748963,37.957610008042174,36.51694941841571,40.43340020920493,43.78598187150671,41.01180986963976,42.2943324292966,45.093027945475974,45.56168860875834,43.52911283536385,42.22409159845104,42.895333064715835,42.81157852337255,39.245974455479576,39.31738804079334,38.47337821170459,37.009153846551634,35.424901526098154,34.589702877525134,35.088232889155506,34.96853896546544,34.04700677391463,33.58614836650462,33.16086618431743,32.37682915424598,31.066495543131783,30.938438035852943,30.094157189167188,28.052355913937397,27.66002896575901,25.452705652165204,24.327547266569848,23.565396774799698,22.23260060824853,22.43789229959807,22.057612351408697,20.68848081991274,21.636502419451666,20.315270911785497,18.657845428530393,16.96948362946528,16.845014400952724,17.101662122648733,16.37558232440219,16.15543645812614,15.353968761277322,15.157425351247575,15.199114844655933,15.594455201851382,14.278601252948521,14.004776298625888,14.177459103791222,13.163494949335181,12.814225133686099,12.4753246789901,11.548361662436525,10.949644280959923,10.841476986295264,10.3639058232167,10.174506025308856,9.810040694154647,9.02160710438863,8.602558409580881,8.609739757203082,8.872713050243696,8.38273210560261,7.909827183618511,7.688089853553522,7.628041589302022,7.492392049713494,7.054639124838659,7.230975789264852,6.953878765567312,6.8320688779644225,6.566087352170583,6.969561439716006,6.704126891032646,6.086586114919361,5.9801582209093445,5.399657783435913,4.602152518902185,4.39053903715814,4.361429463596934,4.953292252134643,5.188237181883627,5.098062270649155,5.687992431316527,5.598421052138349,5.3041069571226815,5.287378184929021,5.621973688850305,5.19079905687911,5.248446475190039,4.9649308481860315,4.8886943310612185,4.419565933894852,4.607885152325056,4.405734894573743,4.27174248478773,4.268591435665811,4.3993450503710045,3.882601047279638,3.4541436205437974,3.160547242396344,3.043600129915491,2.606473302823506,2.8149848837391054,2.7576750173329923,2.9255311325967823,2.7568408923765735,2.9919000885600915,2.5379935245532623,2.8881368236660143,2.545645912722575,2.6694644906793674,2.8032837765394096,2.3979634503764027,2.6509612150626447,2.5454489413941372,2.5661479965782297,2.656758987934105,2.235260064381565,2.1337457274355422,2.0946443711547076,1.587381179304634,1.6561260443712935,1.2871060348533194,1.241592376583449,1.0449550336397901,1.0987367279109614,0.9496738780273734,0.5869375952181627,0.6148143253400675,0.40389207906797586,0.38093565104471155,0.6424541049179935,0.5839050770303534,0.24255411587132814,0.28812629440424703,-0.0,-0.0
7035,5.097005555891881,9.924486113353932,15.996778542328592,18.428448211564927,21.011030499857583,24.054578668471763,26.791794454525622,30.67404655084145,32.08584077396511,31.571027964815446,33.53297473620221,36.52568227991703,38.57599580450829,37.4993871003471,41.215185463012006,44.352763554065746,41.32905044729224,43.290162526699945,46.186914135623496,47.01999476118451,45.00489355050828,43.45264303832794,43.918603863427926,43.89305598657684,40.33542799942406,40.46272157377343,39.90061482532013,38.22369477110635,36.662760617324864,35.86151230206102,36.199478917635766,36.12819075567747,35.24040357966766,34.6134783281496,34.028771808986775,33.28473158869038,31.812951877846007,31.732933690626194,30.74115873677696,28.902979972615213,28.375407611861007,26.351170053840757,25.248565425352883,24.355077319755345,23.04097537893929,23.13817088845535,22.792925458493777,21.296453504024644,22.151772584925673,20.85524152086305,19.080152834026567,17.409886636191032,17.193937030702266,17.363435482324164,16.545847999348823,16.239740070789576,15.589590040750261,15.309688516647412,15.386091914358799,15.701005518624845,14.304116750327893,14.06353939101787,14.15927871577818,13.285456102510985,12.966401866130727,12.553837471759374,11.556389305066622,10.9872341181637,10.812953548809553,10.36479272072921,10.295199985082148,10.137811313028333,9.275609499596948,8.791897957859002,8.824814408554808,9.03107236014361,8.646005778699243,8.109515249759138,7.829824826360988,7.9530660569872715,7.839076669008462,7.415020284515549,7.541785416529733,7.205910866318613,7.029692181252252,6.782935078863221,7.139909083484133,6.894675433292966,6.219257806951789,6.062960828383879,5.56686703973346,4.7761412141829656,4.5188170061799005,4.569107364490519,5.130089513796421,5.390390070859483,5.252758771861351,5.802461239966737,5.73413199497316,5.389227210358965,5.393856721510955,5.82610320732114,5.479608151072502,5.491231829205294,5.223635119460615,5.168207013174711,4.640911094285224,4.8563304498616535,4.604024091847926,4.422818930145727,4.375107787152061,4.596663695120459,4.024986078243002,3.6080407583943064,3.326741871926189,3.168255361374675,2.685933499695011,2.860036713653708,2.819721070680652,2.950070580308423,2.742274344460309,2.994133308984988,2.5029871162349964,2.8080990352168964,2.4323807043887706,2.5112236725517145,2.5963501293411064,2.168920525844271,2.4209761166108836,2.2764561646860293,2.2494404237974357,2.3451292072903085,1.909716987134042,1.8268549623658845,1.7445666685341918,1.348663745072112,1.419508336897262,1.0932452896333458,1.013619736537998,0.8048792886215315,0.8100349942980494,0.730061740725468,0.4970886598022879,0.4904102261956307,0.34393829171761847,0.29667521874290265,0.47440499130647806,0.5289147258932942,0.21860349081388505,0.26911700771592206,-0.0,-0.0
7140,5.220729765957742,9.777036264048808,16.40476802805981,18.927884150353957,21.222808717404813,24.003950129219,26.85199350540562,30.847453059033146,32.35779426161622,32.25836592818908,33.97768957733167,36.740539116007675,38.88617322356742,37.88328906640227,41.70220125857149,44.94038754112378,41.662727773620894,43.412132382409865,46.0980199243743,47.0190357485911,45.085092137782794,43.33409549172082,43.61015172669715,43.40226741709281,40.19458638358139,40.14961077332667,39.66472888139251,37.83210781322278,36.35037736087836,35.40258499410438,35.59133933864653,35.8043928960523,34.777212387237185,34.01561157407,33.3014087977138,32.43523570272739,31.047328720582005,30.843535557522074,29.7461544565029,28.350597801205083,27.71149521153429,25.602719833385475,24.410603484998393,23.585222484671217,22.343698108934166,22.788690295225962,22.493000031473446,21.339641833491033,22.23867831659768,20.982578912659694,19.24318409406404,17.732643409555934,17.42488451640135,17.632560244899167,16.722211089105123,16.32952980691151,15.713475254991495,15.351037016286138,15.34631236871946,15.930528882946534,14.445767731235645,14.237256663792232,14.366561072475907,13.412096438678079,13.018403563483695,12.636545009954267,11.666551858923556,11.02837794864603,10.788071879742137,10.276965267870114,10.144229816820987,9.925538918194833,9.014780158730895,8.481474066732833,8.456121605802117,8.599281749478363,8.168130580742869,7.830145456935101,7.579635634242262,7.645688457767436,7.557668893060703,7.0896826548582546,7.159857412502321,6.930413852854876,6.706428465279335,6.415571691487008,6.709280310173285,6.493784262152734,5.792846380166078,5.730359022296744,5.204218806626015,4.402034945385453,4.115461335576047,4.237776994678713,4.730818057626438,5.062447425639644,4.883795246845158,5.568004594958732,5.452433723212342,5.070141058664271,5.026841044936844,5.461540009388044,5.146609484784406,5.108543526588135,4.803634886166006,4.768424765788961,4.282213644811772,4.4404737913614865,4.154407001255338,3.9377003926621854,3.9081345095124997,4.131629030698097,3.549945690371286,3.2325140784506003,2.982348371285781,2.8469820040054516,2.3581407063495887,2.5316890867636967,2.45503360275585,2.587278418512459,2.355407748651752,2.597770467402346,2.2081641252961925,2.5044011179188654,2.2699223949331317,2.3052212626654054,2.3439295671152878,1.9040154100765827,2.094848401466237,1.972725216158716,2.012820677771825,2.1147931955634176,1.7181589135654658,1.651949544796333,1.6392076031855431,1.2243976224388013,1.2533955459532493,0.9611801060359447,0.938954868422839,0.7501323979309718,0.7652196413410486,0.6986874799155974,0.4820185760186765,0.45005401772545395,0.3190979836966051,0.2528536940807986,0.46432244036305537,0.5340046471275777,0.19644171272868655,0.251055762081247,-0.0,-0.0
7245,4.9520022325830215,9.242922984530646,15.54334377900886,18.243109510554326,21.063024524727737,23.592331750684167,26.1966139624678,29.936662857998463,31.22986266546764,30.953217610265156,32.79232828297122,35.328107691785384,37.580586769418645,36.41992606593806,39.99357191186581,42.99450079304229,39.63137340293262,41.18264750539743,43.64471226861363,44.97046837607198,43.20226178495023,41.33467569959787,41.71804363031253,41.364513642572376,38.58369293805718,38.63543854443815,38.25159809393482,36.995913482395196,35.60730683310633,34.52694892643727,34.78698149793967,34.85794731463073,33.91615716336236,33.4350011539155,32.593872853456965,32.18900174935497,30.676932180400602,30.34745387992259,29.317379902033085,28.163175542430153,27.407517853242304,25.526608391985462,24.385012050731593,23.607173502071088,22.260647573767034,22.75008202579557,22.351146559561503,21.246216586640596,22.041083062718943,20.69455406373907,19.144296249384087,17.5503279326214,17.28314870529148,17.781824494098203,17.02846149550505,16.668036195033807,15.961543889244727,15.514007686736523,15.543916535356649,16.04825348110245,14.480747820236214,14.305528574133477,14.579734864460425,13.650812844799486,13.28539459990923,13.035216452208939,12.079745708262664,11.362046600649103,11.051163517494635,10.561956534705372,10.641150124475478,10.444769572843422,9.448152449846251,8.842688734845982,8.758117712324989,8.92960004094999,8.432701335129961,8.194850201577696,7.962920245904736,8.136190186654575,7.9897872044491685,7.5321112295002575,7.550685072132675,7.338801005794956,7.131788367580205,6.854800193276777,7.182914675157067,6.908266625517826,6.135448821172187,6.093407785410156,5.5039949934137535,4.6963501406975094,4.418615837374499,4.5652630282289755,5.098849405157779,5.465860953051096,5.301736885650809,5.967475096991487,5.800005977206627,5.3589582359019,5.268508020559129,5.665507178802952,5.366798710499361,5.350413509093113,5.060136590825321,4.978375880378785,4.437586375690989,4.619947157487242,4.284749237041189,4.022362221875111,3.9500894967549547,4.194567139011189,3.567762937958233,3.2106969389304787,2.9240185071474167,2.7530762427586337,2.2408022955497624,2.3733418242296334,2.3129153972560244,2.50642330543251,2.293560620241384,2.4938541904666063,2.228013362951067,2.5425014748208166,2.3769444644830684,2.376492243622884,2.491453167987349,2.0538689328975606,2.2731169413424586,2.165707448480368,2.229918084749742,2.3007900028358366,1.849692766852518,1.8007084545772987,1.7525707840858677,1.289876498217277,1.2875617969117474,0.961943504526255,0.9973545443152165,0.8158165067584525,0.8047904040404543,0.7948019171471477,0.574355388270468,0.5566480005380623,0.3877749309786124,0.2957892387757179,0.5015083687983909,0.5391607922369651,0.21114497551030562,0.23390335010779123,-0.0,-0.0
7350,4.691703147107038,9.104963430586556,15.534265652280748,17.9634805391836,20.53355513821559,22.827329720333957,25.913477754320144,29.765439234030662,30.820368749825185,30.661305593967136,32.27895210769465,34.592024057674585,37.266157177969944,36.5153403851224,40.187372508174214,43.92115668797306,40.280390496437136,41.621823626468114,44.17591179110425,45.58520130389537,43.87207145473802,41.78379527541836,41.97366588401676,41.69035880290943,38.96331542334602,38.83837725834202,38.757986324891775,37.323501226174415,35.76693420386337,34.74561246462312,35.06731035451822,35.19814491715976,34.10223762515252,33.47522477967189,32.49431536114835,32.14875792862159,30.506418471245972,30.049952209693764,28.902008558732827,27.8117901323331,26.944638597940994,25.132958370914537,23.893356363659873,23.019823783787956,21.739550678919933,22.270655873426737,21.77666741150066,20.59152320140955,21.56341744142445,20.138716213712463,18.522028772968543,16.997239852281258,16.6507707523321,17.179807179667073,16.72380218411879,16.404606901290105,15.741026801457906,15.332800427847827,15.63066362639075,16.053258197010997,14.632445289100396,14.37856634219385,14.686894040117414,13.787576140371879,13.452472899222327,13.232433603992028,12.300444587204115,11.703998543208817,11.320658617495017,10.853906202171215,10.868088907707147,10.697881789636545,9.716014204482756,9.127908435227928,9.067901362769527,9.182337554135033,8.703867462168745,8.40496000133085,8.440216693056724,8.561160200316413,8.35398922790087,8.070786359320492,8.034546303852332,7.761124696172861,7.572484489182159,7.234057504166125,7.517545767055585,7.2604902957703095,6.636051778570287,6.542540639185352,6.022368872463667,5.129881162870957,4.79636224258897,4.906780453923805,5.415338078777161,5.746793530108176,5.5317397233970445,6.162088453408013,5.942718447553618,5.448948512238347,5.310738505465839,5.6597221330485,5.382671598493727,5.457722621792259,5.186194170959968,5.125176825982578,4.531952065466475,4.737198626736953,4.418212655246591,4.108947320295095,4.055678883859786,4.324252910052897,3.767481733186156,3.419037525233009,3.085240215231779,3.037525587890742,2.462718730281564,2.568925259886203,2.472313964517822,2.7461837853565476,2.488129947284806,2.6617193542861752,2.4573295274568108,2.8106589216461377,2.59962347565162,2.6790023310916866,2.8261106756926346,2.321042438565449,2.519415080212508,2.4285882198120103,2.45995058104952,2.4959541541431607,1.987032926865314,1.9570852605253106,1.8705187328967412,1.407082297593151,1.4242804005017509,1.0498457864864241,1.1051523108636436,0.8849730785764409,0.8456458891771,0.8059105573481544,0.5959818544517861,0.6341212060982668,0.46568294226450346,0.34344118110428723,0.5405596478020049,0.544386249612635,0.1895601598053132,0.276325447210131,-0.0,-0.0
7455,4.439687834938408,8.593660105458833,14.702069783476068,17.304483732268316,20.015769287304742,23.530587470193485,26.724349422956855,30.331957253135485,31.118561584989607,30.709345558070684,32.4242609764274,34.835659775084444,37.28673090079185,36.93305556296963,41.34593789794498,44.87690949337101,41.25062864126058,42.37545034554331,45.025965136831104,46.518811742297935,44.8493216925908,42.795411206299484,43.04781771631955,43.082672860576935,40.35683025196873,40.03362591126878,39.76343818543658,38.363571402832754,36.611133756818695,35.85021559632565,36.22818485074189,36.195807455469165,35.13463914536937,34.54775193689381,33.39877096094267,33.09803496225213,31.28824054901607,30.68793428562735,29.575998528350734,28.343834411273907,27.343936736095934,25.40082753454624,24.358702926135567,23.365157832937015,21.96886048218099,22.546176029900785,22.091746333641293,20.796945977814662,21.67138230702011,20.14628185172329,18.43811208944456,16.830975196086982,16.401646908496375,17.088923135611886,16.5495508704085,16.26922878941214,15.527574109225768,15.043017857314634,15.258113837613692,15.595029912483078,14.231519123722482,14.01552186110594,14.353767087160538,13.392445337781167,12.990540259965936,12.80676232183488,11.82316911403969,11.173307543450852,10.734757048379077,10.309829959971475,10.351903220872755,10.123209719837172,9.197575453134245,8.569448010446774,8.536662993331356,8.58942330860639,8.072193416565739,7.730464092365748,7.866798941621927,7.927156062239007,7.830989421392529,7.503160356383497,7.568968379667607,7.250632388891888,7.091132637893851,6.7128694124416795,7.006794225866665,6.78110558843302,6.130262244314396,6.060847465559862,5.649458474130041,4.745641221849958,4.384228513291796,4.446069094763454,4.945487405231773,5.2129746270279576,4.962489018594331,5.506429414735648,5.31819634403825,4.936420641828429,4.887696460937316,5.171712066638133,4.8602702226194126,4.948465862169591,4.708575073106454,4.602744981957289,4.060762320875779,4.2069970164885335,3.8636651537604116,3.6494548332084573,3.672983967003987,3.9427122823735696,3.4301356866982173,3.170087440920489,2.8650478489525453,2.8872880918347645,2.2955853874838184,2.410826724021074,2.282114762692945,2.557290944849479,2.323334182963696,2.4511291569791727,2.218777016119971,2.6213709069618836,2.488165463647348,2.639185757019206,2.802884932827463,2.317605392630957,2.5337806206371525,2.5219956739022993,2.5126032092375703,2.5059003619203972,1.9572913490977544,1.8874761675296654,1.8183316432029306,1.3774226328744996,1.3580861534054285,0.9639544660174232,1.0270425583795855,0.8694129747047312,0.8000720067459894,0.7728226726720197,0.5790748905945297,0.5863383946246667,0.4723903416260526,0.3263483086793297,0.480919842345043,0.49248051567080164,0.13980912067130152,0.2021799734601896,-0.0,-0.0
7560,4.558954404573065,8.839036860983358,15.113097833926988,17.813937399473545,20.24989826665692,23.88320465313016,26.822441467876835,30.54818871008674,31.078924081316035,31.434249840453713,33.23703258192704,35.7467990254505,38.29706496164472,37.68079998289065,42.5410650064594,45.86310161325705,42.25080833379623,43.45414128880017,45.90306463678936,47.18102324902386,45.56746621574815,43.28514018709765,43.609997683686444,43.713704099860834,40.775383344920925,40.76501001681701,40.797808722525545,39.19653821610594,37.47935636790252,36.54112516126563,36.75970731598403,36.568298816042585,35.771070904070875,35.025842279608234,33.72188538515879,33.277368110735964,31.51708974169994,30.96818520432192,29.720900642949022,28.713636416644956,27.583393393159053,25.51459078200573,24.357894856422323,23.256497202651868,21.76088488126795,22.38141555557638,21.973860679980444,20.72614211013191,21.498817973181684,20.160574521094755,18.360569483156183,16.67123410542175,16.2816341377588,16.880168469130407,16.381849553338853,16.139911852647263,15.437342292551815,14.875108779750287,15.009587981044337,15.379045380865582,13.95053693027263,13.770336374664607,14.029692753834857,13.218229711320713,12.851044271427424,12.597115354082723,11.652815578227825,10.942407059219551,10.53739930919692,10.144688520918768,10.214146272090368,10.105009090409984,9.121087270147319,8.521316789673639,8.513719479027385,8.508777127777707,8.01882003498815,7.780840632095445,7.862324160579112,7.94682625950102,7.95437823343069,7.569853474437311,7.581613833872253,7.3631621639355735,7.2257993538352325,6.866742252254795,7.18752330082418,6.90706787098298,6.272004836806346,6.295078919642789,5.8279807109131605,4.928351494101172,4.578481822477597,4.599918167467169,5.128488934988692,5.355220408846455,5.056435894743851,5.557871961085258,5.45785974864314,5.025733144113588,4.931494856011218,5.169899215521548,4.8133980725233885,4.854895441628931,4.572574229051801,4.487127034348655,3.9710115401897292,4.133482912200927,3.7522972145913553,3.5011793354805434,3.540620399568895,3.8833557911044765,3.3927833494143167,3.0958636349216775,2.810656619825293,2.7951324516551113,2.1822212495623403,2.2594053865092554,2.1956193197354286,2.4278686537613314,2.1659409584901583,2.251521471678671,2.0429404923397403,2.3870327904782016,2.3267118600249383,2.4305507059179976,2.5426335213589115,2.1507050298078774,2.314729291565423,2.375526111866515,2.3818124158963077,2.3300403594632653,1.8188618083742272,1.7115716442872784,1.7123781368590676,1.300300028168971,1.2942062259610407,0.882915007784911,0.9969240015849171,0.8125713970629705,0.7979030503465299,0.8287078882748127,0.6008911363148786,0.6227117663407044,0.4791845228424305,0.3423787202407409,0.4709269566765335,0.4441120559172358,0.12393822899538756,0.18754173117491055,-0.0,-0.0
7665,4.312081706944592,8.338249005748303,14.704451432762138,17.165503092695655,20.118121950573762,23.501013549836316,26.56275638491686,30.039681148683076,30.35139065253772,30.83838011970573,32.42528899001365,34.7144822229309,37.367355140706145,36.57128257631611,41.49945272202676,44.58973954088302,40.84693409841901,41.858864550063785,44.094659882874446,45.181928113896504,43.44488699271439,41.33655059381349,41.504172484411555,41.71954013121343,38.95479800277065,39.045584540830944,39.174741324213855,38.162615351967986,36.548472698059115,35.479763847069265,36.20832749077909,35.873834816228786,34.944533222077645,34.27777600840997,33.05465356546692,32.48374844185642,30.80829833470752,30.142383069515766,28.793684030149738,28.036783165047456,26.97636805638221,24.984265548050715,23.733936653896492,22.545299459483246,21.267955042812652,21.928715499689364,21.426741735185068,20.240592484365216,20.907581250880853,19.496974454087066,17.642387556780236,15.907585302179033,15.805618069976319,16.31209926542987,15.86095832048951,15.660678716211525,15.005745363597411,14.600042528362641,14.655282935706088,14.94177818281645,13.461892448287553,13.318490217016437,13.606780985379293,12.841042340890919,12.511254025078864,12.292203374877596,11.390472112385153,10.81173626600571,10.437641385002221,10.165386793161863,10.3541165330078,10.180727761780542,9.21936533156633,8.558613393806015,8.659218004363181,8.59636399051898,8.04807671380132,7.75497954278087,7.781339721914434,7.810199437296487,7.841599260754482,7.561161495604029,7.674852299010755,7.556466180643473,7.363882120341318,6.94943981946849,7.295602141458672,7.036228158995753,6.345375809886052,6.318818105335042,5.941343144368452,5.052077914860588,4.840703772765748,4.820091317518304,5.31639412439101,5.637346298810723,5.351627670073239,5.891083936985785,5.8109078391408024,5.386070314720192,5.242993488157159,5.442707186912904,5.165387516083487,5.163141903763775,4.827014317671373,4.695075285677899,4.247907058371633,4.373984034596528,4.00087298450112,3.9411314499251007,3.9439649342776506,4.330751714184291,3.76996910209599,3.4759680362388083,3.191943353793991,3.1396790726679416,2.5011676030465084,2.5523987157101793,2.4519409465579867,2.7188278323717583,2.458309287674773,2.625144545265547,2.4180606804266183,2.7615884720818107,2.719533150431672,2.8581259620390687,2.944595519441531,2.483331038532936,2.686766634811182,2.7162934053524666,2.685464214246045,2.722791228506215,2.187770492017135,2.0364459334827085,2.0651426482405197,1.5739389761123608,1.538128361080794,1.0535329689666464,1.2027913315746508,0.9706102426923297,0.9289769848911251,0.935411697670068,0.6641639707281547,0.6605310246381826,0.48606976819508585,0.35892724017493643,0.5084452923691201,0.502648223445072,0.16339219905669125,0.2238557800164634,-0.0,-0.0
7770,4.073151296626375,8.585742682045671,14.713233298861061,16.912446494773803,19.621013186963825,23.127997203620875,25.94779352099022,29.543316829804,29.639790917624886,30.91964000739985,32.60634417713363,34.99709197675549,37.42762095132175,36.40907559683711,41.11786266542158,43.985633774104706,40.06909949769141,41.180214537829144,43.210939056510846,44.104229209239364,42.21290596291678,39.970732230574406,40.238741989892794,40.5498197058084,37.91427960041279,38.09210466252615,38.067731260924084,37.15386303691336,35.863164029898485,34.66076349106487,35.4560936441338,34.98483641223509,33.93181830284732,33.34593655565154,32.40464476590326,32.29235376114859,30.679096658025145,29.88648393064292,28.420746164724545,28.072718769429084,27.06197682372044,24.95160925770875,23.592509674982338,22.757404779163572,21.516316999310803,22.076052741892923,21.469872904833526,20.18434105718902,20.752242761289715,19.52415257106994,17.835314036648303,16.248154685648384,16.059058685524295,16.605675728394644,16.06532953108911,15.898856314456784,15.157209126073813,14.66986118773252,14.646314758783245,14.853662775945972,13.304508670194098,13.194435698384105,13.40724503037442,12.576380321180233,12.180442762199,12.09534139494005,11.231069101415656,10.779215661812248,10.341761468324753,10.098493543544665,10.222988891710052,10.168909234795791,9.234608031779679,8.515895318799416,8.641442488047966,8.687051819710053,8.160323378146513,7.889226768200648,8.019833413356547,7.993591808057137,7.969842933143834,7.632704222095993,7.770991285185753,7.675850898801142,7.583465906175439,7.110138200859832,7.484384884963451,7.245218373855034,6.712752684296977,6.7830069286617505,6.341792515042474,5.44078836066911,5.241710125768161,5.2414644404819555,5.7139391180780805,6.070753534577986,5.726529192154703,6.236272717169978,6.104556652987791,5.62090080358374,5.496708124229829,5.867728692050583,5.602589007722148,5.553474191683329,5.226863005659072,5.112411648998944,4.666081547467987,4.755282521211535,4.322605590457833,4.282140469164254,4.243214593892734,4.601015674738654,4.042256771188513,3.8192367259167295,3.481406940579279,3.388252450266533,2.7919185919592584,2.8118604822205144,2.671449052519943,2.9145897048854246,2.6081978329481816,2.7435019767120314,2.495109508143527,2.8636364688619578,2.7810805370072633,2.941166282242367,2.986114026758902,2.5398938468717365,2.7035044190288344,2.752919289026955,2.6777248158933187,2.668962147382447,2.0988117615205533,2.0840094175000794,2.071691180840222,1.6507880863704798,1.5777683561416525,1.100361348227922,1.2198666107137803,1.0477851789178239,0.9739483751173379,0.9480964071000411,0.7315832921316219,0.6998334755826261,0.4930505215558513,0.3413516676532722,0.45150018293554867,0.5660468864524087,0.21127956644814821,0.2648841807153054,-0.0,-0.0
7875,3.8420481380072347,8.094726585784006,14.727156822254367,16.6655349410145,19.134301691594157,22.763871101955097,25.345906012381057,29.05871126258719,29.284881774034385,31.012282843844783,32.47170092720123,34.96700293294659,37.17562900534845,35.95043871375012,40.43255376577798,43.079218852394,39.30978424727288,40.22748898424943,42.056957069105465,42.76431236373377,40.735889808203254,39.16091376110065,39.26082380430005,39.66179518810228,37.868361420313306,38.11906492031822,38.16517902924237,37.08564702568565,36.0861185640731,34.7234035924427,35.58450193594588,35.17405862755474,33.969855897892096,33.44342420214512,32.55816480308106,32.307152732139556,30.93736318163227,30.193874960700022,28.770302061511476,28.469938821297912,27.499664616932492,25.2526684618515,23.929563413187466,22.97836246573175,21.625843942018385,22.083001817764455,21.52024745821782,20.13484729472442,20.60432043926257,19.557847269405197,17.776913689493146,16.107454634401176,15.95624653830719,16.538554951627212,16.035772604782064,15.90549624416875,15.198558011845767,14.631420660849706,14.529664311227995,14.77065863839741,13.365092972566929,13.286754685339444,13.425767431008392,12.625423534111961,12.158313392351737,12.103713346115006,11.268365202820398,10.750186058952398,10.249653174320411,9.944967255101657,10.096023319365877,10.06978780040763,9.081030895510008,8.312189585219132,8.379082592447197,8.448868560617928,7.954245013013338,7.632563485822116,7.706110289660019,7.625875613981897,7.5483184987176575,7.167985205633886,7.324295612806599,7.178711647573887,7.1117735166585945,6.676332092241499,7.2119879118310966,7.075464742137842,6.718580904390655,6.737171603703925,6.24786137887192,5.308775018514294,5.131628498208108,5.2157443488961945,5.776648420772403,6.085800117416305,5.692995151808004,6.296200570893957,6.186318297715351,5.650887079483548,5.478363104308843,5.870369198024879,5.697882009894638,5.599331865886998,5.22364780981485,5.130101028693491,4.703201139801554,4.8807389876648015,4.397874036618047,4.312917575928692,4.229542086568539,4.53970568727552,4.004137528733617,3.8008544617655673,3.4229458782481124,3.2896711317993557,2.7719108631306857,2.7541609580797424,2.578452741210713,2.94508838586115,2.7084572377512535,2.8082967454348564,2.5741059442511154,2.968439267291485,2.8440712818558547,2.963770316782157,3.1580734428588277,2.657738880512587,2.783703215142058,2.790494623663648,2.6706975611627994,2.616504325191914,2.1284579877240932,2.1326572308270153,2.1404001363380187,1.7871100401294848,1.7325447665677551,1.19621425121865,1.2889838819002106,1.0792296057406936,0.9718101004763187,0.9610315649785329,0.8032596443737106,0.7892855542996478,0.5837913589082179,0.4317448067180555,0.5370984912356462,0.6344597571995345,0.22661481715727427,0.31089752300144236,-0.0,-0.0
7980,3.6186641830608997,7.977198779386401,14.746298775409883,17.192958991708174,19.389889175703814,22.77482480173412,25.474287451241253,28.946652892429725,29.627265002644872,31.454252926207264,32.676870385632384,35.607847724187444,37.917464295275614,36.43184555805386,40.716528311224465,43.46709374317411,39.451743144801085,40.16520969672799,42.08603146163593,42.59341901487328,40.65048104544014,38.8921851022127,39.07410616425745,39.55435076278574,37.59140042084555,37.91814135731719,38.03839966332851,37.030068821691366,36.09794998602024,34.58117103690361,35.29189331854741,34.94992342869476,33.606585589409654,33.147103065738584,32.32731978180252,31.943201399613677,31.01797470458491,30.32783583658897,28.773223846905385,28.349274658040493,27.261478114595533,25.07388630609374,23.803454053587924,22.901271025590137,21.595303632837307,22.097342656498586,21.723748298341906,20.23176310523477,20.744687910126927,19.73451958490473,17.982551739904146,16.215895833234153,15.979361469239066,16.599295068433204,16.131508420255162,15.917354878512306,15.477650707588332,14.82448563836793,14.64270303979622,14.805487925395042,13.430174860238235,13.277349721052072,13.342240817125848,12.473234168271022,12.039713590482863,12.115980493747017,11.406135147447111,10.913017896599323,10.436177727321276,10.24697595368491,10.336241813714556,10.245905488809894,9.18765150536787,8.356855848987855,8.448868560617928,8.461610408546802,7.911256906272787,7.5365888254493685,7.7113214618779775,7.654759594875931,7.52309010926797,7.2420510217603935,7.345893241740612,7.1474111238856946,7.028272142332224,6.54511366176987,7.022336679099072,6.8355438533553174,6.434549227173944,6.546755704697699,6.086057227745297,5.244936796590432,5.024363108492102,5.126775636164141,5.6344702291525826,5.960367450787712,5.6612724726981085,6.211567203160457,6.124215611839815,5.54338460608163,5.392989502372189,5.802899898067241,5.58200752300122,5.505310415232025,5.08542413935694,4.945566870889217,4.610727428536647,4.80601061058835,4.3463642634992645,4.280985577813479,4.153625811848319,4.4140034771425,3.843165509365229,3.6014252184702,3.193994481400549,3.136926007492442,2.5964703219836816,2.593258350425487,2.437283158488628,2.8632590725219234,2.646063719465723,2.7608355030950253,2.5449633426890004,2.89473675650573,2.7890695632522484,2.8640038194343616,3.0724033189473587,2.5970806114672116,2.8021437992147544,2.8290531906593013,2.6643739200579764,2.5653609464330662,2.0420579272372152,2.0032692478003717,2.025580072020108,1.6428647710154274,1.7171509873078334,1.150656704613794,1.2551221784711848,1.161822619880937,1.018322705317861,0.97422746096094,0.8793056096951166,0.9964938317215575,0.7346771119094051,0.5369438482361781,0.6327387749666351,0.7799223477475514,0.2865407421150681,0.362153746006786,-0.0,-0.0
8085,4.436731782064041,8.603107151368155,15.192686166536964,17.344859685693073,19.28374785341654,22.793847745462863,25.612923867020086,28.844255042440047,29.636581106044456,31.2325490852037,32.56436938715002,35.604057449091265,38.351976589838,36.61872738836432,40.69653838026584,43.87441726963661,39.60853675041186,40.70271302177294,42.42281094609231,42.724171503854045,41.1287462398387,39.42553580574676,39.4173399364576,39.715502046353116,38.55359821856212,38.69883237096581,38.640543630527944,37.45059010020793,36.34758621007473,34.885235788388165,35.444473760194356,34.950405682780115,33.87391790678949,33.47019907447836,32.70168446098461,32.174418028463535,31.109456345464768,30.286743002930493,28.606941468286895,28.062525818621914,27.033131617437526,24.903889068748903,23.685472489067088,22.67920697350687,21.424736689371766,21.970893345199073,21.49732441361761,20.055952251413675,20.610396020877133,19.64495115268484,17.93574477607199,16.207745030827827,15.887161214964076,16.543022982179817,16.11245369836364,16.053772794529266,15.6469709450818,14.909456344139617,14.761072319630683,14.845219722026027,13.607474998949389,13.378656462178562,13.582959639674105,12.63291616624911,12.226614902815085,12.2328058924954,11.548519551901823,10.985501905657927,10.442319346308842,10.189476743506928,10.398060096390111,10.335153790892882,9.21153987196581,8.322523440256715,8.357372812578957,8.313220699737373,7.713444218418598,7.366967900496002,7.563048378012582,7.5304548215451526,7.346516540880637,7.166930309397484,7.293271929770884,7.118363600751546,6.947434495351775,6.489016338444286,6.9867632595525215,6.748907833050706,6.300771339161129,6.433320399702491,5.997920133079518,5.247880636499598,5.1107236550535236,5.234250128851046,5.769048056065858,6.121422649492448,5.839849555173066,6.348651913502604,6.209789652217128,5.576456765353065,5.378054193729279,5.737593844661129,5.539058138830981,5.483768119179585,5.017769184852799,4.832273944973684,4.520611223016429,4.667147304867818,4.233278211164459,4.124429477776217,4.079665121526078,4.291549663797748,3.747391222431697,3.585722704490351,3.1963910291082986,3.2134850028359523,2.6818582656076577,2.695575987656556,2.5529295866510444,2.951633824470604,2.693410481126711,2.827273541722667,2.626110886514303,3.001656017926497,2.8535921493927647,3.011586161664328,3.1825666278068376,2.717682692592096,3.015794311857324,3.001217991654798,2.7884353687851666,2.643967937807802,2.0722285742895172,2.1718520952483864,2.1562436871829083,1.7226557764473946,1.7604453133811913,1.2495088827713612,1.3258851488812853,1.2483657666232049,1.0663517324842064,1.0392245456531661,0.9598365400978189,1.0475549204393821,0.7964778262033206,0.6072425766704456,0.6782587479077211,0.7869219958243091,0.3054928777332751,0.3399670285135926,-0.0,-0.0
8190,4.566739486059513,8.487879836799394,14.800613385985358,17.110954085889443,19.556606228628656,22.821059104007603,25.762104554319585,28.751515140575723,29.656440218659704,31.021212060128764,32.462823192308775,35.612844076230836,38.137424894200905,36.19371924927822,40.37021133776214,43.65206449982289,39.1845708731796,40.37520608470569,41.89637092721085,42.29499032429107,41.072082674162765,39.71256603735615,39.77744058644418,39.891534318190295,38.7963602368481,39.012276239846194,38.78034544069606,37.65418285460929,36.38498380216661,34.98471695886644,35.3925501169302,34.7500204105115,33.739708546233366,33.195804176933926,32.29394172641374,31.63790480900154,30.454328184528414,29.51731355180627,28.094839811503313,27.43779746903808,26.644541815061974,24.742527619231975,23.4190381213143,22.313913669373953,20.969747628673122,21.55764159682936,21.13442247393803,19.74865309363355,20.343160887344105,19.425988200610018,18.024503933068537,16.327413680238788,15.92066741974813,16.614758967401876,16.098679564172034,15.956808379667267,15.586937097071166,14.771307863345573,14.658201726367023,14.663836697819812,13.359433773838314,13.165406269587631,13.400903461041395,12.694384171208041,12.317469245013728,12.354275684496507,11.794279962178248,11.15741744193943,10.54444508898034,10.226392901087584,10.371335692257402,10.244878539386436,9.152313723013286,8.372436638278772,8.350421493546515,8.412832674347698,7.7541883827061735,7.353377463945131,7.572872732022562,7.563804109251336,7.326154766907228,7.169691680705909,7.243062268838649,7.016482474747418,7.018257652495786,6.50699035014205,6.953402261790636,6.664881193948674,6.17035839040106,6.251460361462698,5.774653905367744,4.995549763984747,4.943257803392211,5.019437095353625,5.767824662966141,6.070386315872134,5.811120541429961,6.267414565061668,6.297897207416883,5.61129689081477,5.364723128473506,5.674384600719935,5.428246889677035,5.324716793789893,4.885518969850631,4.656588618085718,4.432760085965857,4.5318561117289144,4.061298321694646,3.9113444113523004,3.824109817766493,3.9830155761658723,3.4769711782463326,3.3371241347475955,2.977985384585431,2.954192846341446,2.461159247345813,2.4872385379604647,2.3639527831941445,2.705770836034536,2.4733527652577,2.6146020340890392,2.3830901132238504,2.7527810803349686,2.5690552013623638,2.731443201253464,2.9075562640222135,2.422597039231872,2.715383457305013,2.652216260137408,2.466108729954331,2.404650911484871,1.8770022749558621,1.983726804020996,1.982034245553297,1.636416532496329,1.631008370304884,1.1088315320972606,1.240226817286407,1.230372318799117,1.0646137626496595,1.053414720733336,0.937581445888969,0.9824369562584898,0.8615918056577029,0.6315278926252589,0.6660485307127333,0.721366867474821,0.2344659351687446,0.1985976189241534,-0.0,-0.0
8295,4.701605272122089,9.150495675014287,15.697458735938197,17.673454114129044,20.22248591439693,23.231596792126286,25.92214947238387,28.668451696083004,29.338342129840516,30.4827100641305,31.713100112431995,35.63435793643864,38.60425306945689,37.036563418803716,41.02266262529692,44.09468670324322,39.368707375780794,40.650314177161306,42.2634219345752,42.45510276278776,41.307009589776214,40.28421748361575,40.15495833193948,40.34117447757956,39.05456215100506,39.09550776767927,38.69312731385503,37.40424601800483,35.98296177332188,34.4416489200035,34.703345942707685,34.13819769758465,32.99933279935943,32.52959203573702,31.50599689200639,30.923114686620885,29.8149107817119,28.947617681177253,27.5956898803785,27.000130909903323,26.2669027191613,24.428330853433494,23.161423158689445,21.958363586260745,20.670133369808237,21.154801001079537,20.638169196767063,19.17588179926539,19.806988873099378,19.079485562212607,18.119641429320257,16.453146240759917,15.959509314782991,16.569316739998836,15.970079803986987,15.98447114996339,15.767476706987651,14.980328401892365,14.7864321922863,14.826056098964902,13.545183066752125,13.274924869552146,13.436869021687398,12.656763428092562,12.209755098665854,12.176336514436368,11.552359565122362,10.951285435970416,10.372261045656977,9.994063038714941,10.074406026190303,9.977337540435723,8.841208408237089,8.019833413356547,7.942882617101188,8.108210253041037,7.4088940460759645,7.0402644908324445,7.20195626563844,7.140386051737204,7.006434848917557,6.80208978424524,6.821625501634799,6.551323682503716,6.502107123831255,6.031888655252235,6.481722690795857,6.1539834382610845,5.7000101006440245,5.797300442483452,5.293228255590924,4.508347922980161,4.41602567995692,4.504218085317676,5.294837662636531,5.602818905967859,5.306388575112374,5.690452322370381,5.738171774388763,5.1703065189639315,5.01793779384191,5.335647219891184,5.049326191906351,4.9679113108722746,4.562752026985734,4.485742216443851,4.222155159173903,4.273366962749314,3.834530965489608,3.7646604055841415,3.637142726354497,3.748161647720034,3.2187140420247293,3.0445871533641298,2.6659281150825445,2.6562384208920857,2.204922018362156,2.2411682019187427,2.0902703154036035,2.3708967772109717,2.118725545005421,2.258747352265834,2.056584820223232,2.355351521895792,2.1977864648047842,2.357136322532488,2.588529256721666,2.0944732511710185,2.318307031986023,2.213902476459425,2.0549976907744036,2.0081411714714945,1.5432631584439171,1.6983414045940282,1.70596223477015,1.3992006159836996,1.4027874679228554,1.0659761757879505,1.1582448903370546,1.1610136277047367,0.9649193083628741,1.015490170833857,0.9678386144518634,1.0334057759612327,0.8720832682081634,0.6060320933663303,0.65405874494513,0.659505258802502,0.25094398995632516,0.23636048887869318,-0.0,-0.0
8400,4.841635122279858,9.038388528162704,15.307098916775399,17.44867546352705,20.523739387517498,23.277695896224614,26.09341134950828,28.59510480610598,29.03011173479962,30.29168589578993,31.631992801667725,35.333720152652894,38.08035937149692,36.31837224405246,40.72291230456171,43.57628871994183,39.268924265056675,40.349627782543664,41.764311121046894,41.76702607635481,40.7242927309093,39.79934191359735,39.4975243492405,40.0306273879085,38.57759133369263,38.455484278116344,37.89876576737095,36.702647231007,35.36987706443492,33.91273569997348,34.45917214843187,33.75126802834545,32.47937276312793,32.07888373516247,31.124570908150023,30.606037560451874,29.56121953261806,28.93547268341191,27.459204703459527,26.745509615109672,25.899885028627207,24.28412668562211,23.223184303896502,22.06206068119882,20.957779179190855,21.489177590233805,21.00926055102117,19.571014133760833,20.11020316653499,19.415619732959694,18.352431863565716,16.83408278527547,16.369362511255087,16.899531467819347,16.328852510248687,16.25786247911425,16.19366661372836,15.42840555180032,15.264864321834844,15.223499677051482,13.955259372782777,13.604173758779535,13.90900951702086,13.03944789047941,12.512655372282524,12.407179099981828,11.707239635859057,11.322768130164837,10.667064805798287,10.49483962715898,10.605126307675443,10.440533333245657,9.214539427153914,8.316679247511393,8.181661265276064,8.374596238295837,7.764516258310535,7.3329731948624755,7.444812505818307,7.405560185736414,7.292206378851499,7.031336194638856,7.149694419454075,6.895177954677613,6.941995125223874,6.476802259834768,6.9680174802048835,6.576995489621673,6.128043293220794,6.1809953488720195,5.679907040526071,4.820143291535108,4.744018903434137,4.919027295054192,5.770538842306516,6.045422497922262,5.759017230771044,6.18465302727933,6.333012562446867,5.686436050267594,5.549455438257084,5.837787393659908,5.490606351825193,5.429052255404214,4.959041921334606,4.834531568013455,4.516853752244492,4.65757505297536,4.155688557390808,4.103914662318379,3.9298409415331634,4.004635307309767,3.5324499528055684,3.3116162642115663,2.878875138403325,2.9414128244277316,2.4298169373046994,2.4859961730977056,2.294178969548429,2.608804715326465,2.3096234548968795,2.422901696128773,2.1794332933635747,2.4523854079788805,2.308453858503792,2.4354198102861573,2.6313352291836885,2.0960441148813542,2.3373930348846867,2.2500708376881478,2.0517508840312058,2.0217634583789956,1.5212140062047994,1.6904396767413223,1.7694407310100402,1.472732230808428,1.4949351896874998,1.1610518103476863,1.2263920559899784,1.2482498892533278,1.0119213592254988,1.0298424321169262,0.9457764402958073,1.0266442234923845,0.826645641216246,0.5346532553987478,0.5869937064832289,0.6660652127256983,0.22635827922856236,0.21983817753775617,-0.0,-0.0
8505,5.405243593108454,9.330183665354832,16.24587812660888,18.037442484745295,21.234049940873533,23.715526513037112,26.653408243030015,28.899601033466535,29.079009934719927,30.44843489780771,31.891964087663982,35.379711630192254,37.90435024084339,36.24312526942282,40.76107519355921,43.72501621331719,39.78419772741786,40.65517679318627,42.162567236607764,42.24405241674499,40.98756111197789,40.403448418878696,40.16703784115461,40.51222898689468,38.86305259898407,38.564291110192734,37.83682305249388,36.478521216136905,34.99454205506638,33.82851558625432,34.226811517921504,33.376713163783755,31.972837837763183,31.840048166279534,31.144028237046058,30.490825007966652,29.50363207098362,28.751069907123348,27.15674668734161,27.01684251723269,26.04570081875109,24.470450424768288,23.4498049140162,22.325439669318747,21.10863188096588,21.83454450805185,21.391974220220618,19.978054536102356,20.564280419770842,20.316088634543103,19.669080057908136,18.25506621558306,17.673773607272626,18.13041199432603,17.824231905805803,17.655890310730065,17.621605163212667,16.852480057062753,16.591977962418568,16.460911991831722,15.053940303194196,14.60701910840089,14.84261069732658,14.081540944859235,13.562502744328437,13.376354570440341,12.573849461642228,12.102825587626924,11.354041221318171,11.20417909377513,11.250701176042318,11.10913546403434,9.777112679447068,8.874308202553124,8.67596080714673,8.816387255950437,8.213096669743715,7.713160020268374,7.773361792232661,7.678695802504239,7.50916667094216,7.267236122649339,7.3345916223196985,7.099456250051527,7.094664547875853,6.6459374056142275,7.244270520698065,6.793311394495097,6.358203173980948,6.362619635462258,5.943820232841492,5.017308776389155,4.959270911409313,5.094406035084617,5.984586884759626,6.434797188524066,6.089509357183999,6.552591490295628,6.654274476605735,5.940440973379051,5.751715810625598,6.069215843038453,5.665801323067628,5.554696093347944,5.031941719042296,4.927141088092296,4.62624180486043,4.789975670098658,4.299902878920263,4.204031725191052,3.9850507339342887,4.017181809932764,3.5030956912791673,3.3002351858234733,2.9378571537039195,2.963490783755596,2.415126813323333,2.4360628667188,2.212460004321809,2.5884026462912,2.406897177611031,2.540525421374906,2.2559840421671216,2.497423083264225,2.368829495380534,2.4596751397357903,2.7352116789175134,2.151183572107976,2.4149694803214765,2.3450932716574364,2.1044893874975137,2.0359354816370185,1.4996573585346094,1.6308328697156498,1.7231775694609945,1.4453098521391188,1.4299439603287456,1.164209551372663,1.2453307186206508,1.230965095582636,0.9624535405519984,0.99276546543276,0.976546589810545,1.0794256056091156,0.8937435196839898,0.557192634308728,0.6307024486442911,0.6727548930947267,0.2034766987818734,0.26041249666133387,-0.0,-0.0
8610,5.566810328547026,9.222842898072493,15.857478820874347,17.416471064009166,20.374995699223646,23.3966692172716,26.471175363568808,28.847212489059494,28.789539477587237,29.939559758329658,32.166761992451995,35.438924787260795,37.741108311125856,36.1804351263127,40.488563409175946,43.56251005366021,39.71298925408279,40.67950346136531,41.986135385901335,41.87103171281855,41.54887656408123,41.03060005589867,40.59366352731255,41.80813592078698,40.18174386532946,40.18253578670277,39.2412462450894,37.903984894792515,36.20709025209406,35.067905346820964,35.30619036538121,34.27860552871495,32.90372688385042,32.61701128593591,31.76457530545984,30.962324487607653,30.017673561570316,29.12411463798315,27.389794076341538,27.12594332483108,26.03250887777711,24.504165653154754,23.52856922955998,22.293736730017894,21.267708367800818,21.893020364177076,21.49315944737753,20.11552402705596,20.889322507942826,20.539010282333713,19.790584938159398,18.27803829615021,17.60636448495512,18.10221112003252,17.707395808886467,17.452298880392192,17.456872275249104,16.72806540839594,16.38480149547907,16.4109889332009,15.039302098713945,14.738636593513137,15.009744076584491,14.276274088967474,13.78518700282565,13.522295705113311,12.642160136368375,12.199707350625888,11.476302882677446,11.25804458603103,11.237582614777356,11.029564714756996,9.63963593159443,8.768423563008726,8.596428172500527,8.677970826946064,8.103696346990063,7.552677367539076,7.635912228463364,7.487973701656817,7.267236122649339,6.977024354781543,7.065470056887134,6.931321775342862,6.949014960442537,6.526672892455846,7.066784276824552,6.643407624380939,6.234441621769209,6.188973646638355,5.7280828601300895,4.838408007246244,4.737749507781645,4.825180718355117,5.642196517692083,6.027736700443396,5.713918941587973,6.182394198078484,6.228066939888332,5.628421903508952,5.395657122951815,5.722403925304185,5.350763761781942,5.26211661197638,4.905027274070403,4.820948839737243,4.477994659973249,4.592205397747337,4.068938622587136,4.054602119067586,3.857169987038967,3.8449724040364597,3.3593256510149567,3.1211938015720246,2.7844449703414753,2.8240035246847217,2.3523010979007686,2.3381251336160918,2.1328755460522233,2.4644967344680313,2.3017401644408975,2.4466667088259704,2.1325870837885668,2.380938252320271,2.270037270364175,2.319392375993806,2.543240777018642,1.9459257844459712,2.208131531380269,2.0995508155182625,1.8854192496793183,1.832515191033374,1.4315085980175402,1.5227126216749285,1.677968216294204,1.3687941450761905,1.418090744564087,1.1675976979778604,1.213573909586102,1.162171856192483,0.9146133520320303,0.9566498073456287,0.9029890235501419,1.1341085130254642,1.0262147432159114,0.7359492438566944,0.801094270173559,0.8242966749811623,0.25932787575607935,0.30603718146029424,-0.0,-0.0
8715,5.7351907290175745,9.118288954029032,15.476034492479602,17.612898309596517,20.310847831981537,23.08563781029771,25.91968432370113,28.0659836535464,27.818619053327968,28.775335291969682,30.794782726900838,34.168924980487624,36.25871927936451,35.18584184123858,39.582071015370666,42.4353694170175,38.45089655167301,39.824472175723386,40.939188215949336,40.65159136293449,40.167504281642515,39.76772176994916,39.17853618283053,40.74352824337314,39.230141386667746,39.073682888635126,37.99299157425433,36.531165935979004,34.72627892895799,33.694692523253835,33.79700887615438,32.87198976596371,31.601492129394824,31.196330848452366,31.019734066660913,30.67520246561466,29.981069000950477,28.9587747558296,27.28098780469468,27.24510952740701,26.197488619207054,24.546457760858804,23.45797581373695,22.11755314341869,21.435249032646063,22.10867823495293,21.60228372972116,20.402331261640942,21.081612245681484,20.912755922607115,20.196139887265296,18.835895080004214,18.05943576039715,18.469642738455207,18.107542671172446,17.88611499398588,18.05498475990139,17.347629007849644,17.032436915849107,16.97193654990605,15.60714347164773,15.218515165553573,15.4129959182276,14.813617928509991,14.234223697528682,13.889966536869244,12.922577353714912,12.402870144096266,11.603319903715331,11.315846248973418,11.228087759566334,10.953669745975077,9.505939265304612,8.582235917568411,8.354799242560507,8.543140217360829,7.997369741484816,7.39598689989312,7.579578567610037,7.378385275766799,7.258114501698682,6.990449921443836,7.026706941702056,6.8410304607905035,6.8068180805998955,6.338741896619369,6.818877667983461,6.424642809509449,6.043444628069244,5.9496796477641185,5.45125316209532,4.60313953657099,4.522718053420563,4.564843238416549,5.378405361946617,5.774698279318479,5.419717238594102,5.825020955506086,5.960975360138506,5.326656032765728,5.052938963125375,5.31900391896777,4.913688002730208,4.8465707625850225,4.522188141300997,4.522583507658391,4.146589358873135,4.210290072427905,3.668653720145785,3.728976372382893,3.497818173935022,3.4431889643108122,2.9469763490648626,2.789847714676952,2.4862741123725804,2.535757956460742,2.059105482181111,2.0567246411612814,1.833472363050098,2.1017617007455005,1.9178012619852158,2.105957339290705,1.8282021691940593,2.0176841909263468,1.9264348911451739,1.9810919731996937,2.250073752666416,1.7056413816658815,1.9088886627311306,1.7690211900150346,1.5839810841960507,1.5445073220529357,1.1499814895938105,1.2364743909744642,1.4293872687149918,1.1130963586813223,1.1628993712691718,0.989840205751104,1.0389529141888931,1.0471570711076328,0.8243835175553568,0.9214630992672587,0.8822282670338744,1.1275969835497177,1.038687407293615,0.7640044183164925,0.8547440656235927,0.8322916407702327,0.2340599085810005,0.356999761258983,-0.0,-0.0
8820,5.46055235788991,8.617335181143007,15.54535992493894,17.819352577002004,20.649523411023882,23.16573439621208,25.754079276723992,28.030767182758506,27.548467490342286,28.62240540607393,30.427127847181943,33.91452651098249,36.11798628996901,35.45968821505078,39.659356477694566,42.626301128113305,39.005472405332284,40.47244223593635,41.379549006233795,41.456408281722815,40.75326601639278,40.14790776089947,39.62765257953313,41.280463464281915,39.820676983727,39.72968632968991,38.94518344830855,37.99276600206487,35.96518788649401,34.740932650778284,34.68003522023809,34.00645049524904,32.96604005871563,32.39415144003543,32.26170009401049,31.759492582698286,31.291734077588245,30.100859801686646,28.249150081937678,28.258442306024655,27.059499789384493,25.254452337967763,24.351533516158668,22.867425799805908,22.21257649737701,22.94132091426038,22.3144412400546,20.986699490311,21.572652654683136,21.29863448642989,20.474167460061597,19.27579392467939,18.394967511168172,18.716568447618446,18.389732715786288,18.204100040925315,18.283985715741668,17.48261706061489,17.079231108114875,17.05565570441771,15.603333067204876,15.249067743478394,15.479115145967679,14.79862322960974,14.142030915509482,13.831479247233892,13.105995418633443,12.715644433629782,11.933989968355235,11.572954452070386,11.415907412978736,11.167638802970254,9.818776758887982,8.988213224215043,8.780222786379403,8.91449757869833,8.298077710500692,7.6290395884906275,7.760921057264092,7.658997817131637,7.482172466154497,7.156960925007886,7.217070989010415,6.976336762053462,6.889847091415185,6.368170515484071,6.872879142917728,6.426091111271241,6.13606466388742,5.992825139764266,5.445427718495867,4.615249428546398,4.675249439278452,4.675603792946212,5.453988590503731,5.875426326974426,5.469452737019711,5.899050483520482,5.986075982375258,5.302271835191881,4.982816283374866,5.199504902688005,4.883569992579267,4.902441097817186,4.531280890824878,4.615930798494917,4.192422513553195,4.403190158248566,3.806519164815567,3.887596879385737,3.6697883872748314,3.5738813661326363,3.0837803651921436,2.939755030778087,2.5924862921408383,2.659924889910345,2.1840405980549464,2.1503198947504423,1.89116626281572,2.1320958876457268,1.9605573174352007,2.216230053550446,1.8986386818103547,2.059271476238475,1.9338511874950357,1.9545021444472643,2.1840625386314847,1.616314065549831,1.8268627851689132,1.6555247433308649,1.535427154838734,1.463173311572926,1.0921138812835793,1.1452144071584909,1.3415142023607471,1.090336194466675,1.1989791333316024,0.9931280085509728,1.0107177541957197,1.080411348228397,0.8676268946801744,1.037297372327519,0.9642801977108866,1.1843157583188724,1.051462597946254,0.7928970120760811,0.8413233860713483,0.8404765443772231,0.21050247903197788,0.33498460790415713,-0.0,-0.0
8925,5.19302062290674,8.518644603695355,15.173427663666935,17.210688306978373,20.203307189455558,22.48638595699978,25.220966569463364,27.27110431292802,27.63119497261825,28.479018876852116,30.069735663111455,33.33986963475678,35.65920998844764,34.80308212413918,38.781010001478855,41.85450482817279,38.37008813588143,39.64156921324754,40.36047181092909,40.549212453308634,39.679608982169356,39.18594224873801,39.033715697527725,41.0376842228685,39.404361988841416,39.3977221430345,38.44986245157589,37.34381706282461,35.180587148822305,34.044576760419694,33.8432551592222,33.04037784315525,31.882160827406523,31.19207497668913,30.938084768604963,30.325091744463577,29.750030109801447,28.657494885597963,26.73961966969142,26.640923147875437,25.70836268038162,24.00701471114281,23.182888022999776,21.636950231233676,21.052609131135327,21.816002778234548,21.25557067154543,20.00785114867749,20.48744953301941,20.268648816637185,19.3740173211212,18.121860506279177,17.184529932797194,17.41228874339984,17.015220326368947,16.755892443516206,16.9991845055041,16.510208742869004,16.03795564708569,16.05447830665924,14.796729436981849,14.375825937096199,14.523285762649207,13.790525781433328,13.085404850675703,12.925036547615118,12.155066221317384,11.811056164362885,11.185259974418878,10.77081098307693,10.837375847685369,10.624396173862227,9.336660378011185,8.469642182816877,8.29290226371258,8.615028430765502,8.195551335642069,7.475880499825761,7.708963745460173,7.552741812487589,7.3232690498043755,7.024013053082928,7.030882215841671,6.741479068156825,6.605120043870323,6.328021816677591,6.854405128981052,6.502151423589898,6.231615858130901,6.108629741305697,5.5753271179795325,4.814119050949243,4.958858925929119,5.0438374248186735,5.878041851770471,6.341307546853775,5.869576615015554,6.340573524366376,6.3809621220922494,5.694443846586908,5.315793320920896,5.5636171839804165,5.189462533339248,5.163017547502584,4.736129585756945,4.844487805553871,4.493722013991677,4.802386214369514,4.259521388653904,4.304476507530267,4.033031752336806,4.01623558537526,3.45407995905974,3.2637154885055826,2.9133622402887953,3.0612629189000384,2.5116142076874906,2.4434458782800275,2.1809869557256496,2.4619703281941647,2.2942145652820183,2.595297015884299,2.215419830033238,2.3588442006818036,2.243129125009765,2.287019615595272,2.5040468849691124,1.8558707751189856,2.0517734691934133,1.8365515707277207,1.7273823070715286,1.6194950260860532,1.239286047588425,1.2693370019085792,1.4471405161287207,1.1548585052636362,1.2360610169788337,1.0404856734576735,1.0282143458849682,1.0652282386152772,0.8230011801818146,1.000636640629655,0.9429784687241514,1.1781119763967056,1.0645533700506045,0.8841386667588436,0.8970538842374525,0.8488593094070933,0.18859649218108096,0.2490812924426289,-0.0,-0.0
9030,5.360327175037228,9.230611958463053,15.704988942372042,17.842991082312317,20.559570659344292,22.579854347996587,25.82819734392563,28.364231318638748,28.425230238307613,30.03821062887281,31.71259356176446,34.78520876012249,36.87830262128331,35.73778059723392,39.53350953059887,42.73192736425804,39.26226133000325,40.322204410271574,41.72310140130478,41.974380766309736,41.14098045314372,40.69033627838856,40.31788933925345,42.15189976096351,40.28933962993529,40.346336888580254,39.19629545198354,37.89773149706652,35.772737444634764,34.461284678725455,34.31949973918198,33.780754140638464,32.66012682003568,31.809975863029525,31.806521162906392,31.038050124461122,30.505837258455784,29.44554357144195,27.364075195561917,27.136555618419568,26.069926630015285,24.23565191434561,23.29364550383296,21.93730558214697,21.241895914086836,22.055335635809552,21.386433617394854,20.032596322845222,20.986568107301167,20.947989339543202,19.935509887981226,18.69928034553404,17.65172611408051,17.920454329332784,17.553061993646438,17.32506077458093,17.73632073416263,17.270556883471958,16.943680324919043,16.872428008672262,15.611501580481693,15.326086671333176,15.395683646391216,14.670529953585747,13.862405907624344,13.61998988380383,12.752875537874056,12.429471872862866,11.814524372743206,11.318390546055257,11.415916743917334,11.225398829401888,9.923002934516099,8.965060439553197,8.808113092297045,9.081101480839575,8.758649365981457,8.116648947155753,8.303516176894137,8.329726729415967,8.194193473305724,7.82069617704,7.773330394934813,7.413876419551868,7.217512697817897,6.874942820640253,7.450793400530154,7.105927667441609,6.770664841293466,6.591566196752864,5.986555476216265,5.213778695224539,5.386703559666671,5.49771859647377,6.322684471717579,6.753573896926551,6.21485299585382,6.649461149319953,6.63889323921381,5.886821552487562,5.5225945102046685,5.798890865791952,5.368110584127992,5.3632773913931135,4.881042962930633,5.012901772369328,4.6100985082232455,4.87683465869114,4.543629366902473,4.546027422625335,4.2226429985482765,4.1620254783461155,3.606611147258337,3.5487658362046175,3.1436276859568557,3.2599054786709574,2.6538835893827724,2.6007116801780747,2.2953253358807686,2.549473386427571,2.34342647479326,2.721872843093898,2.295980004694697,2.40611002175433,2.305662243047367,2.313357195607419,2.5501768167782397,1.9096191343038158,2.126534453854546,1.9235198728761482,1.77718820594241,1.7344349944914483,1.3081053145172725,1.309045365090344,1.4565690479038462,1.1765151333380337,1.3739614474171207,1.135950945097009,1.0930976916278823,1.0993440165995616,0.8224969750270194,0.9648654233628898,1.0853311471903757,1.3040271040192386,1.2133122768916946,0.9820853284366521,0.9553288058549031,0.8574483178379084,0.202726061016302,0.23174056697771314,-0.0,-0.0
9135,5.095539387740176,9.558110279423573,15.795871582240526,17.655210951244225,20.124053536850408,21.916551252265087,24.9302044907676,27.986497624898064,27.830909604299244,29.232976643996096,30.702183783949796,33.88871696735543,36.10474213836024,35.738679956551344,39.328383062046825,42.64393901725152,39.878187997371604,40.724900257087825,42.223682403525565,42.26149361439427,41.218031955831485,41.40808021264316,41.3750443476905,43.03138996530366,40.94323273492575,41.06981958571853,39.719655584394054,38.231949992837976,35.92516934354076,34.4502309010887,34.37547631472113,33.8997436028828,33.04496385974732,32.04122864603917,31.895829750616294,30.987016382238473,30.513040337177245,29.319865330014217,27.471016847516186,27.295421365161676,26.273633695937775,24.475253750723123,23.732552740246632,22.249145197682335,21.59043604089555,22.45708508995837,21.67418498573732,20.20654825331032,21.065572727183007,21.070231636971446,19.954692277799936,18.62184649915371,17.61377955478896,18.182733915542443,17.721183898463735,17.529497007210203,17.854424677854777,17.423775405624777,17.131877990130103,17.097045153668578,15.741458527981823,15.372751651723956,15.477859647403507,14.670184510632424,14.00333466859947,13.791880419419597,12.8438405667092,12.446735696821923,11.860414970340615,11.29428481177272,11.519688679484602,11.45504052412448,10.0716951820652,9.130297770987069,8.91177302135973,9.300699918720863,9.08573149943187,8.45482958944812,8.587777326485616,8.556213805709218,8.36081955290527,8.088445834483199,8.065104166486456,7.642793383892553,7.4668732059849185,7.140877439485027,7.834788148819432,7.50441823302155,7.105621987806432,6.945292800904428,6.41719858439533,5.702648698792942,5.83729375332049,5.905731253548318,6.712523689898809,7.104823529100743,6.574075643072429,6.969518922695394,6.983878083446534,6.233008576982535,5.807839485500085,6.04210677697478,5.62351484648251,5.570054856050961,5.098563709942024,5.3266980978485305,4.8640161967025675,5.232689499026102,4.840248128210595,4.935136818090235,4.552028505195329,4.444762650113083,3.8882398009415047,3.8492794640418806,3.3855284520997073,3.527760791734089,2.856116756207524,2.819288154198265,2.5165372093444787,2.748801036677775,2.551707007355013,2.9111682202375153,2.4321831436771877,2.5650760957679126,2.4245441981189453,2.4513191310502047,2.7170891625526514,2.0685824665687833,2.2596219937038025,2.0136103766815348,1.8807158732035072,1.801848007352282,1.3342676013731987,1.3499012514542772,1.466381567356689,1.1536132145902098,1.3637118361404337,1.1403723773570824,1.0644950407010798,1.0843842690907595,0.8221184389905283,0.9800282687328101,1.1796657965719888,1.4384024675242315,1.30029398721945,1.0869633803456311,1.0162339260778022,0.8662524435905741,0.21764045382046343,0.27418319326401214,-0.0,-0.0
9240,5.718297826949963,9.900914496188765,15.894570282867663,17.472948163963547,19.69633968142196,21.265285676807597,24.049712072800705,26.87704661019582,27.596945119339868,29.809884623225795,31.381987133764035,34.3592278804382,36.352820215081564,36.076716376418524,39.79556243899103,42.90490304879197,39.89487510772937,40.535208426379924,41.833694835863845,41.677600266385305,40.45476852045836,40.74670011141726,41.086173735382324,42.83452297369688,40.8282327306833,40.77809116658206,39.76099729065567,38.34118256020231,36.092302612195795,34.45172511587508,34.22483478583414,33.81666136566604,32.816032005444036,31.674451563179424,31.394831952362402,30.750956019984386,30.338694338344894,29.017861433331852,27.05282562789021,26.760089450943823,25.80244261446283,24.06961835961637,23.224029617973788,21.651483409638367,20.901482416992465,21.656485793393884,20.93595998728097,19.39842822664818,20.28984267137911,20.20047368257119,19.016519279866177,17.889162493780212,16.941843225032063,17.801024162499544,17.256732405313198,17.10737237246926,17.342725322600042,16.833165335271836,16.462838814682165,16.467708279994465,15.173002319246425,14.732631682135635,14.757974068469101,14.003902839854375,13.278556220571032,13.000166949473547,12.010433670156884,11.757631385598915,11.315722412732747,10.792023674850793,10.946237169933099,11.008548890526786,9.769480336718452,8.782418038679124,8.67786894669316,9.00211858972817,8.731266106657538,8.055835392931291,8.128543171416402,8.369301517240569,8.282940972853044,8.035956649169997,8.118917491794573,7.63889037621287,7.486466203435867,7.105927667441609,7.743359573048973,7.596509304269981,7.140520701156237,7.002716143270015,6.642005053037169,5.934108203958098,6.022956614767596,6.260075630478622,7.040512019182988,7.388812381438929,6.947783180885569,7.301207813855292,7.341906096905815,6.516704002374412,6.030064208724359,6.293605981933657,5.815032476965488,5.710821976111319,5.323703355815784,5.508761960512626,4.9895566805283,5.314886614088961,4.870800521020157,4.917755987100253,4.487935536696707,4.3346737237820605,3.7413489870150163,3.7204766743505955,3.22364096387206,3.3194959243550994,2.632091885449305,2.5582550855262496,2.2839852748958127,2.517452298514876,2.291903592760026,2.589348476191025,2.1532007908391013,2.2372314208580537,2.118087571128552,2.102204469521001,2.301946582118285,1.723709283255076,1.8544664284617987,1.5956856404339557,1.4405148972959945,1.333621635623222,0.9142802693821929,0.9659588253347415,1.1487853613221826,0.8850917012301197,1.0697086359317538,0.8819872142631848,0.781639141264014,0.7999571203228146,0.6221886273347607,0.8026665654998781,0.9327254573252984,1.1608866323148928,1.040605972648819,0.9175082329403415,0.7898868668582577,0.654661587093356,0.13220636867070734,0.11429867247832119,-0.0,-0.0
9345,5.444519981311064,10.260219954206477,16.00145623785196,17.71818756904975,20.480318969010536,22.14021902934215,24.672873371848976,27.63301387421673,28.7960763757208,30.765049924167506,32.09015236682986,35.54815345931617,37.30527662312798,36.76278692985098,41.29829941985143,44.20433888416762,41.19089062421469,41.59577264135013,43.29809203571938,43.19746647749842,41.71084757398499,42.07103657907205,42.19824226480508,44.045498650324234,41.79325599547562,41.8076060091266,40.83535279705259,39.202358291092835,37.45108417600257,35.59510398358842,35.41743193020771,34.8333188729725,33.65358017574904,32.340253928736566,31.909079425945784,31.11511374319965,30.754961320952916,29.286033307051422,27.17849623488194,26.937091535035684,25.852784830150433,24.32670789957912,23.360866899634026,21.671782247603428,20.96454711328349,21.6182420036526,20.79488518871805,19.302031148061054,20.09565021880235,19.90987111145501,18.639325757581382,17.432488810479786,16.53593735878441,17.427749797145477,17.05418426605267,16.81914993335894,17.092399558282498,16.500755186699745,16.171313850964644,16.3349961268343,15.078264209315655,14.559350123338314,14.506257491976884,13.681551252616385,12.996349219909488,12.858056372604137,11.902698454762813,11.581366739266699,11.07461425131782,10.490391114899605,10.577187951701072,10.573100370250662,9.474023969903243,8.44306448326282,8.282934923352679,8.625702081319455,8.302669998053323,7.668029541872082,7.68345190832598,7.941906993044708,7.962698125352259,7.824441916433293,7.84992625520176,7.322978248444092,7.273911622361867,6.845631800434773,7.495525796882629,7.295859351292903,6.947181622979321,6.758051727493517,6.425141688274836,5.749148199920745,5.927898156884432,6.112787910011417,6.83096702818012,7.197667057641352,6.707654503131981,6.999166044552906,6.982461490437466,6.12502877658004,5.60249681024915,5.876250316857421,5.504364270353971,5.422682315482876,5.064839792824213,5.335654349280136,4.844002458299471,5.327718660995723,4.834259363084314,4.832533947926514,4.559108924951803,4.696640978823371,4.161496328128702,4.097528192937932,3.5321980649520124,3.655198393843178,2.9459281037001674,2.887217668357368,2.5589641424750234,2.828843890367046,2.7732081260127215,3.0692159164898456,2.721886076929586,2.785666578087989,2.6181237379455986,2.5678563403351085,2.819123807840807,2.133792239735134,2.3075437201911932,1.9829262403868255,1.777821326819543,1.6288621237857708,1.127733684427339,1.162581033798257,1.3878501210566139,1.0658786180214932,1.245139354155381,1.0125018601935925,0.9203595638342873,0.9605682299963668,0.7374583851358322,0.9602308933224647,1.0754481020886417,1.2870556252358611,1.188720721192417,1.0187603449285796,0.8442711504782521,0.6619965481548055,0.14306313892664596,0.10412847161623734,-0.0,-0.0
9450,6.1116658873077405,10.637360293054913,16.1169396885006,18.853002112346587,21.302169454518697,22.660280454976135,25.32339735602235,28.039082428845038,28.945841310330493,30.68185601760284,32.47737524198093,36.074543365661,37.94631384389601,37.47831226475274,42.17167555811631,45.55800155560359,42.21477654914867,42.381887624493785,43.874391037249026,43.85492699715973,42.132489937248536,42.28982363765026,42.22009370205385,43.88232598199092,41.71126797521332,41.809591172315045,40.656011661563255,39.09952575650412,37.41882222190141,36.31745268447016,35.970716246185624,35.44119313384302,34.30531621587958,33.03057157715678,32.85458893037441,31.89621945641662,31.385521563294247,30.13882560534177,28.039654408268007,27.84113595465488,26.605486519091926,24.928872594649484,23.830253092860946,22.007262235105546,21.185452294377757,22.041712449738352,21.2499667523764,19.63412637162396,20.335801317529974,20.04866279249414,18.6746576333338,17.502642654913235,16.5137336177058,17.31839099046041,16.857754276413626,16.66229228603567,16.973838343521262,16.667238187311355,16.24975304780525,16.32931770605441,15.22150779639767,14.618638510006353,14.486196536590121,13.583786572625682,12.931875896313715,12.825787331242775,11.900040860349556,11.60822010169125,11.226736548698629,10.665395301313795,10.782028650640147,10.902582122664,9.809459368808245,8.953703202979366,8.728417813106919,9.108123488785314,8.886375208100915,8.168858700885641,8.292774278189139,8.504292307156348,8.551921323359068,8.433850793990413,8.402635359374477,7.87968512070913,7.773085060179379,7.352464883923827,8.054922947112134,7.791310746103439,7.375027909935829,7.282238038066331,6.882605823005964,6.2744782474795135,6.412267180952053,6.630091201632253,7.327462878570092,7.653410328692401,7.17130560557361,7.50083866679106,7.428373818005926,6.564126400768748,6.118574221070167,6.355571170651382,5.917217641695143,5.930824710174558,5.50661406767215,5.741675672073101,5.252280374392409,5.709225674472797,5.363808053183219,5.314973668606847,4.980159608166121,5.077777356078415,4.47282571188159,4.429435218091299,3.7956903356406038,3.9462775749509764,3.2232337945949068,3.1234282231707615,2.7431494527276925,2.985880625192522,2.9479367485437127,3.2136565114133973,2.8758375386838737,3.0237799633342384,2.8695770493797865,2.838967670013858,3.0643864054435497,2.363087211689086,2.632020770833186,2.303903590675649,2.046569297627626,1.85232552060254,1.3250674444191797,1.336228664599442,1.549826174005708,1.1759899793989725,1.3347395421652155,1.155153802000907,1.0743413516896805,1.090261619140336,0.8661678702023108,1.136630093036004,1.2317097806064683,1.4219780290634816,1.3498665491749162,1.1272437179269326,0.9013110987337647,0.7398309675969683,0.18741165715433777,0.1282755482861977,-0.0,-0.0
9555,6.846666345566715,11.03382972970415,16.730528416901652,19.59529980529258,22.16487930825369,23.609069011000862,26.003187731522672,28.465422400666107,29.10956569489033,30.60997364420511,33.240853774484954,36.62641194733558,38.61668472028857,37.8851681072241,42.38216643183126,45.55141042814966,42.29390025315294,42.880725656561395,44.1608184318379,44.54221929354916,42.577320884328095,42.81820344176712,42.82634161154163,44.5873363768819,42.187059206503314,42.36196773198762,41.52734138638038,39.75959465367372,38.363826974596584,37.30281289567142,36.77721720379372,36.073262551449766,34.76347590306813,33.74673348674035,33.415586565030935,32.298400487470204,31.83977845240156,30.634062105874737,28.376639658812383,28.0474321492858,26.679264406010535,25.045309003538616,23.82650793532556,22.044993855606524,21.416815550153757,22.32643976016517,21.570774966241732,19.978545003298837,20.58642976783588,20.196137343027257,18.716984779086005,17.579675383651622,16.497306293503073,17.472670543890796,16.919658517311817,16.761247375374204,16.986723693638666,16.592764466332138,16.09066485923012,16.207598476396427,15.020205076202888,14.455011134417092,14.244927987502008,13.273150699355066,12.554979177476831,12.37859115634948,11.59886447796856,11.539302699279201,11.187826965621927,10.750569903484063,10.801035583085737,10.951341938849358,9.789143644766552,8.871915137678402,8.758362509339738,9.166417702807678,8.969592109490964,8.354916222837241,8.67578788913393,8.833191107483072,8.822094233755482,8.727903145836219,8.636819593621702,8.047501000733295,7.882798058905181,7.4029733599033705,8.052259561442721,7.731419821998149,7.498360480374293,7.428878776383587,7.125536541464463,6.452884317662967,6.5412797289863915,6.709138216434352,7.356785791877648,7.626835085672923,7.088809866188938,7.359904036431103,7.311961803062167,6.475800611339824,6.05446740925725,6.313418952474842,5.897696119143915,5.933704756826881,5.4581942833774075,5.641021857857104,5.246695014029308,5.802387140855306,5.549884868257775,5.449519941895905,5.060035762118416,5.108525233176717,4.520969777345243,4.5676034478214005,3.8774322281507647,3.984982934104273,3.2744096355441425,3.191854153760308,2.8233963614723154,3.0895848127994343,3.0701451256198204,3.363480427045541,2.975367026215996,3.14702486008282,3.0095326198385237,2.9362089327831766,3.121813912285039,2.4294773067794817,2.8518559300668183,2.529790648549892,2.279585165548744,2.0370390855257603,1.5432779560611103,1.5258705854053096,1.7237369578912973,1.2935807317437378,1.428853123190398,1.2592640938826678,1.1428024277049846,1.1779804380273409,0.9124350029126421,1.154733769957119,1.208503758789915,1.4171147578114938,1.367352553857819,1.2432182353948606,0.9611062309604644,0.7481820301787702,0.24112741018885708,0.15646412179978983,-0.0,-0.0
9660,7.087437800094423,11.451310135957028,16.871482361874836,19.441136194338416,21.748042884868397,22.95805829228366,25.124196463105775,27.363345531700087,28.18453889039084,29.480582229182954,32.245286961986885,35.757819116159794,37.531237262176965,36.955456974108536,41.21839225248338,44.16091513836878,41.085103061606766,41.48378666981781,42.57118680758844,43.6993033970965,42.15256572871726,43.07894528171603,43.17244764975718,44.746154163442164,42.41240977940313,42.94042163268081,42.43350882945486,40.95790741648603,39.59264053444704,38.56632118344442,38.085272695807426,37.419808814399204,35.90796279853994,34.92311399487574,34.42403648695058,33.33777794073099,32.71836868621724,31.54260269199195,29.102610471744068,29.18894823801275,27.652318370543288,26.198328891381628,24.820996396807192,22.876370696918883,22.27524635105027,23.249492816648896,22.5159866704248,21.068105919602242,21.585378892737175,21.517513797541856,20.018548719089843,19.007674592834068,17.77717182307461,18.69492529581883,18.02316366837842,17.763942172138083,17.902825596546542,17.404371253313837,16.79816007473363,16.95387538159683,15.888073665303763,15.337336617274945,15.270051640211538,14.290190365133165,13.57189356552209,13.52746833545509,12.631840775772845,12.599455356201782,12.156834033101356,11.627244476500637,11.709532508750097,11.896730921478524,10.61033566905277,9.767010095856577,9.674248347658418,10.13354934695957,9.953102510134185,9.239388256762554,9.516504336802958,9.619729838834424,9.726743752813581,9.56506231676362,9.407547826330843,8.902418128762234,8.669285950990593,8.272784862674742,8.903707213061747,8.506001152094184,8.202930169922107,8.156904433693855,7.8637510822017225,7.177481736284943,7.218168955643502,7.341750191550715,7.966236451612967,8.277034670682621,7.657357910854866,7.883772510344432,7.861765337771204,6.9357496904301135,6.445384553593527,6.81935755936741,6.41053414457783,6.474861010460456,5.925024764957555,6.142847199674626,5.754169220371311,6.367025687580509,6.128283646149199,6.050047323640449,5.58774531218077,5.58985358892275,5.068815181457401,5.071892383286668,4.294151447822931,4.433432171808498,3.763196434525106,3.6342472510582025,3.2591690455022477,3.5087390701005092,3.4480752350406334,3.71923089601194,3.2667373820784884,3.405820493907682,3.219714041362449,3.101118112904057,3.316341648133289,2.6181553268505713,3.083709187053092,2.704894643943625,2.5290799942158415,2.233570229990683,1.6770307947458167,1.6252370632875555,1.793764356185517,1.3683997970710489,1.5276574018294857,1.31700823031508,1.1637162102737886,1.1635152165122822,0.8668227504951656,1.1733380243815692,1.1857038458356732,1.3414071982487363,1.2367990188258495,1.058452172617706,0.8756322901424656,0.6850486363842427,0.21654531486330733,0.1435705159399364,-0.0,-0.0
9765,7.34195241827179,11.383242653720577,16.519760478558105,18.83455408552088,20.909726952120955,22.71950212438645,24.647845744904522,26.659308067242286,27.275967643568816,28.721439649682544,31.970012443640886,35.260680963033494,36.81498139759692,36.042271793835475,40.76274317771083,44.182215089345405,41.19088008775111,41.6914982778274,42.56846208181388,43.491400147256066,42.039224302855516,42.77096062920366,42.962120070975345,44.63558006690795,42.38157134217678,42.7259944138729,42.03924823453705,40.394248529585916,38.8712187889532,37.69562360658034,37.77350701827001,36.95309051294538,35.74255310566173,35.043488241389184,34.392192195835285,33.3666064845964,32.807193094978395,31.48695554707517,29.28630902776704,29.429550313217007,27.933711095636482,26.343255254909447,24.839353233365348,23.09496440476484,22.53512087688615,23.407141416001537,22.55984050477853,21.150406245534114,21.866258622269985,21.841875746082042,20.224554707174782,19.107694629418287,18.04229673440058,18.874939002930745,18.104709178232827,17.753031726974605,17.932213595784713,17.3426469197818,16.773830371596848,16.96826041161222,15.935181682603892,15.41768001245337,15.385713201232086,14.433019145021607,13.852852336874514,13.730266368069026,12.75029218179705,12.64400965187307,12.127320216495445,11.627291734368029,11.740493006835136,11.857850961908868,10.598744112971225,9.781030576062927,9.624724389012473,10.019724776566296,9.77609749346227,9.181813705119643,9.396445285781516,9.526541826901513,9.570143770608512,9.436423010421024,9.217421398780663,8.742251555306412,8.536314618457828,8.083651618390046,8.648207915028117,8.19630429083697,7.840209819192101,7.737081081239241,7.39430308625418,6.750818137359239,6.735482872367859,6.799372499793856,7.342525568761174,7.663819255329363,7.089837075542322,7.330113838949295,7.331281955700393,6.382209252276051,5.858641089535254,6.3115720735296215,6.013463196787207,6.172915394873633,5.804460142387544,5.966453266590589,5.604109251215342,6.154218533789514,5.941070315559015,5.885925445314439,5.450722276512496,5.474514415448809,4.979015746901893,5.003366214275122,4.18191579028338,4.270398766070668,3.630247849998406,3.584311532616918,3.1686305108832373,3.3699530841414074,3.26505283104771,3.4805883139862357,2.9981492770463523,3.210440903572058,2.9832697412779767,2.947433410901527,3.108211303094144,2.3909270484534355,2.8503099983549283,2.4406516011413735,2.2874884364950696,2.020624400805691,1.556554136719652,1.4691627970176622,1.6405941116130676,1.248022865714641,1.411288289957733,1.2216629780297419,1.1350874754289644,1.1493200472290748,0.8225657792815602,1.1351528830950404,1.1037103146410316,1.2012927624168466,1.0474458820523689,0.8281463395401985,0.6106364467255715,0.5025222615888921,0.15971526167437608,0.09669551642547729,-0.0,-0.0
9870,7.031266213864166,10.822625607781543,15.68260989168922,17.791424604196067,19.67073606265896,21.294846889327612,23.4132478643358,25.967076031028913,26.383477516032702,27.629719044002183,30.652844214759426,34.419665538962555,35.76375079278735,34.81488553789038,39.29182607326641,43.172507373540576,40.01212848886201,40.64240472294672,41.32830200167307,42.37075550135835,41.05058302096793,42.18420951349583,42.190738605368196,43.96378564372233,42.09090914702831,42.25469626639129,41.925450192303884,40.10046951853954,38.41087128859378,37.318194921271726,37.23913613937472,36.27001471185111,35.36635387005967,34.95931427902602,34.1589861350012,33.40877043886482,32.9097704696276,31.642203852802517,29.48359108946609,29.495745556738466,28.047393414198464,26.324959099666653,24.69947125797609,22.843699749942264,22.334782253228703,23.2565629259927,22.302640009515514,20.795233689199883,21.406142713244268,21.430070272318222,19.86864953695494,18.801885355177955,17.91653323404579,18.92764149465117,18.193816386075728,18.011137705213937,18.496817684846185,17.93301276539005,17.388866203094956,17.49668378489202,16.355558796808417,15.744063433776342,15.62756409423552,14.698060218596662,14.03134409001821,13.82961353983007,13.089588190794432,13.013503097984534,12.413581447219231,11.936245224087019,12.082292959878917,12.12974790007428,10.783201447579815,9.8906265270236,9.669270033061114,10.001879060418426,9.78546165296703,9.12727635259499,9.27971805657894,9.346832351980098,9.41725197266547,9.311197702009874,9.208537451406063,8.845356406322018,8.66372948014241,8.147640998723922,8.655982156560466,8.14369922061995,7.7303581217585835,7.570679325361666,7.175159255747608,6.638331390083781,6.645806241843789,6.809759101360271,7.2986408302110775,7.812040995251825,7.2552413891188365,7.524976972445407,7.468851983730965,6.4536359183948875,6.097241201796385,6.5078439381118685,6.304995483124926,6.494507989317653,6.2168760767202915,6.332837480164034,5.90606440068871,6.419211759562676,6.146813032242616,6.036633582690558,5.541877685742648,5.513165261962309,5.03659621390047,5.15861601844882,4.273815879600358,4.385518851296727,3.8191869713061553,3.859658035039299,3.573892144780795,3.7478495025889145,3.660854170963844,3.847708103061995,3.294384504185071,3.4757820131453783,3.195387712461164,3.181219333272558,3.3052381567628872,2.5802836491410734,3.1540176850619788,2.678401529086519,2.5402662401226204,2.340976962170619,1.8550854079762433,1.7269044134459768,1.881827872706434,1.4228522192435769,1.6229448251416168,1.4391506653393573,1.3679156381688116,1.4115880081526353,1.0120406219644205,1.3334754380932654,1.3299830411045357,1.4778583294475118,1.2712258859498518,0.9924302099084844,0.7185039104989269,0.6327408089460395,0.20823074324147914,0.1198168108573222,-0.0,-0.0
9975,6.7268734883876355,10.759481890836415,15.344338813945757,17.21001465973072,18.870993733688547,20.679391647659553,23.337154842152316,26.036656433587062,26.21319284285874,27.24184759377454,30.3968567885418,33.946500420277154,35.42302748493771,34.593193689622325,39.20464471892153,43.22394685178421,40.47086615341216,40.87921467078868,41.35255227430933,42.50067994329166,40.965078732214614,41.90573851348059,42.298604820585254,44.1748238336598,42.37072848648169,42.617996130441625,42.364306274676714,40.33519555420048,38.705874130616586,37.67452242867525,37.664412121187546,36.519888900530276,35.67570275486096,35.108927288701466,34.36843852146921,33.675633881625174,33.026553631676286,32.0131122282098,29.887255166271288,29.955071425297444,28.541364703617123,26.845878625548465,25.074678660106837,23.56779397980181,22.932531024127517,24.07909512207427,23.146610449606595,21.948619708881985,22.620016550534586,22.531481343024442,20.81388039067412,19.613356660865108,18.60563748324584,19.961061943753297,19.240771834859807,19.089148173304572,19.62951347140651,18.947435584565774,18.421848830378696,18.438107311171233,17.16909267262842,16.450920809458303,16.36675224356212,15.326206757908182,14.675645309100862,14.501776753364636,13.661534731605876,13.83765247852335,13.138860060089893,12.676279081088385,12.859101579668463,12.833336828767736,11.369875740973663,10.668512659911308,10.465793117005285,10.746194379118096,10.549493043784217,9.982468564768078,10.171624398008785,10.271387144883226,10.280277048602658,10.292478553399421,10.119203070236136,9.67277609399753,9.419398919588492,8.817492167847554,9.377948728533278,8.781184621471718,8.290889150480316,8.066919149384603,7.600172478193759,6.99058409343747,7.102295896482737,7.2180946094446465,7.667230921570144,8.22346278340884,7.675797462083421,7.896560077800455,7.86616781692436,6.843704771295051,6.499819205114439,6.871563609360122,6.6081279616983,6.748149710329921,6.4891561607474415,6.553424374464271,6.142068591442898,6.611876031100822,6.279168166473451,6.192425636953267,5.71348819901693,5.631244479289197,5.170861521429898,5.2430597602753375,4.438318699386268,4.575873964476888,3.9488486880820655,4.012036606415383,3.6746793286256354,3.8056659035879017,3.671270032957675,3.9505325582781645,3.4081030649855513,3.615930864656594,3.283533306315753,3.2235046907703295,3.3011490484465025,2.592859973741087,3.1912434368979175,2.7969261971466217,2.7433878558768807,2.493191748085964,2.0075974393790403,1.8939442263037998,2.0192179027706127,1.504120895757628,1.7321205433365892,1.5037539984982602,1.4500013284288114,1.5172499725018254,1.0647337780340496,1.3553218359723842,1.37311677893273,1.5501865661443646,1.2892229827219046,0.9604004427549144,0.7071787922801035,0.6404766872884864,0.18573986695290987,0.07870793675169468,-0.0,-0.0
10080,6.4287408865130855,10.700069762361913,15.497833724770233,17.516935593695695,19.310106896687607,20.850166673540162,23.656372919567463,26.118752047016894,26.05223940814953,26.863132467270866,30.15140676164006,33.48483479655111,34.74669034847958,33.724438298035025,38.10750201172484,41.89596571765785,38.994331738688516,39.857151821931,40.14363872929652,41.71794337557935,40.30142753234916,41.34819241089211,41.844603903165265,43.82330203373599,42.111676308624226,42.1763869836811,42.01538453530456,40.071077762569715,38.52102337134733,37.3235826280623,37.3931705811764,36.3231676486082,35.77689084134626,35.05242557968311,34.37717564139671,33.53464409549236,32.949893304042284,32.199322839926516,29.921175109876554,29.856703024138262,28.682739682718264,27.029014264692247,25.12376767834808,23.494994264568856,22.747964036332803,23.783891945052066,22.90392302418415,21.75590532630399,22.475863459746535,22.435207302167456,20.759704896204536,19.599408873331388,18.767183964341736,20.035402368270095,19.214468702718083,19.104339927822995,19.551146885687356,18.774335238682454,18.15802522712333,18.215286514952624,16.988689919051705,16.309827812629436,16.26355231431477,15.14043107627556,14.642604566221182,14.388583529710353,13.693610979244013,13.90464849641859,13.125625233927336,12.693869081674178,12.803049905471976,12.80969853071731,11.27275938848037,10.697966931728121,10.427522141933908,10.641103448743443,10.378221863568271,9.934983389828677,10.152892596982648,10.28164451055891,10.224483329266267,10.360516043262798,10.1201769776383,9.607927736734224,9.381894567557472,8.893791210113799,9.395294540487054,8.911070838831492,8.44146700918618,8.240675550482484,7.875844525758077,7.19684344282027,7.417079842922009,7.4795698403466835,7.965514506896815,8.47429854946201,8.028408375210336,8.195463778104523,8.104427197333417,7.005555574242927,6.601475377165006,6.921118872578978,6.760717617600341,6.846472710481069,6.528870590224855,6.537206158148681,6.0701709520535765,6.48110147725718,6.173976576349709,6.031247109725737,5.5030440016415545,5.52005842857082,5.084587818325928,5.103025984011573,4.396975476436259,4.555432663664508,3.881199471926257,3.8961358858689197,3.5169792757852147,3.7300970857625457,3.6829319515902625,3.985164998613137,3.4586821475228255,3.6906874547294786,3.3746379025895585,3.3353597404638466,3.3675121670877672,2.6063119509201735,3.229937517820654,2.7856356334068657,2.685192787981938,2.4553404893105513,1.9893625943242255,1.892898277637486,2.037158478279817,1.4806487107773774,1.6653045609581432,1.4563297429299802,1.362387398957153,1.4418199685947892,0.9651993791624862,1.193653367292955,1.2840245696282069,1.3973970454296043,1.0941146997637956,0.8018241157330941,0.635933070840306,0.582772562238336,0.16486206412914367,0.04905255449875942,-0.0,-0.0
10185,6.136840906585391,10.154385300866014,15.167822223823924,16.943838903312802,19.348927891976654,20.638207070971813,23.21232856467846,25.448508454854384,25.900747509486035,26.49346002951848,29.567476087213734,32.681495870634436,34.08304571970383,33.525250583714644,37.704953223975075,41.62652901481969,39.15364959858008,40.123903787377536,40.82228754883729,42.5062350086301,40.84328365118094,41.988255263679086,42.279295667348485,44.073156046970794,42.148998678410756,42.30161112592145,42.22363666572307,40.08130812691044,38.35060729953033,36.98594522625426,37.135462312110164,36.13987641125774,35.43832937419146,34.56539034001881,33.74836426323066,32.982379033350014,32.470051487837196,31.789365570135057,29.579392150087934,29.386252762562886,28.463832025783574,26.68729923005804,25.012066511063008,23.595313460721705,22.7314398621326,23.659560010333685,23.145668010699346,21.877713539483796,22.494795624307002,22.656029872750093,21.00846910076853,19.878220530055277,19.21702487038494,20.404804214830644,19.473627531471656,19.265110818135224,19.89766799058816,19.01420198575241,18.29772686103196,18.262904282820912,17.068115653799552,16.422414345767166,16.537627965734433,15.435534021754512,14.965616989902152,14.626124239794256,13.843395740719911,13.977671692832669,13.11726672804204,12.716417749731912,12.858772819261842,12.898059000492381,11.27939564397837,10.829361622940334,10.58532806498756,10.733497745034533,10.401514260076647,10.07831925384002,10.32770611142836,10.39134457808957,10.362656389582082,10.433169780269491,10.12490168268896,9.546343874979817,9.438842038719073,8.885356158316672,9.324842284078626,8.86744915051418,8.59773311951079,8.420752340299392,7.991436458465436,7.32919459786517,7.577804372115731,7.583637451443187,8.01529805728608,8.46578487858577,8.306728020265227,8.416187645208296,8.351223949892315,7.173157322393817,6.707074926064502,7.056018201562816,6.836832758431617,6.94871378039464,6.7339758471240625,6.68620417766283,6.236436779735548,6.59813944587914,6.2311594516678435,6.111685219446643,5.6014372768906044,5.642889341748762,5.224140160230263,5.190862213125868,4.497459916793767,4.608582216389245,3.881249137132028,3.916527596888866,3.55454382951693,3.722938645940379,3.7640002558006804,4.0937827595367615,3.717167210843913,3.9852031955775438,3.6085316645149708,3.52154230403122,3.5795815968111606,2.7461762289109566,3.3420354396132566,2.8419626389987087,2.761332878644194,2.682037548142908,2.1507986824479777,2.1337592834487085,2.249126709285506,1.6777372320560247,1.8396891476432424,1.5809584861358554,1.4454995486081554,1.5503730848555857,1.0169950293220933,1.214339377346653,1.2616207820944443,1.3943867787885438,1.1106099330905137,0.7733142893078859,0.5690704953845829,0.5282151807210126,0.17788543251625624,0.06302602102427632,-0.0,-0.0
10290,5.85115195624349,9.621667913343408,14.360740445781659,15.94770992299829,18.559392216946694,20.041062812815888,22.392429697167803,24.414213812504915,25.043266343536253,26.132731593628787,29.69242351963305,32.59550127595759,34.124667688004855,33.33857527298117,37.31555891781916,41.02431497826231,38.67867919261646,40.413291956695154,41.535210393994205,43.33294998415491,41.41463007504972,42.358809135278314,42.44463805474383,44.3463903748653,42.48904045294143,42.446947270902335,42.45332969054799,40.1088371335845,38.446448163197545,37.14750378654923,37.13136414143625,36.67349769914322,35.79804210308907,34.75768347224724,33.999839727593475,33.07752169771455,32.41728793103593,32.00208875436737,29.636277051674355,29.309156618652285,28.2552287850214,26.35529571741019,24.738409894129695,23.211576287336758,22.7239527758529,23.54392069308055,22.919138798140327,22.321497319908975,22.836481629504622,22.889294671721338,21.120092535682545,20.16974187579201,19.40083218849447,20.789463203364548,19.8863846424568,19.575551418316604,20.258591304905032,19.2654623713153,18.58097394854783,18.451750108525367,17.412824737905755,16.921670891636655,16.949630699950625,15.986590269046625,15.661923251344444,15.22826715708719,14.343715924411336,14.40004680565267,13.66678642784036,13.39820843118643,13.467207049427167,13.430053193213928,11.902486848869128,11.467709352371047,11.345654460296473,11.429245200553947,11.015230561238772,10.808117298845339,10.998984948151575,10.996138414334776,10.897885029718203,11.100545905335895,11.008832518534971,10.334922424236328,10.252368820400076,9.700714775808308,10.097581692060798,9.554741828941586,9.30200271675601,9.054854911093608,8.634871857717496,7.968668323556527,8.171028070849953,8.205219259760357,8.596556772875905,9.003542044260568,8.77669407558977,8.919480588144937,9.068055483206777,7.772874677780152,7.22826806932229,7.535301438891597,7.250516237135984,7.308861826310202,7.030391590448464,6.9242386862159355,6.408661658496215,6.888010147076903,6.5377312536665695,6.441711793173174,5.940868808386767,6.0923196452208535,5.68127872677844,5.594637141609822,4.82030979982773,5.038105411500242,4.224867071534079,4.216034963127129,3.8608136582392585,3.9921357799512327,4.059759092592318,4.507942473765168,4.1364226565014235,4.451240267004229,4.002746286722445,3.863840621734364,3.8773723691667574,3.025264000185853,3.6078768566694,3.0386624335642285,2.9797585036108347,2.9227644562997384,2.4519035602343626,2.3940009916871863,2.5462094123166845,1.9538717247980986,2.0930415634044324,1.7758103986876064,1.5935267959733475,1.731436878051657,1.1246730263846247,1.2969999153112155,1.304531427507764,1.4657883207514981,1.1980470832985823,0.8052211260012321,0.5589613452812743,0.4767570297401551,0.15741533382575099,0.03798468008449943,-0.0,-0.0
10395,5.5716584257046655,9.101913685056557,14.522986989414353,16.701352362773676,19.02912210824835,20.235115689497306,22.348099148156013,24.14006555233799,24.552317130983585,25.438669476313652,29.127441497854544,31.814437014766813,33.1370311740139,32.504019744310014,36.26102294932014,39.74523869934718,37.24678907475611,39.1043300372245,40.03592154857365,41.951604237191674,40.184311350773854,41.54367946937889,42.03699393691939,44.344633141607744,42.28062448921413,42.33199779762767,42.983248736017,40.41849600862347,38.56035491181008,37.32755687576855,37.14324820850985,36.757325791250494,35.716260144133344,34.518390319726095,33.83040155214943,32.7608013640478,32.16876517979137,31.614611003402764,29.12136245600838,28.668804195419398,27.870535267550867,26.03289888958584,24.47369288259292,23.16495464600115,22.725748207471714,23.60079306692997,23.021276174857018,22.625205647515674,23.51383956220188,23.453351194756777,21.848216758416736,20.76941228626679,20.02596153788892,21.33857159835025,20.460325614205406,20.18461219021782,20.77910730162405,19.66843206108655,18.87677871040632,18.78630244944478,17.640407036157928,17.05372463201302,17.248925204885097,16.18528657361745,15.771551545319968,15.490981579619994,14.629265485812873,14.721516019916486,14.238811284308921,13.883463053032155,14.101540318962968,14.097142723139541,12.447197196108856,11.927043643232187,12.04090523828328,12.26430437677446,11.86376694419675,11.576032518307152,11.703182117911581,11.834929618906392,11.867484898796148,12.112833625158538,11.94447797645945,11.168028384666137,11.11309880722136,10.46763092058276,10.814278593390172,10.182506364712886,9.854722642631877,9.7226810172459,9.314025434797147,8.556573855616836,8.706453869573256,8.770905056326603,9.207948155894353,9.855684748965544,9.552741750316445,9.638173174282874,9.826066695623673,8.497424164546784,8.041915252629664,8.308641835598229,8.038159335435639,8.131687069664144,7.777707796840222,7.607548495988573,7.092570970887368,7.632095918063114,7.291863832015864,7.133419355051354,6.717869544848167,6.91298614210185,6.417779861391756,6.356927937055518,5.552534016202963,5.7380951096836945,4.812765355761744,4.756313205836818,4.402569924136369,4.497943721568068,4.599798757097687,5.030724198601638,4.664799051907891,4.95117909381399,4.4243403619578965,4.227961365069446,4.1921408982235855,3.2520778290008634,3.8884427441903857,3.245380701196423,3.1367323407150622,3.029601964848808,2.5017217004602132,2.533408806783195,2.791850976494973,2.122832781917597,2.225340473724012,1.9189456109198595,1.6870903805454316,1.7855585748004696,1.1275841455754863,1.2576867025729246,1.4175118464882974,1.5402442209514042,1.3670904757722864,0.902938445516432,0.6043748260249264,0.4829995202709022,0.13851096247831496,0.033141583532029686,-0.0,-0.0
10500,5.298350778881617,9.047782166093702,14.207926038563375,16.144869592408458,18.66728913186873,19.649478526426538,21.545785340805665,23.131994276374062,23.719172528826498,24.755811340647075,29.276791151261214,32.46477596044857,34.25740848819156,33.33865942641215,36.91905369811489,40.21082950340808,37.44391337393202,39.09835944821918,40.78298825291381,43.46758794173388,41.71621568401219,43.179583569662,43.44635470984079,45.577011532060524,43.53732259032616,43.947565855693654,44.680605211356514,42.37546054021949,40.24721040101627,38.77976387990545,38.40056207714952,38.065435609788466,37.53161243854628,36.113384973406895,35.231217788979826,33.96606440704174,33.41327577798437,32.687773314156644,30.38562766845856,29.96961582915137,29.580976979491005,27.90159707657153,26.314869395202162,24.814122604122765,24.227583437271576,25.00914063415482,24.2838018221446,23.91667848815877,24.7136303385003,24.694888136596727,22.92024981659937,21.69668202764507,21.27144930242557,22.67412438589499,21.652386066920535,21.407112824371545,22.064135855310095,20.806022251315202,20.025429123871838,19.830117189036713,18.68293037714403,18.245752800054277,18.35272499843884,17.15567268918448,16.763145098078724,16.507935495639913,15.525826661141982,15.535576877563912,15.309905907974466,14.8552455176419,14.998646312093348,14.911022850319197,13.456845810447357,12.835597092771453,12.878182235915597,13.034095532839945,12.54351160711358,12.172121407229483,12.335554378608778,12.397444308135656,12.356910975658995,12.534052062655588,12.2879137296771,11.630531102287549,11.502798135834423,10.773271845253403,11.259756976444843,10.741449958871502,10.433445864403264,10.327565942902527,9.83798143665094,8.99150096895104,9.175282070448809,9.178070609961535,9.56214485687113,10.157672278544869,9.977054577348172,10.09634048453289,10.32192114906843,8.981462189578115,8.448066376179895,8.847279889312563,8.503923790102988,8.631446432904772,8.294897419789221,8.148725954568471,7.552587715647712,8.14378489986124,7.820952672601566,7.5953811007031335,7.1046514467604736,7.246092114629286,6.6771997219074795,6.555726598971282,6.009259190994156,6.32072950941194,5.288915547770479,5.258305430481753,4.833519331188805,4.9632024198205915,5.10132112246714,5.678857703064943,5.234520809934833,5.48642928769718,4.874478800766674,4.614857960647555,4.524654874103862,3.491168861089676,4.267692134755323,3.6165364673471982,3.4536240208464384,3.2926208182332584,2.692072656338731,2.6793064891888805,2.8966633683389276,2.4438424420251117,2.588708506799224,2.212790669130588,1.9208410172337278,1.9854679700767002,1.3031870957771166,1.4753698395471426,1.6881526260006,1.783316361878708,1.5514098351465506,1.0087287837006471,0.6525855517345001,0.5491713708466945,0.14998702149647591,0.028734609043522794,-0.0,-0.0
10605,5.526577848977277,8.99697242968012,13.897618387427576,15.597063514741782,17.892995906339817,19.463994072467333,21.51461761367408,22.872566499151333,23.59652531468687,24.420962577367728,28.730702079957787,32.0599822074741,33.99236321017704,32.856056210618924,36.22660604628013,39.30298712133512,36.68471477268484,38.46204212352297,39.946517094303886,42.425896786011315,40.810501786424375,42.697771930307695,43.37956537394886,45.62621767475133,43.66469785190939,44.462481480902085,45.000131237886144,42.47678205566042,40.678629864266654,39.01210804857448,38.45534801955882,38.19497134711004,37.4908605107653,35.906195449141876,34.86908628463053,33.45747479259748,32.76466043971531,32.114291651315924,29.689308306683404,29.148391517956913,28.830187133467827,27.227743554161393,25.535960518323346,24.279920081135113,23.920598062634827,24.586583062656324,23.917882699682696,23.441203612970494,24.288338276517038,24.322891221830172,22.60345526775218,21.583082300109915,21.053438383302176,22.35085349344658,21.378825954925865,21.03257611739099,21.734598861968895,20.815859275873535,20.07450150975394,19.77986175957025,18.534105159231483,18.137788699168674,18.152510127981838,16.99606087984274,16.64248996093709,16.677794466399583,15.845060613143053,15.769045917256928,15.455731990300924,14.91361787698925,14.975228184863179,14.805083922337039,13.383364469135332,12.685264456866879,12.652353321916918,13.059781117512308,12.598947763089166,12.257055470376509,12.347311653119316,12.334932222166167,12.32654167641027,12.536854476190157,12.215055473596502,11.691719733362218,11.59439232508725,10.788394899537309,11.20606140196777,10.61683285884653,10.338655106468442,10.459580506968726,9.993855759711588,9.16453373300942,9.379943256989765,9.507012614305404,9.832963528866236,10.370601532247186,10.118073290507285,10.169043259776952,10.325632965164038,9.102383667001453,8.498431480820114,8.83453705681379,8.611391495475802,8.674377142370796,8.457347457472244,8.337989495952725,7.669340122644677,8.202612450411383,7.998587703477323,7.70550668252318,7.146614497048877,7.316696012255266,6.6811308955304485,6.585267419376135,6.0605464537293585,6.313835859940792,5.302129806560117,5.377109803060795,5.049564947759923,5.209969153635755,5.465619964094484,6.099413671685797,5.5782826888767385,5.780481258735331,5.265737893554225,5.1133532495681315,5.052136508758242,3.977629723740798,4.760177733908294,4.0148189142223645,3.9575051814613107,3.8189547122851173,3.1187163146070827,3.060733914708747,3.2482004621876643,2.7171667777135786,2.9048600001393527,2.4563242129065554,2.101085985461351,2.122671492455545,1.4963025632590803,1.6430415897768362,1.8231008690029016,1.8697493850118294,1.5754252203635524,1.1229822778807006,0.8380189763121204,0.6914406702416483,0.19784525026565591,0.03806662812572831,-0.0,-0.0
10710,5.2531526414418925,8.949578328826862,14.575155286151714,16.38395429344499,18.816770219214533,20.49409212020776,22.27496496794131,23.36737715541775,23.838663043665196,25.123727687146513,29.26542620257823,32.39228593050794,34.46129746552197,33.745509741518696,36.93077776962633,40.16219432837215,37.24222650374045,38.814017474282224,40.09129595873882,42.373707583711244,41.1622761416469,43.483523980447096,43.951224801739095,47.26820542373623,45.015805307897864,45.60582680395002,45.935130079367674,43.158349862599046,41.67740228261732,40.045222437927805,39.28837320253433,39.09161241914014,38.4399750194055,36.88618286239053,35.888253333521085,34.50409417361088,33.63465648096978,33.029030244338486,30.403633691676017,29.70970163227515,29.833909887642733,28.053367753067143,26.373518829796062,25.31128555356972,24.81498691577974,25.54566263229788,24.905517935708026,24.46116287524559,25.37874530438286,25.291073362949437,23.408305522744477,22.40673543443677,21.75295126774929,22.967981984097335,21.867762186515623,21.40921876109128,22.015101284674856,20.98167145067943,20.132814694720647,19.73759920882577,18.528317651692603,18.03670613118995,18.092646003434535,16.97158110976118,16.655319385142935,16.729670553071436,15.928781158234917,15.88962008630611,15.48830822737119,14.859745689852906,14.838860967081649,14.58682779475654,13.31488408404159,12.539550180506867,12.431532763124444,12.761177046646242,12.229124887259982,12.134516085613985,12.150384539377681,12.063857472503727,12.087478417207741,12.328977300696218,11.93430365041862,11.342471371688273,11.27677133154673,10.409272076653357,10.750274173948595,10.10210479463633,9.857854280169743,9.907462004310327,9.385448338595317,8.60565529807348,8.841116323444762,8.898424227099522,9.336209363030035,9.889893020806799,9.767967189501615,9.747778802523435,9.830215186615272,8.56661478697116,8.094037900691548,8.356378755784348,8.163777151479021,8.250627406380266,7.9716496107749455,7.971792977510117,7.340520625213957,7.797206888215581,7.7143446153567465,7.359808123439158,6.923949252459897,7.299224425883824,6.599805638742965,6.529568659288055,6.114853769465991,6.30928878211959,5.31746131486498,5.335472538035326,5.111695758794662,5.299444298868324,5.4991252041289735,6.258939250509608,5.666704462190191,5.900316179848485,5.405668164153455,5.189447201448312,5.065416851415298,3.9288493653443837,4.646643824591826,3.930600049717773,3.980781836739046,3.782286307318731,3.1824852560103754,3.0697336632367964,3.200392523619996,2.6168779614394317,2.8224413225855214,2.477032963457536,2.141171274154661,2.1879039085232885,1.5026290667912001,1.6725792073874062,1.8816704054027305,1.8704942034449232,1.515088818001948,1.0160780185559262,0.7579676053839275,0.7008094405264915,0.1753114055847839,0.04978427289784963,-0.0,-0.0
10815,6.030551814374958,9.882216706022643,15.29982823895455,18.68738739623351,20.720954781083755,22.45929295484315,23.904183619809224,25.064865671863974,25.575931914702302,26.583784988551315,31.70783547594725,34.63728545853491,37.218365047317825,36.474093771244625,39.4850462135048,42.90666481993079,39.52955730070322,41.556518559993656,42.5912493011244,44.67887027608278,43.14580773534363,45.60948153086166,46.15249364467799,49.321381472730046,47.37077878696096,48.350240539597564,48.43672236887621,45.316060735107754,43.83923232524707,42.202798768684644,41.736392982300984,41.32067691754745,40.44204517272882,38.88648680376001,38.14390462134553,36.98421221069442,36.120406222261344,35.30830356565523,32.61206487224512,31.930863788734257,32.10497500938079,30.085644219288085,28.372733508891734,27.119041746211906,26.824136476752386,27.632217340636206,27.001762141421022,26.93000774246879,27.761053405769495,27.70910132461284,25.588539474379903,24.736755946088955,24.08156318764318,25.4097574452359,24.11851071888767,23.671431268416043,24.514283006337514,23.608989274277807,22.58358750142016,22.35034952827188,20.94040909218748,20.305521453185225,20.259232014457915,19.098073534213256,18.79584183895354,18.775576894625228,17.822807067837036,17.68570035964216,17.165442699144013,16.407524714366378,16.54772903616287,16.190216912228372,14.753309255068888,13.96369649985766,13.882710827204598,14.152332076580013,13.507785795819675,13.329002111929585,13.267618772246301,13.210657565638968,13.158071877360646,13.560101867750536,13.177602721386993,12.475485557502491,12.33163862462332,11.449565289109012,11.737581140674054,11.087361106787577,10.862059455635935,10.845262191157373,10.22716339213054,9.436879739075277,9.620112496112375,9.712019978671673,10.105535450322249,10.616276631240778,10.420031005802935,10.432294245228295,10.44863982712804,9.167202704795828,8.705580032275574,9.01157382423196,8.74622661964519,8.966019622749894,8.705704510674227,8.836788990929655,8.105191807727643,8.62311201696794,8.668586024470537,8.325067327523445,7.797541427040186,8.235507082256103,7.520472949081933,7.386559764721687,6.884159891122232,7.12785571573737,6.007648800200311,6.148999056427618,5.853441524370663,6.092047211954553,6.252876574192571,7.109403497416572,6.414331347731846,6.805844030439063,6.212739933631909,6.019656911685553,5.927237091069398,4.629814651796041,5.362509742757133,4.532426947816803,4.62689430674287,4.359757704129404,3.7441604328470843,3.6599169563361564,3.7572059474977952,3.0698120300894187,3.4273243010008745,3.0853542346322347,2.7492258134794803,2.856628215544391,2.016131344064609,2.1859975302107473,2.394907723565664,2.3453594338808,1.901959714712835,1.2933051281133423,0.963616504323459,0.8684129524129324,0.229301982738877,0.06430705572672288,-0.0,-0.0
10920,6.31022342733294,10.371946652518902,16.077315319455483,19.134371492484313,20.85332528096472,23.212734392218753,24.78437917961048,25.64776649104504,25.880951024995593,27.014557337187895,31.95941054864822,34.66408229714679,37.01646209676903,36.399926800869174,39.565147275643554,42.77262935012226,40.188271263081084,42.00109071648696,43.15394614267893,45.031688852045114,43.57846907933041,45.846007964893886,46.17200789881847,49.14775971253667,47.60825087168491,48.382446702456136,48.56987402731187,45.21919619919362,43.8252257340687,41.991906418202355,41.87907508290939,41.54166136150073,40.73293813335163,38.98729995189925,38.072201416222164,36.74605453779101,36.183335967167096,35.2106509580156,32.35542431634237,31.53271777528516,31.775166881049376,29.818115191718444,27.973975194737825,26.781841890878386,26.365066886538965,27.231338994802766,26.481308280891366,26.645832366844154,27.355809727974837,27.361570600343633,25.63757513968336,24.830946142034776,24.056488570277693,25.276897379562747,24.03173403838434,23.472677105232385,24.367730164686808,23.508865682982645,22.52712287020105,22.64651786042636,21.11441208851241,20.516743713550202,20.513525447090316,19.239942854059368,18.976520200062907,18.859961303332582,17.939815351042807,17.84165584499669,17.224880435147572,16.499713574125675,16.552352257713903,16.23086691360456,14.700629855064063,13.827564010353008,13.666639398341163,13.855151168666145,13.135986876297668,12.992565563727283,12.965290059440116,12.831164982226486,12.812348733204178,13.35794183972602,13.121982565842366,12.670264750116582,12.448018460947784,11.80080956950352,12.128222759836802,11.707355233781957,11.40167877718526,11.417241750511156,10.708101696426036,9.9244093426643,10.145001684744049,10.373068211619628,10.815982596993095,11.382640358330033,11.212631798158897,11.153503050427101,11.313442630754503,9.900929796724972,9.35135984272336,9.70418535650526,9.36017339115933,9.622850811287433,9.284262222952721,9.45440145596332,8.724636703834204,9.198404882929538,9.487111416412182,9.264315247647826,8.739678412473632,9.14127760641254,8.518991386020062,8.31278317530219,7.713852813238156,7.911594730969004,6.753573600355641,6.846192723137426,6.660337820432394,6.95568008233447,7.06967643346505,7.9226646282521545,7.119764764452154,7.684868049979752,7.091605976250178,6.927844178666067,6.767889682424678,5.308773944234939,6.040510810835068,5.093434094022953,5.136901494169561,4.795118028000035,4.087758901231305,3.943017220662189,3.9860302706739152,3.2165214401448177,3.617587200585277,3.204669176611913,2.8014200752767806,2.8473591102067193,2.0276022143870804,2.225237082768486,2.3713778032155006,2.3499434279540283,1.9326524820823767,1.342368158553331,1.0318037610752882,0.8805600864814085,0.2946848566159584,0.0820855152359673,-0.0,-0.0
11025,6.016383268877986,9.825103181755663,15.235008728704846,18.06096784515215,19.587297894023617,22.181645617231304,23.546714033411806,24.227954696483497,24.678375711759887,26.3544583552707,31.06532658714453,33.54479163690522,36.05809394148776,35.60779031888129,39.29355494920507,42.281389403382036,39.47318678695295,41.77380011558719,43.056749735901356,45.06849287451745,43.37900979725608,45.44411775784783,45.56221842760808,48.665271705534145,47.23502028498342,48.12329437088363,48.10718609928786,45.14369911754143,43.54843099484218,41.52610605521168,41.50626683638732,41.25774495070923,40.27451053734959,38.61112837578848,37.53367406552924,36.05441097128514,35.57343819183333,34.456154157245386,31.899479968463414,31.146646655023655,31.457692671154778,29.364727800275244,27.585930908043668,26.271682632312864,25.73651013074908,26.84093800396053,25.971637584655898,26.017003664510042,26.78238261794621,26.669403258716404,25.01419091262454,24.26761245854295,23.71400104244006,24.986866379776334,23.630656884765216,23.1237182782771,24.06897210121383,23.102016683897112,22.018339999714968,22.03292526200049,20.56057634713084,19.86943916707311,19.76887118386443,18.556468421658003,18.47667724338741,18.2675572459794,17.2668471588241,17.34283907564772,16.901240292324335,16.218004981268937,16.309457661796525,16.02696399710325,14.534454461047318,13.581402212377736,13.57045625358055,13.794521296206062,13.106904805309446,13.109176747362143,13.003209483992483,12.901856315076918,13.02885607931365,13.50250483296738,13.18466039823499,12.762787419294169,12.57181590551341,12.167016838860624,12.424957683811613,12.029363391932495,11.64308597609363,11.799473552267532,11.00133875043925,10.132171331797844,10.286059167625412,10.445721290030946,10.819638161731838,11.314221976285374,11.390968020790385,11.255818516059938,11.450466814697947,10.258360699693167,9.625949517728117,9.915277908493318,9.698494493628637,10.000498645342292,9.582897911049356,9.68559976005457,8.873461266215683,9.282756924391721,9.501260059803558,9.412672419920641,9.32793073234025,9.89159565183225,9.38335223116968,9.204192721586958,8.50295965701998,8.645461241788503,7.360999488301183,7.494377468175521,7.235442044965168,7.480485964888203,7.5328767063114475,8.34702562422915,7.447526447543317,7.955489196119269,7.383311544451979,7.251295621756965,7.123655238401331,5.648500600857559,6.553900972485067,5.49593000298366,5.477389906522667,5.057886336459482,4.264871492044403,4.054431828440622,4.033920539066937,3.282006373642443,3.624455532022703,3.2361460790584853,2.8556917957115884,2.839009496006172,1.9609390990209303,2.266014736005922,2.3485336254284266,2.355358907828796,2.0648720213874383,1.4833349552925748,1.1038365931214589,0.981927899749214,0.37266677967583056,0.10359732537661531,-0.0,-0.0
11130,5.728314418346921,9.290518827093427,14.943386316829857,17.50640610209603,19.261995500227126,21.610274808215486,23.170554550013307,24.423370731479906,25.000766003834137,26.818347895591295,31.73975986847324,33.98730890122841,36.66206237146303,35.933314305226034,39.7949048513793,42.94942578435377,40.54476797366807,42.63350085705992,44.039370872852146,45.83525685845094,44.206845280795946,46.06867956648703,46.284906570795094,49.20472326785838,47.84844616634378,48.5243520404143,48.60413191411493,45.38796847971336,43.57649341240726,41.62505225383685,41.69130521198172,41.79124659798193,40.608980982925736,39.252882255841094,37.982481066013484,36.315602989601146,36.132625974488604,34.836769335397406,32.09497998381064,31.188993038011056,31.567910469125295,29.51724402253441,27.588301306346168,26.322204472734548,25.658019425273785,27.010485664418773,26.54809304547245,26.466573087903228,27.297996316632506,27.05597332938067,25.255254127211106,24.5505374157093,24.03947504874924,25.381248366199717,23.889139748709805,23.424329775401098,24.43178750588518,23.338400757462885,22.133386463507595,22.195034741042637,20.603964503670863,19.95172212922484,19.89415615679623,18.71199146926919,18.534767845162882,18.228666045786117,17.13083872262541,17.38008953058132,16.844257513627507,16.069492122631246,16.19999543254087,16.081605067200854,14.493414686437193,13.570975004161596,13.595038803244428,13.856103647096187,13.08343298448349,13.00683377246532,12.822311111037834,12.643239968188933,12.691560651746375,13.195851598464909,12.91363918393869,12.527011296481088,12.25951138420631,11.781737388018128,12.17882055054212,11.709069322929292,11.463850406208477,11.651922159425661,10.885401848539813,10.14645276334827,10.33203105732292,10.732025307050195,11.146463313796868,11.68578236586831,11.90993106629929,11.805929654759295,11.929872234018658,10.631327874824894,9.91226266659949,10.240523017544213,9.947097430280031,10.287932838466025,9.789643458769524,9.821291497511048,9.130688231086744,9.58144212964759,9.838702453970559,9.674827796465676,9.514869791210327,10.01105677851968,9.529675715208965,9.381299407693593,8.701502524451284,8.880119518669101,7.701510527638135,7.770230779259092,7.537640987167804,7.71931887599921,7.806865704414309,8.67770420673311,7.681885015000345,8.237470927352177,7.687647902852076,7.5892673369874375,7.496088155399821,5.904345778407637,6.7625234609112495,5.714026257269376,5.835726548339481,5.437048755022938,4.546112468013052,4.362168247314104,4.278884681160768,3.4394490674255027,3.826507409873622,3.363138730041485,3.0033856090787188,2.924999371977239,1.9733341472409167,2.3997898535227242,2.423275195961546,2.3616397259349893,2.0995346802557258,1.4465321603424084,1.0091306445202686,0.9962181521866067,0.4644275134123901,0.12934339450881788,-0.0,-0.0
11235,5.446030320374739,8.76825879359489,14.656562891143496,17.96747554165213,19.408871411835676,21.94319279098558,24.09653309208444,25.05133810282542,25.73935390538732,27.312794660903652,32.456911498800984,34.462838566809694,36.90750078131385,35.91132864680851,40.333710869083816,43.271862369116995,40.9452766644569,43.545744828043276,45.44532092232765,47.74303209864111,45.77899298224888,47.427885736915755,47.39269690865453,50.47161638118397,48.835065024769165,49.614630307868346,49.78246034694206,46.5725457326286,44.79491500414338,42.587040763200264,43.0087517966261,43.45766798679235,42.57273109122981,41.22818804078787,39.716064427201026,38.29681417385108,38.16200945642227,36.63484626641915,34.06934062970634,33.17609248881215,33.40397159930004,31.3223715881985,29.561523809100745,28.475659389567127,27.82052227692159,29.093347291488758,28.65322118689336,28.42373209483815,29.1499892366745,28.944263222748948,27.10834438077901,26.769981235366437,26.098392102126272,27.37518253585898,25.68222791369207,25.070902769442235,25.996466104580456,24.90311911665525,23.52938751651533,23.477241115430154,22.02305712623311,21.23339069943717,21.517236760659262,20.170241459398248,19.880313772597848,19.458130874681988,18.353138169052233,18.514576950833575,17.86043092151583,16.962554754270588,17.00474583407517,16.790484813663785,15.315136664608376,14.274763460574443,14.21595498364856,14.400901915828578,13.642152054481759,13.482337188454936,13.212979539741381,13.064371161448824,13.03440340185399,13.468229741868212,13.101308708390224,12.630805605825561,12.282981719720338,11.725910452417116,12.268434827956233,11.717948572718589,11.395973872966936,11.617048429367145,10.983685468156349,10.165517307590347,10.280621283625784,10.713397173342873,11.054812802776436,11.627861154257486,11.886020845143918,11.702946218917985,11.74773259593815,10.377161177560776,9.794991596275038,10.154024642332644,9.89073524674859,10.157410015484185,9.585666214859845,9.647047432086156,8.886785795358078,9.259196184935277,9.542676464394505,9.409771278825739,9.280618407387522,9.804030530191373,9.355426552086781,9.346889993824078,8.589723934988948,8.691534221098017,7.5477929776190065,7.543060489510492,7.340062288356157,7.445363687767459,7.559295546044452,8.338619545074337,7.599399193372576,8.074012829539859,7.446948740127546,7.268121366849545,7.203852168468556,5.663547248651531,6.53578879087411,5.527017614198847,5.5695406446681,5.203145925029046,4.447949767382724,4.388437303043795,4.434637282724855,3.5120224831177613,3.8377414247514317,3.304327214435843,2.8798216454753476,2.91897438214833,1.907957114352913,2.2617308509256158,2.210188922951258,2.0697792055564803,1.73948261668589,1.1556134153154316,0.7043818978054379,0.6763691044566323,0.30501021545847884,0.08276290822331521,-0.0,-0.0
11340,6.325559255474395,9.250084409912766,14.921517146769592,17.935463564107813,20.054499482567586,22.769796652426656,25.085053279550557,26.14981457888521,27.344939461955033,29.037214231545175,34.48252242181716,36.62971736098924,38.82144934628368,37.44803502272034,41.70843998114561,44.425900527374225,42.127432832038664,44.515079302242235,46.55927757467242,48.63620496437512,46.72762359615774,48.51008928104428,48.218866095905,51.4600193824514,49.88114822431534,50.43412181067257,50.370419550863765,46.89024121686094,45.181460699251794,43.02967315765515,43.26061078177975,43.522817003679144,42.44437513344308,40.91357956993743,39.735195352137985,38.13519171330177,38.56881724925544,37.568762599555505,35.00925559299655,34.156886185039156,34.45137985251062,32.16305338622538,30.21606138855602,28.968029917589714,28.358513530718174,29.5157560769922,29.12624298180313,28.94951316030845,29.552735880696712,29.400736252072516,27.77294256793656,27.298826522548012,26.48979082401002,27.659749908562134,25.997040817967953,25.257832486614113,26.246566255542447,25.359339725638456,24.01068789467749,24.00591198575184,22.886096352134878,21.964165870456036,22.300499703676582,20.81174928755831,20.558415250278095,20.31509976610777,19.503570108523572,19.569254220161156,19.072576866236282,18.039005474870333,18.26011319657801,17.93960836520864,16.30910597599127,15.387757769949102,15.363250695941366,15.469006212933406,14.834430117708825,14.702961085577872,14.455634661585039,14.215144753981805,14.10048677215923,14.471388843185938,14.124501024942232,13.550436093862357,13.107253506890077,12.44908210656854,12.933200215313466,12.285902467493003,11.987865190813421,12.25132031075051,11.62970745935244,11.026196586632157,11.07423272897055,11.672772785745309,11.956349317880115,12.47922795332379,12.66990852314512,12.516905069738051,12.60170697338333,11.31657001921569,10.631078804730937,11.045254435327568,10.805368790280252,11.124727514543382,10.4490612805874,10.551553539563482,9.679343878038257,9.999791867039265,10.223718508135471,10.011939630999796,9.804469118573026,10.384229816548523,9.844382174571514,9.872952267177542,9.234872320578003,9.268653031713422,8.113129316350344,8.145224564343291,8.076371008957574,8.119691485535984,8.170020174402831,9.028473598862151,8.181116288477568,8.602329831221299,7.990407751237192,7.960793407051422,7.938323018157967,6.3449323421114405,7.322724692415475,6.179334936967105,6.270664802897706,5.814639341733733,4.946828218884799,4.8220523056615825,4.807007823712313,3.776613258346794,4.052947569225482,3.6338826600372487,3.222676753987149,3.2071913677690005,2.165090269829274,2.4930176242995272,2.3811320497592563,2.173498827207909,1.7707235921696303,1.1224601994020018,0.6939850895215872,0.6144514167752324,0.3269860364890407,0.07335416058202739,-0.0,-0.0
11445,6.027693585461757,8.724923312217804,14.097103398005542,16.87955835944322,19.269328287184543,22.214105294531493,24.742644905891922,25.561687439500204,27.782435640591174,29.631315480661492,34.897270234922736,36.78927040091254,38.73346705263339,37.88256356646298,42.3487495704713,44.833399768879694,42.61419320895815,44.77919493162217,46.59610711890041,48.447316133525845,46.6491536173545,48.21396944518756,48.395071057800564,51.43803238725952,49.616024572858045,50.29058239211758,50.00832138361798,46.92914469654659,45.3012197941699,42.92974424525982,42.97269409438639,43.61365155196361,42.887000310765586,41.14730677874439,40.034991159653146,38.49085720588427,38.75763868619053,37.82155774912045,35.30150435100869,34.281142014988745,34.424689668848394,31.97243770595506,30.286561325828284,29.488705608316888,29.123624583314324,30.364341205654785,30.220126187037366,30.092515916495717,30.569832276820236,30.272991636627598,28.659712967432494,28.226433303733764,27.63019536441295,28.70172001544521,26.864240678282624,25.981571350857937,26.867477786293442,26.012868838303994,24.684292844423496,24.561494123389128,23.305527912789504,22.257342035051092,22.646042625422538,21.02769060817199,21.11785629279647,20.91367626032417,20.421665560432398,20.384830402852828,19.916299462149464,18.892482806546,19.16251640660854,19.155449022877516,17.35934224581518,16.308299205688655,16.191763252512846,16.21035231594519,15.720369014080624,15.622021808646668,15.402854972782048,15.065466453253906,14.984151830274074,15.282308114630125,14.960745760504976,14.28050090364308,13.858394064260741,13.328867710099454,14.112549278422435,13.46730569794584,13.072619520620904,13.387951549208962,12.885169497210804,12.280579592485704,12.255207392950249,12.811842861714991,13.15062495744064,13.622342998248401,13.863948831252408,13.620805516531252,13.874823627433162,12.553026284541113,11.748547876210164,12.228093102947241,12.013930366884274,12.27618762054922,11.60018151090713,11.750730158572594,10.748219466703203,11.014635204538383,11.176136175326214,10.993788981288391,10.699792817933941,11.23282838366405,10.70770927275092,10.661331714978864,10.149196462816779,10.22810011229217,9.155288771756624,9.120382765940644,9.090891475104543,9.067133569937237,9.166477943108168,10.132514730595819,9.154070162911678,9.65359114398535,8.926961521189492,8.822211499807114,8.84852242258653,7.0798004471340645,8.047153522189452,6.76698688942114,6.792056401324714,6.242373456620234,5.3746959364192275,5.176634637341738,5.091706484972179,4.056820743797174,4.279022740205786,3.8816973129459322,3.389388654870602,3.4102665519268496,2.2678318306571703,2.5426405387397395,2.3611461252576835,2.082266672430823,1.6164391665554998,0.9402141535659938,0.5051806657045291,0.49232070473504863,0.29432174160335645,0.06460601791408932,-0.0,-0.0
11550,7.035700852807551,9.230307365590411,14.37319392009789,16.854453356028394,19.459470968973193,22.13883477832038,24.873368483121432,25.415914842259937,27.394396949845596,29.0079412383081,34.03374763782658,36.116723713975446,37.82367448231852,36.755789736747545,40.97938447070545,43.23277550170879,40.84140630681333,43.16390367189244,45.13994146006501,46.77221298874243,45.154916327756524,46.86521212459891,46.84527348200307,49.66624539689073,47.67292069468861,48.48860648964703,48.67881638815311,45.43046105055216,43.64001158570809,41.6993397648656,41.570668410692704,42.03787724052364,41.702567250430114,40.07410847616141,39.06379743976734,37.368607796692736,37.47886583922548,36.40171999520023,34.228113281452,33.29733244504271,33.519866931691524,30.94528960596218,29.14431111590588,28.427775265517184,28.33279373829201,29.635141801115008,29.55898662485957,29.497935180316297,29.843053355512907,29.418654369407015,27.88014697474607,27.51155711932715,26.79730791017943,27.922236213321423,26.511185158852854,25.858148997020454,26.982780610036308,25.998203539061915,24.542855992360163,24.3043622396812,23.25824180148726,22.410033657800064,22.692189617664077,20.95356240001444,21.091074293305695,20.78061689065975,20.332134818160164,20.19233634913211,19.621639866711487,18.641612983441213,18.955480432796808,19.13443282276854,17.3671208596344,16.479226603529497,16.400806086648963,16.328065646867028,15.742731089833503,15.810696262410426,15.49942970697022,15.19641922656546,15.026447712096102,15.23885554760501,15.204477800556603,14.674464581452003,14.280278140240787,14.016669362873253,14.740485588351593,14.358529362884004,13.863826138970845,14.106872287748992,13.503498692719605,12.79849514125527,12.691630750601448,13.179824373522992,13.44204103573255,13.960383898037282,14.245305324361764,13.910538319202688,14.334501954287829,13.01795989645463,12.229009389169436,12.88166894855765,12.69911509926188,13.011001176162651,12.228056553675279,12.423458083603201,11.30507351715225,11.500238906172283,11.826068760510584,11.677048089497607,11.291584212756339,12.008877451604317,11.626725401619838,11.497892377101929,11.004347682116908,11.007701948332144,9.808490080077105,9.69520929745751,9.586748301720158,9.602566847894112,9.625802029893343,10.666376990948748,9.572628775815058,10.00152978126336,9.172343905806834,9.35903015623668,9.432435219211191,7.63202756206065,8.69165845663557,7.515603364586823,7.469129405372659,6.8149198226536605,5.829944799496273,5.551896081993318,5.391306456207096,4.56591256594687,4.968678363343408,4.476018944615376,3.8825619391627484,3.958257361406707,2.653333846020862,2.9005407104439187,2.647905131834246,2.3962286111010695,1.9367556670554327,1.2188617990145905,0.6734649371479166,0.6335355889344707,0.3751403223628198,0.08316474352690315,-0.0,-0.0
11655,6.720802440843693,8.70116742551002,13.55628705338024,16.324384609738186,18.68472386580698,22.076406035795397,25.025094289319348,25.725898638776076,28.319272067092477,29.655080241814844,34.49523736163635,36.31967716403795,38.19713946780403,36.833599792986206,40.84819148390201,42.86612226472738,40.60225494040286,43.08515861707162,44.83643667663438,46.24316536949145,44.39541138952379,45.89241880341724,45.665065310808146,48.27137584620654,46.09480353304873,47.0458244039604,47.04433802839744,44.573048602408704,43.19487362488234,41.059712843662396,40.751155854462915,41.04221619469633,40.810660806054365,39.01892097890928,38.109588097349274,36.51218672361238,36.957242255493135,35.720774992534245,34.55447654942417,33.452467726506526,33.522911169736155,30.99248142599286,29.033544261495123,28.376129858045683,28.34336754110125,29.721443361889605,29.907796032340496,29.906111320601756,30.316805238441038,29.943759785639458,28.242926042702795,27.92501986759637,27.253958381575917,28.2673136775524,27.070992713589405,26.279166617616198,27.296027372289547,26.173663116569973,25.094995743316694,24.731900535554892,24.04876444590653,23.225638739788675,23.727260679643415,22.135111128391284,22.322926084196546,22.202328770754455,21.6229886468362,21.367679094233416,20.818655272866707,19.69500604593839,19.91630459450912,19.997300088476244,18.21506439131954,17.47447044407192,17.297087955111774,17.2622338934817,16.561402581958163,16.538697992857827,16.125774197395828,15.723550872499255,15.459570349147793,15.845654265701928,15.849764691837361,15.599860374606308,15.228873357090324,14.993249593914964,15.78896367701625,15.430185537573015,14.952367653660987,15.376681994489433,14.654491661263222,13.829177914395887,13.756355091400192,14.184279674637045,14.372886890962493,14.954997864239912,15.294858375270433,14.987277197170476,15.341913194977467,13.881936429134326,12.977020518327455,13.82282725001157,13.547301272121393,14.043784788032958,13.13934521302832,13.259039150721208,12.133719033986848,12.379440430616892,12.636912033178337,12.39797641912536,11.91454240813235,12.829602200860053,12.475366672476998,12.515805613352532,11.913936731132084,11.834265056542183,10.62260430409057,10.547998058414828,10.479218253468517,10.416547430136411,10.360314615138346,11.361657952233463,10.26875786101727,10.630981945164425,9.814780345037008,9.924615540191645,10.048693637880186,8.09417608582886,9.10714520355871,7.810870704618103,7.805596308932522,7.173858930319359,6.078207953774427,5.715077880938501,5.5887602531871075,4.667917210943288,5.115507654939714,4.533982263268799,3.9659427144947306,4.079788756194772,2.6779245120099993,2.8542688748948466,2.737226045123354,2.515899344712385,2.0783192803134254,1.3589660041934903,0.8013317187243798,0.7194085166729043,0.4709169451274162,0.10581386046311618,-0.0,-0.0
11760,6.411109804629225,8.18415011861963,13.84432314531856,16.837232715605445,18.8939164439854,22.027627694184307,25.199620638744847,26.52330651434809,28.856431433267876,29.914044494987344,34.546498482341505,36.55403930545926,38.174729440842675,36.533424395954874,40.32769245783567,42.52044184758641,40.384614426730145,43.03296754160141,44.940415461854975,46.87940152350678,45.469508423924644,47.471513095684834,47.32199428578642,49.73841767757118,47.92899247627043,48.99184831965703,48.729817367398105,45.937120757494185,44.599243398234044,42.18205226694609,41.9435298251338,42.03342180284871,41.87440267999993,39.84225399783824,38.7256172482129,37.172227003594855,37.70004228794149,36.26376563486057,34.90973271160941,33.860886780077735,33.77333515935081,31.275050272545364,29.14415517718579,28.34010673344927,28.170599077804386,29.41968031553848,29.470743656870486,29.33506312674979,29.61228521423766,29.306647617355534,27.673305481029065,27.23036488158164,26.80756852990013,27.88207229072709,26.925196707786892,26.18494699303775,27.083774154048566,26.011916065573708,24.98136627636829,24.498360401905792,23.865093678610595,23.089223522804772,23.644918870920836,22.250786697484887,22.81128708031134,22.575624058862633,21.875959844200672,21.663914595396218,20.998952344655983,19.7572223345598,19.877277136785633,20.004034741912005,18.24978276590559,17.682948226555638,17.544665438204735,17.412927835476303,16.74375637898118,16.761374958819143,16.249328151832035,15.881690403946436,15.523510679996543,15.953159779009521,15.865472822484346,15.652535940173244,15.187880563030946,14.988897560854317,16.094661851576685,15.769114740568911,15.191783467137212,15.531470244896035,14.96668556942208,14.542371013484304,14.379731754134163,14.861217453470395,15.227729561123745,15.740536797465486,15.999342750317528,15.589839985939882,15.997180699153551,14.534147707459853,13.640097315801057,14.425115847734164,14.052288940385186,14.470963889689191,13.456620431667984,13.489057744127688,12.507389138107705,12.926154202034494,13.363841978917982,13.290355484887597,12.699890645801487,13.562836395712704,13.240261509674484,13.46419922386697,12.881470229053162,12.846065105312931,11.618312757077682,11.457004739367209,11.43239407362981,11.282953477457523,11.272554639017446,12.236460488700638,11.141605882573437,11.574401925665505,10.767137541936082,10.9378431591141,10.983212080293848,8.839097596579618,9.960159407995503,8.511119332863512,8.558148409076072,7.811505089282136,6.581497863423857,6.24683563474807,6.162918101889615,5.116125970060127,5.514548044662696,4.831128033364555,4.166743368594222,4.327188489170702,2.802941680204969,3.245397147956448,3.0574173501674333,2.874101872881726,2.3408983079729,1.5107675837359928,0.8662582211283153,0.731201433254349,0.5025352025708096,0.09416147139773078,-0.0,-0.0
11865,6.10664414255125,7.67939532411286,13.033905681895769,16.313880283926725,18.128837562466437,21.01673763608632,23.94315960487833,25.97258614775158,28.062874274184253,28.892188695684467,33.270779973504894,35.48587291275956,36.87449641673483,35.0432245867036,38.59285727753552,40.55996739833897,38.654890129217144,41.458847966286484,43.14752699605906,44.86756511020567,43.65339015117459,45.43980097787958,45.10639377761447,47.65723565824057,45.68812248998158,46.893454848615335,47.45302029141438,45.43887362577385,44.205722753615355,41.87799991589088,41.44776942059885,41.92701953137657,41.86104838996847,39.896501679913705,38.58799818776044,37.36168280575224,37.97724027175227,36.59707807757842,35.536981129993976,34.77192032781178,35.21751102116834,32.91848254625539,30.759496304216164,29.766823086227895,29.852856800716392,30.996394956207332,30.894633346731787,31.016520550072908,31.358579414195837,31.0933541868297,29.44202417380677,29.226238617346155,28.638755578144924,29.617121817398363,28.479352655229047,27.75992661367682,28.557533021233745,27.311328935590158,26.114998272415242,25.48989972509697,25.40801997832422,24.817550506857724,25.274102107342106,24.03064502930713,24.496711522612802,24.296657406433336,23.77434599098789,23.59668763667615,22.778565685134367,21.6714489048974,21.686139108807815,21.70810498130972,19.75384098336431,19.05430513095371,18.80698665569487,18.567948798346205,17.771117620482844,17.691287085452668,17.339508305321797,16.99714355114972,16.66383618335193,17.15528642467487,16.96811461773748,16.651340965424964,16.2083897198525,16.041897537121738,17.101105663473934,16.667874749265675,15.976079592549988,16.3696052341032,15.69239790529533,15.294620717511442,15.036139772367648,15.70818916822484,15.995308942602835,16.43067036354167,16.601467770557203,16.085650543964153,16.546118999349098,15.22085055722852,14.20816166122049,15.058674834595998,14.716728614252776,15.19249900694833,14.053690916241424,13.996451277841526,12.899833421444567,13.23867354122639,13.86061962696996,13.692966638025961,12.997658602351772,13.782720330316424,13.359959712624597,13.489690920288703,12.80585639925879,12.672962757441239,11.611337975385641,11.35566565139626,11.236317734496328,10.9913468716246,11.015900657553596,11.872970109997443,10.957028332338439,11.286953708777236,10.5195098301716,10.586169380808542,10.951439287889908,8.83233167828673,9.860526191763622,8.444899792896766,8.665471180561292,7.948441987462424,6.611806488657825,6.186714948981862,6.012283169298065,5.117550873082439,5.430057686415456,4.778996608223325,4.260535448188712,4.463184188329173,3.0384347151454345,3.4319283802829945,3.281123413119572,3.395536791105563,2.750155643841212,1.7802571451835454,1.0193299645645053,0.9171350065394601,0.6205328750862585,0.11943888472011681,-0.0,-0.0
11970,5.807434398113803,7.187065059108401,12.241588432243397,15.279496208557168,17.374533110289168,20.021952219148773,22.7087305768395,24.518465845541577,26.390776401548266,27.037689127487184,31.573627811779275,34.43247443172487,36.02032046638674,34.36843219988301,37.69253584221711,39.83642901687277,38.08450685580358,40.671008855297224,42.138889294580245,43.63964695701337,42.22492846910608,44.522634967900295,43.97837016386615,47.030113209700495,45.181134427374126,46.519940976057015,47.205252667471655,44.96237993218543,43.83448106151094,41.595946944742295,40.97127974526861,41.266408404214765,41.01888766791941,38.88278962811179,37.413987268478216,36.03738388864083,36.491716881604965,35.468169833453324,34.50400015363909,33.82894327448681,34.122660157772025,32.14492406916375,30.281855598866954,29.568528564656273,29.93337345897553,31.371335654031466,31.12012569323932,31.098141735496636,31.299996004347108,31.09790647603202,29.29286103903551,29.138305969344213,28.412846496628735,29.263066934313553,27.991981076113078,27.332711619824117,28.00333172325806,26.817506317849755,25.500302215715482,24.933633420087325,24.907766387485804,24.372565883216687,24.88383937191743,23.69190083876773,24.381945601466008,24.063569703900342,23.590505123688473,23.46288002015724,22.689447855072363,21.781207438453,21.68571068288439,21.914272647473886,20.129335543955282,19.759816451431007,19.4011508785868,19.20009625971309,18.42497505976216,18.24232418943527,17.924330942192004,17.474678675722288,17.036638015790416,17.580622155009333,17.29170993719617,17.010681848117407,16.463489115578454,16.335061849373172,17.31559126639359,16.9173900857625,16.119232280664793,16.42186670765296,15.643494463062718,15.149859646859827,14.797984482748967,15.375466143513012,15.565725440097456,15.900790079258737,15.97119758237226,15.363566521820333,15.855079261110802,14.452441004149753,13.365553398270254,14.364644664491202,14.196140180701038,14.568759375762063,13.48072545010033,13.459436808044119,12.284244829971572,12.780099612561065,13.431943292373035,13.301634081600657,12.646627057272767,13.32807212625225,12.944781663159004,13.109611812698214,12.600908365939322,12.369956155942633,11.348363775119061,11.128714513398474,11.045109729126544,10.836086627896707,10.76436183439741,11.655194844279059,10.641936276792748,11.005024857026791,10.276804233257682,10.240866416126327,10.495755983463233,8.568841708057116,9.485060263972121,8.118994021894654,8.234077243581543,7.559526933294865,6.398193376051305,5.886095338625616,5.86442263994214,5.12157468324693,5.472515867089494,4.728746708794373,4.124688142496107,4.232590057662726,2.7617232046367004,3.157162347230613,2.9151178318603623,3.0357966210367535,2.4368899068795047,1.6391078753793848,1.0979984036014117,0.9331756196951829,0.6602913795641353,0.14985589253910117,-0.0,-0.0
12075,5.513517796269738,6.7073451167386295,11.467621141586484,14.772159267145817,16.630895538829392,19.51165304882014,21.956560746168503,23.98562053973383,25.62194367905892,27.315791355031223,32.09974003203205,34.71977700144524,36.92770991087271,34.922783198004936,38.03966905686028,40.36212367169586,38.301846600214056,40.67465249134678,41.9130609771518,43.95443064172561,42.63362130055327,44.72409432938863,44.28971725471543,47.149661973925696,45.04243230554928,46.17162312772246,46.64438521107597,44.83427147136242,44.119933714139414,42.2469985924778,41.6982731511647,42.38326187736945,42.209613007833845,40.089391329972635,38.38109228976868,37.04219796603454,37.581648734673635,36.59961423198987,35.67552057065242,35.04652114219128,35.17395989430275,33.66893321987884,31.572110287513123,30.893125219735694,31.329173952728038,32.65621124548389,32.45639400190356,32.275615780654256,32.327933684622074,32.18050878934929,30.17515340302413,29.871932429160477,28.98857968866068,29.91625771385436,28.869600347977645,28.05592634101179,28.60628197311664,27.45032360499444,26.157002664971106,25.450437166294098,25.299016499458183,24.806591278242216,25.204187256848524,24.21554855055645,24.972305038707407,24.52553274750997,23.924068543033027,23.84494799367457,22.941682751603345,21.906906125751902,21.69871316310117,21.978241676187636,20.528235779611396,20.044395884903615,19.574209049414183,19.26595064381057,18.52618080890478,18.239968213279496,18.106163747323965,17.692746344867267,17.290074066237025,17.74344548844663,17.493006041938507,17.24994959915399,16.596918561327726,16.508103405394067,17.688732205270977,17.325145877501228,16.413148551730703,16.76355048522339,15.874399434513842,15.278731939868553,14.829359569245444,15.452913009307373,15.823116295633174,16.066839892421847,16.04046666222801,15.466656042161322,15.866098999730188,14.623918970132001,13.6894084585781,14.615645174231917,14.349928096384062,14.768874249622492,13.70338010809876,13.588653699310543,12.307996002169626,12.716625317890957,13.277094791533868,13.05050503935192,12.564287115836475,13.425466320963396,13.077684763712085,13.14746560964278,12.537092414170445,12.343413149022208,11.484040581264699,11.567254904367319,11.389852878108414,11.353337681002943,11.187876919552682,12.150348436337477,11.291655022726564,11.574809422206759,10.868907876373994,10.738278440125155,11.198148034262092,9.100689986387929,9.959717306665771,8.45784788830106,8.7613988108742,8.108130334935513,6.940350579643648,6.449929603927271,6.4788263533163315,5.615047716068074,5.9070309072160265,5.0485682625599555,4.342021612110882,4.372708103257505,2.896431043564798,3.2293929516647735,3.0194544062074704,3.1865501017598645,2.610729778328275,1.7081278121429093,1.0888657069200958,0.949933131270034,0.702453224937498,0.1860846445107441,-0.0,-0.0
12180,5.224940454027934,6.693259692839204,11.219001197091924,14.27102337003395,15.897831252488942,18.540688861751427,21.214007131605708,23.46211814740925,25.30301738189452,26.758445326701008,31.309654120367455,34.13828775899825,36.5500375480165,34.28038179018299,37.17021486069828,39.67778352967109,38.16217866743551,40.31540258329346,41.71354976076252,43.922163324984844,42.714278543169755,44.966013947499206,44.28016039563231,46.939478962761754,45.28574956406538,46.54921181300478,46.7951848488963,45.06725595163444,44.44640175057926,42.95174990544993,42.176941991456886,42.96880698437792,42.88217030834791,40.51641659890426,38.58759083657153,37.31280589919968,37.68002097492071,36.76741700199446,35.90969371419469,35.595222647776126,35.553797000118465,34.09510410588855,32.256265996042195,32.07592003884449,32.3630196130689,33.56538166979156,33.20024158476924,32.85844245310354,32.75760881721985,32.45603972719344,30.69202402138112,30.444504206417207,29.602624946332565,30.611629542903632,29.599536345662912,28.6274219753313,29.445803072787548,28.508851479941665,27.60681699419957,26.737768109453032,26.817570584395508,26.355211296466052,27.005403209364964,25.838799531316504,26.49875579970672,25.904420819238368,25.683402072685038,25.650199729786774,24.75076261950058,23.541674986253053,23.203907167349183,23.54484691352819,21.910991067929395,21.45193835566138,20.848665746356208,20.417311076835773,19.84483901446587,19.590337163848243,19.34420980406867,19.106194419034058,18.579618133030728,18.95065304008212,18.5858797551235,18.37725120036834,17.59565683897598,17.40373952852711,18.5256959370365,18.04798646736253,17.00856836119163,17.26906090326296,16.39989550358547,15.69289039365593,15.138891305664487,15.678923716849255,16.23763999771411,16.530167362491156,16.40419032770317,15.720823433283845,16.1700830300172,14.945307576023668,14.299364206082506,15.299103652496477,14.929397579136895,15.263828214601903,14.212278339460559,14.137026017866065,13.122624174652325,13.458010077151819,13.946724170114324,13.618729661544968,13.297206980444946,14.096008279757443,13.640896295073041,13.61625455018558,13.033327504183635,12.878712720546062,12.036496508754247,12.167866058554331,11.891271929700908,12.039760541251798,11.774627094728395,12.820715380726224,11.834361821163904,12.176389608718637,11.49508775919853,11.410549637313526,11.942960286248963,9.804763843634912,10.609621573154032,8.953869825123794,9.320022135578277,8.691074337968784,7.655667975171585,7.054713019422031,7.140112974373854,6.277053435346851,6.508959728644186,5.519381078568268,4.696327754000345,4.779821800061169,3.258208736063632,3.5464478648773134,3.2513693801682644,3.3454421629432454,2.795475306288038,1.8923943596019037,1.271525973977102,1.1750769086614132,0.8530383060554247,0.2288292214032148,-0.0,-0.0
12285,4.941758075335063,6.223657567145605,10.974445442410563,13.775956036004306,15.643327054009431,18.512949991416082,20.94201338395086,23.404786006727647,25.44559809707658,26.645448156582034,31.899046320406022,34.48596742407604,37.105678301328815,34.48531718465218,38.004670584068265,40.28155706446405,40.072983340738965,41.997322965518414,43.13908517981884,45.52908860468813,43.98130782087655,46.410353196037256,45.42141209067859,48.26633768318159,46.29428539181707,47.69596707037476,48.04839111122609,46.020973864575815,45.479812025902554,44.357509400853615,43.32721878277014,43.917430545618686,43.61115765813518,41.57089572382706,39.387201426247785,37.88934984431491,38.34581815332523,38.01980938424952,37.206004460991245,36.95079440077805,36.72355309138884,35.04443214482826,33.45701168866974,33.1025921512213,33.46343509813871,34.76803578442121,34.22485567214222,33.93808057132909,33.67255832688584,33.20470082225181,31.675868347743986,31.69564956902234,30.674743865557232,31.563606199051655,30.37664704278857,29.237968911337695,29.93266934443274,29.036207507506745,27.97964628215398,26.962925843415523,27.101258148003957,26.68758562295607,27.218265163824604,25.90730944127393,26.631655124274463,25.9033544237082,25.555487534117518,25.576902693712466,24.54800319959901,23.553777157257755,23.09498595916338,23.321049553526418,21.891211083794666,21.315385442981405,20.755927933781035,20.212137726653953,19.68335347990606,19.32088542955657,18.968578613360148,18.626048881134377,18.292933522641707,18.560173855784075,18.239744720683024,17.927965368776103,17.191230998425958,17.0419606419031,18.059123057671634,17.7719613479321,16.772627971357956,16.932471510197686,16.104604607461123,15.437420751560763,14.922151874182887,15.642332944790317,16.10605538040661,16.44201509442341,16.500665185972178,15.850424665744923,16.20481698329578,14.869387974468522,14.123135809779557,15.0264857102802,14.557395231848544,14.929904368330249,13.91872519864078,13.881828797350979,12.772480129188043,13.278557488109417,13.669008586584622,13.379371924082575,12.958945551398239,13.793319935996498,13.377312992610033,13.249748074367899,12.567689942811853,12.31160457128386,11.515069172634862,11.542092248206028,11.303166632214046,11.34405765692684,11.116274377309677,12.02964249161492,11.097752181309723,11.60944646339714,11.262729913210022,11.069058528783602,11.635793236218298,9.544336763055066,10.234110266017518,8.628651497728214,8.881625513782572,8.293821413973593,7.3049128719405845,6.742917787983738,7.1344826345268535,6.167960683309026,6.435749926975495,5.346709798477116,4.686278061989419,4.674976092488891,3.3012171903735323,3.507400976638564,3.1212286137727743,3.1121593955657136,2.599728644050484,1.7456710917551108,1.165285015164848,1.0887329583076335,1.024984066261996,0.27882498130045574,-0.0,-0.0
12390,5.284046795007109,6.211223476892541,10.733955410897599,13.286827784549907,15.877675939207963,18.500534528158337,20.680879340127913,22.901457732158185,24.7042189597658,26.551928089656386,32.071324037634085,35.354383220432254,38.19578841217981,35.15807573479196,38.472701353186395,40.94711425858188,40.43944508071802,42.1260928875522,43.84524687376067,46.00975252309992,44.5539858163072,47.969272993414236,46.65467044697778,49.3066470528804,47.385793205843825,48.56240853320375,48.66753526495441,46.35466418139505,45.91287734348502,44.87251418326234,43.92038181037494,44.3038238293532,43.779525913345154,41.50657409003703,39.106939538685836,37.41575604379197,37.96992135837246,37.46615519378044,37.000976015730885,36.57144283277861,36.174942808412794,34.81836500409913,33.295436417232494,32.78019265331324,33.45482129215986,34.85166804532208,34.141508855529466,33.69540790371679,33.50156618069748,33.101529198729914,31.62638736100547,31.714902666143733,31.17287443518901,32.14489799563541,30.994811275926413,30.09672229700673,30.870941588866486,30.007928749533043,29.577880392171085,28.376432272621155,28.575094035651354,28.00558199698887,28.417102075376164,27.303449186889214,27.91964408028808,27.21828391646178,26.910560658189375,26.800550105582634,25.968061864223987,25.161750343690176,24.555899868573437,24.84296489708052,23.227244548954193,22.50821791271968,21.81015214986526,21.2939448120021,20.79206042736393,20.462159167676788,19.985175263458256,19.67585222967588,19.375608831841888,19.54559179319606,19.567791582583233,19.13412059690848,18.25955027403477,18.000445004659014,18.951358211008074,18.700138298366802,17.560693726331284,17.623307173487287,16.669013719711426,16.16736128344977,15.677172569026807,16.324382513973863,16.8483120819379,17.24155707476681,17.498254658141036,16.867642103027464,17.13526811444618,15.935898150470198,15.200085982655981,16.048779586916226,15.46098559843637,15.89628595105586,14.745002467692666,14.61019201625563,13.640811702589795,14.215990835804904,14.672363703204905,14.273162872845504,13.88151505689491,14.803895972406464,14.270969954212486,14.335450491003463,13.523241105714051,13.15984064780386,12.23441816331922,12.168449745053024,11.826101539468386,11.77227733134701,11.441192455103126,12.423321581663366,11.367614848934588,11.786959656325584,11.478597189444505,11.176768442456682,11.641796554883381,9.429297203326904,10.161210045354338,8.446595353560634,8.735775988952076,8.326233379490587,7.229098136277501,6.568128119946964,6.9926857861468585,5.92913568974102,6.365501892337828,5.30807306879539,4.938056427223686,4.974434121877204,3.582849048007551,3.8512813342318535,3.365982062697026,3.2746089401558742,2.790047122785386,1.9377129954307417,1.2566187871148118,1.1101949526160673,0.9611558700454564,0.18965330621092377,-0.0,-0.0
12495,4.9957474680459235,5.751609120882197,9.98649116554485,12.31561008127477,14.680518678723162,17.075098287002458,19.04199112670829,21.04680426697653,22.64886994202286,24.29362123299975,29.923744842740312,33.415672209918945,36.48022208665573,33.7120998550072,36.78403073494074,39.02224843212789,38.32429822376444,39.79148839483925,41.2912310892928,43.22684517884778,42.01484161663948,45.178017685947864,43.71128333269812,46.506779867590495,45.17834607120639,46.14691950116697,46.78234144552062,44.64139564477744,44.34781982338824,43.45032837925655,42.31373006878773,42.510476205906386,42.42821579340709,40.28115127511243,37.998820669649604,36.14368497716828,36.79904630586189,36.1322791839446,36.29300642419188,35.69591904332608,35.13737448279341,34.11991828433425,32.67751228661269,32.00764265794534,32.52999404490375,34.00762346337296,33.14609684068893,32.553057733798354,32.66715038465006,32.56919808015226,31.16125900474486,31.104428168938362,30.632293413512777,31.46243417557797,30.803996086071443,29.963921517016082,30.812113255465878,29.798237001365315,29.2259378676732,28.080476883807254,28.3427172522066,27.635521316463546,27.915827715851567,26.67026240587269,27.53826220873641,26.704356189788907,26.82932520692254,26.588634461240922,25.62341913227727,24.689802004248023,24.137534704987633,24.30294142456615,22.910934057071344,22.072475680299036,21.259649275682296,20.793948122732534,20.34127473861969,20.059483162890345,19.786642830910527,19.522457255657354,19.266648869487053,19.484786259712287,19.553967070387138,19.007191004349966,18.170996439015372,17.804513286948836,18.652622810690545,18.445621022596303,17.197927310234352,17.156019140614024,16.103302798855466,15.505040659826049,14.921384112720297,15.599137189782835,16.01288739131629,16.294698906879923,16.586994580765953,16.593056901652595,16.754523424654845,15.597497723446844,14.760939956255331,15.501177079875676,14.956993333527102,15.283750651818895,14.323035613668926,14.22762206546506,13.299488791032656,13.912194319328231,14.263527347231964,13.904675619984575,13.695638489692922,14.513837289818175,14.168400134997672,14.27522013219435,13.351674918411126,12.882057593494016,11.855176866703449,11.826101539468386,11.521881764749493,11.363938543125442,10.930836123366467,11.936215428964934,10.784277419844177,11.08400240591069,10.960517795824737,10.696859289083203,11.039068426948281,8.761207509505946,9.357764990620014,7.593781490855848,8.169397470486516,7.937573879110932,6.887404432923495,6.136630197416004,6.5778711253013755,5.565021664654969,6.019139870865209,5.140162286695163,4.8038041334199795,4.73701280522442,3.396195161352088,3.558947901207014,3.235524371942821,3.0426455521979614,2.4674516881605473,1.6771784760402353,0.9647183786404921,0.9241875256960631,0.7864710207442613,0.23443907802269542,-0.0,-0.0
12600,5.370360245768164,6.200995502451272,10.265240591309109,12.824363478355648,15.414000245745838,17.54534634808403,19.249218079016725,21.006289032160037,22.805448380308206,24.2061462030376,29.64840640339945,33.381676949868684,36.205351895799446,34.44998763680633,37.307510584400156,39.30487005983705,38.312335995571296,39.540066063032356,40.80505971151032,42.922436522190175,41.450798903716226,44.40099897022018,43.07844463260302,45.6615707981249,44.474136446969574,45.592611539551825,46.006864603342635,45.03713245513349,44.848571405686734,43.702077586068754,42.650095973295336,42.953866041798015,42.96965741691002,40.56666088765282,38.33398460654258,36.25411684622681,36.73475798492193,36.14827524677283,36.398646483214655,36.13911470860954,36.16735815277501,35.446238393181055,34.02058522491691,33.150732844750095,33.75834360068594,35.109814490899055,34.050007865907965,33.508410214942614,33.45978283394053,33.196192353263385,32.04613997273799,32.052669679744426,31.6303342449517,32.327879137633886,31.93354601830198,31.12740095851689,32.06610722262151,31.07739527113087,30.965165435058868,29.6194407996244,29.7445459494993,29.471931444894366,29.821646910917643,28.5700242933342,29.335744162278637,28.320980019841816,28.31084620224695,27.921506992017058,26.97363414484358,25.87062900947495,25.16832121077682,25.393082378561775,24.18095307327126,23.184838365242804,22.390950284283814,21.956453207704314,21.36803108331012,20.959810962721395,20.563057406573936,20.177327667023107,19.802203725908257,19.91395590323354,19.872693625432404,19.362059708977135,18.400187557877,17.92053744420501,18.827882407575927,18.97569093280022,17.740508279173074,17.59182850573229,16.70425891808539,16.42296356171337,16.00369605013506,16.760929469564868,17.09196056680105,17.282475567886227,17.48180867114307,17.382506563092576,17.443307177498127,16.145708338506786,15.184124678045448,15.840106417854537,15.622285932488111,15.856840126396898,15.058156277256087,14.858938627443086,13.943882719636706,14.478363909247152,14.887407339167858,14.41522879563844,14.24587446449716,14.984615358103586,14.67666302749788,14.680737264354919,13.779656436903906,13.492298220770124,12.475901309853514,12.493429445037178,12.079613908330677,11.963463000119003,11.561776979310723,12.658209475023291,11.50845225100468,11.721893599766567,11.492462791991416,11.269924925634134,11.67797260433384,9.21331633626981,9.881745394409704,8.23275806817864,8.893078175795491,8.704711867092485,7.504672256088768,6.9002709745009865,7.288894663633873,6.264379219927044,6.667432667990136,5.7879768000904415,5.630646308820162,5.631359558291383,4.343413150927744,4.4752224091340835,4.050394202206968,3.774845286165153,3.0665006775255677,2.1127558572022314,1.2432927548240682,1.1565390794810186,0.9560436737114814,0.28709887211752466,-0.0,-0.0
12705,5.075889500030455,5.7341271283251185,9.521616643990503,11.853824138815622,14.698689225325339,17.07850524144677,19.01237573175391,20.527782477867472,22.09455612270482,23.2711642066645,28.459655051723782,31.94193547076112,34.99450096914624,33.02250005372892,35.64061151570021,37.40630116554442,37.06410446877124,38.48183366506305,39.930948758444586,41.820913906865925,40.12558593143322,42.85061313964461,41.70586259515928,44.06792838108599,42.68084739322665,43.5903748339572,43.805428759236555,42.66121795644235,42.634524167043246,41.98441921232038,41.40032637349463,41.51153098338952,41.340145826320814,39.076808030264814,37.548949147992545,35.564277857952106,36.1466558911867,35.92410754116033,36.26871555475862,36.36194134266183,36.21019731265883,35.562127523990846,34.19387246438123,33.38706608389472,33.83727423609376,35.0408662101895,34.28846500333317,33.57286418642199,34.074670187894654,33.87572256385365,32.996716964399056,33.07026740629642,32.70047959215519,33.715759468723,33.14356261669165,32.15117892244053,33.184100732530204,32.22670103168006,32.17346938956457,31.055619704371768,31.245734477078095,30.810428167049526,31.233488880498353,30.199325206027478,31.057015051123603,30.05512513768205,30.102196120685157,29.752042653976634,28.616576625325372,27.325719121623276,26.648512511220105,26.747525284394985,26.28744099251502,25.102104626087865,24.136025864159368,23.90830658166684,23.160874276341172,22.60736147269269,22.06897694535232,21.7140844568444,21.369576394471636,21.537778314645465,21.376691686844197,20.889889895774605,19.92599463101601,19.629512395224133,20.477754402441306,20.685092031731337,19.26676117752447,18.99995771880118,18.113312403447388,17.71056264851573,17.623671843703864,18.321562769210647,18.72324219932693,18.816317314969535,19.079112384936973,18.864572229457007,18.818919717229683,17.347430068645476,16.23482840157372,16.81616917611598,16.6381030164547,16.77700634817675,15.993879576794097,15.988502317181219,14.926858215250599,15.38383057058155,16.017195040417636,15.41815765945629,15.137512336686745,15.800985858328632,15.532151903216905,15.42902046826243,14.70053861094238,14.296427041132846,13.28744590611625,13.357005319699319,12.975711395556193,12.753636139641873,12.233897175908455,13.267835509597129,11.97361355300142,12.243751614906765,12.057642610637021,11.721145293327547,12.194150720313257,9.54688862964111,10.129771722870796,8.343043028027683,8.909426452133426,8.912438681144096,7.728790142212256,7.011491815931204,7.303606511018033,6.306394820285273,6.609088226587145,5.762015807433829,5.642450940374224,5.685057100647278,4.698440860585897,4.744937163157873,4.207078481856135,3.822357536186054,3.14430746417531,2.340130222927561,1.3437047383745826,1.300680492612121,1.1501020860593778,0.348519617636559,-0.0,-0.0
12810,4.786539924368053,5.280581128630913,9.29491302131689,11.387211428471222,13.992746076947931,16.618799300977088,18.31585064095358,19.605661037680814,21.39319348690187,22.3478146192084,27.28564286689011,30.52052765871212,33.32530773049188,31.180461424192245,33.9958446436562,35.96871021718448,35.415424035828124,37.02613066694552,38.25292663588647,39.91781239065834,38.04451964043271,40.53654737899367,39.598706926318954,42.49624044536637,40.91195643645808,41.978791670146386,42.34943008387197,41.355657170378095,41.81148774094399,41.28642718182891,40.4951323330086,41.051834774337046,40.676107292717326,38.20717693528759,36.7834350868747,35.172211474323255,35.57907064401703,35.45227076404355,35.894989868916575,35.81191289801787,35.75215510322622,35.18878952768822,34.404093056562246,33.66178911802705,34.45069556597175,35.507237131572644,34.814494531357795,34.156666594533284,34.500198134533164,34.371125979376856,33.30776775841987,33.45538390918164,33.149131596024276,34.25833784542002,33.51131017938615,32.56801236247042,33.92254599850929,32.78169211148905,33.24396563607483,31.934129477522333,32.41448302900882,32.02731595792424,32.5282283455953,31.733754282737216,32.470253009643685,31.49138274834684,31.388542656105702,30.876239137487378,29.968160970721964,28.485119354213175,27.64418556886307,27.60777981183841,27.19108021629637,26.024443479359928,25.08171809048676,24.716543935973775,23.81906156627277,23.303069634916522,22.625723620131918,22.487753738264683,22.01100901750337,22.062585711343857,21.776728447328793,21.32963503664154,20.39243016261364,19.973053648098926,20.890164291238868,20.983485139179606,19.422183562104294,19.037250382878625,18.027735203814103,17.511211418482425,17.314079040932327,18.060070704266373,18.349800840237606,18.32835362784572,18.636621141666225,18.467685368327807,18.30564092269188,16.881142896590575,15.813059401741896,16.282336392209196,15.993506122853447,16.17296035547346,15.588646207054511,15.779561821111631,14.604860405140299,15.257503044850552,15.782616728316295,15.068900580907853,14.675923815085655,15.220730201799057,14.837184012630775,14.932389314162338,14.247791292859722,13.730665588899768,12.619015478075022,12.7238846843505,12.233701035855532,12.050247465256799,11.722974126486415,12.785273961167901,11.69077220275626,11.844335025425472,12.173558632062923,11.877618562153224,12.241575830384981,9.602044732339014,10.08210933859324,8.177006450788204,8.63334290858098,8.5214801044117,7.8193767370018525,6.988503735019062,7.323988571103966,6.212543793940761,6.406535869725793,5.73961490063499,5.658503576390322,5.591337501428782,4.638678819251007,4.723859446200316,4.072004998881357,3.722580489194009,3.0801419578755946,2.1765768884967924,1.2317001990615837,1.3301246687378583,1.2214445462240857,0.32197023955857046,-0.0,-0.0
12915,4.502399822423649,4.840743331949123,8.572259379467097,10.925929386905235,13.296110380631987,15.68597802366688,17.166202394763317,18.695237293924517,20.26245416630035,21.0153561903124,25.673631734242115,29.11717161184813,32.146685402889645,29.792959533856894,32.80696190723847,34.98459608452929,34.20199544429738,36.41861232751018,38.66213597437884,40.51163915374712,39.1087829679615,41.405238846249965,40.16671804332224,43.2723098724381,42.13457388666101,42.97051362651731,43.462858169399674,42.180729473683726,43.111951745802116,43.01251690854711,42.27545548425029,42.60664032286782,42.30445780891588,39.50597509000622,38.1139984179531,36.52247796944196,37.0244051537791,36.68537679353213,37.223656716951716,37.77784856763243,37.786383011665194,37.5405626507349,36.51002592915535,35.796916041776846,36.42829598764301,37.60385551829639,37.20659171932415,37.35586172854689,37.52107018397413,37.443948622894204,36.371257299551374,36.337248489655224,35.825201987835754,36.81262198631148,36.08628245044506,35.150701224221834,36.40194910552506,35.49877579616638,35.81091560037172,34.25611218893262,34.59191550812697,34.01815476192961,34.37659266276104,33.60924316725707,34.442882491009065,33.70439104897872,33.65784733957916,33.17970816165648,32.28311621368909,30.566227810495977,29.739447042261368,29.75953899167952,29.378113819928863,28.002947139438874,27.065862641593103,26.54267773415363,25.653405828218727,25.16452140500621,24.50406054676807,24.228298953331723,23.598018460945855,23.70637336753781,23.459675769986045,22.863498710151344,22.10656125647064,21.54243040350483,22.385310460967435,22.35994503943593,20.606173285848207,20.087075434023323,19.249503422786326,18.92136970373464,18.60162526445507,19.27144107701903,19.62702900802942,19.489156568218096,19.864251823098236,19.57122724980889,19.624216708913075,18.016916092065816,16.789932601234703,17.33079401989398,16.919438297438123,17.157446102357383,16.438738316452593,16.527435727461107,15.357520526768942,16.246058938677688,16.683904892520236,15.830990148345167,15.314126404332397,15.928720328961075,15.582482218489371,15.569427126123557,14.91202705635612,14.267192458444457,13.167571303765886,13.482613541247627,13.022901155214944,12.726889463139337,12.281786959821554,13.271456933933994,12.034306400670703,12.081092458287449,12.466304155284098,12.544463535606706,12.980580220965653,10.435657479138015,11.002134117457695,9.191482537828819,9.586862418142495,9.370929532426706,8.529404009048276,7.556614018351451,7.811126259544823,6.70038537614281,6.807241905153497,6.163812338541524,5.981533583326239,6.126870518538728,5.024696140353702,5.176807527626745,4.392797358570299,3.9293645500427523,3.3147034502872263,2.2790757701114526,1.3351383402030434,1.493308776965189,1.2975858845266925,0.2961211419792136,-0.0,-0.0
13020,4.893377483651514,4.831105287167794,8.350664875391443,10.46986289062566,12.608738870851369,14.767668602487898,16.037764697961475,17.796355545900127,19.580003759864763,20.95833570884032,25.435040398731196,28.658838758050546,31.931864613480325,29.27754071114515,32.51162510476279,34.45778408589838,33.421087248408504,35.83435849644919,37.85280193825144,39.89637930318005,38.238927634906325,40.31529168454918,38.85184953497931,41.736412093044336,40.770256286930206,41.76802754282221,42.0453901418234,40.55984484744629,41.28636222846747,41.687081549708886,40.74976301783039,41.55504100220815,42.380582680700954,39.63622301902759,38.31902718310782,37.387851155342865,37.69661667509585,37.43758841903553,37.78856169971384,38.15740222181626,38.256655751284704,38.66104563657988,37.398365173020004,37.28999430681028,37.74841741453173,38.76976750006412,38.70939496747132,38.93996912744313,39.45720194692548,39.17989612363861,38.13403116959321,37.90947697421879,37.19251333826943,38.2895516160877,38.116694914951154,36.9547773505735,38.07714866995767,36.95860361332259,37.10565551244999,35.56508340517794,35.74200084026817,35.45475729028932,35.89472486915401,34.92999728910531,35.861838861321445,35.39599077071416,35.18088567455268,34.52022044291971,33.65606322544421,32.15718331480792,31.357392996825542,31.440426410349506,31.318480711904392,29.7258899277107,29.00977154627928,28.518120629784754,27.84011218254608,27.380190645126774,26.540950391774317,26.50172243338112,25.695791724867636,25.675113829085568,25.471283230392302,24.70786213462839,23.779050401035647,23.057512116912175,24.185279384212706,24.215389892923636,22.236927952664967,21.56678768141784,20.912808061578378,20.446546250961752,20.1625117641296,21.10066176195063,21.71349161832604,21.445137705168964,21.902537031572017,21.829437045114133,21.946395900203335,20.45463963206567,19.356880725941842,19.83229899490786,19.272942767742766,19.417080054782605,18.70117131469348,18.85869641949939,17.48183092916799,18.331727245862396,18.866357815493693,17.835689895826704,17.170051961251325,17.892632312039506,17.4096716640854,17.284055709172122,16.817437174605423,16.01580070653333,14.72980703691546,15.130111788133314,14.531760657659616,14.445538799382385,13.86288061715063,14.820298052538142,13.728746136102455,13.676942902147296,13.986350210751514,13.962347281094598,14.500250857200328,11.669189453013534,12.34540147420622,10.465708174347494,10.794270327093368,10.461920982931115,9.628630873102738,8.648347080922079,8.829871889370919,7.700236077322501,7.72526132760283,6.939266437426745,6.650099465262268,6.706205542901132,5.440587081034447,5.4975520525359975,4.575497035969582,4.150082289343066,3.4082810481706556,2.531024108242251,1.4469268952940517,1.52993987146277,1.2257948575132422,0.3615978061551075,-0.0,-0.0
13125,4.601328701974736,4.401173281634483,8.132644697368878,11.000563167844309,13.379393686176966,15.77776513364353,17.217535981680967,18.709834283167925,20.242443018801445,21.808534829692483,26.642145976899684,30.16574788087555,33.24014277561803,30.562318008649143,33.61703131250677,35.779813457062616,34.8073313796628,37.45420566496496,39.24195812601011,41.49938849123506,40.29389718217734,42.58368303834588,41.53517131730587,44.687875202240555,43.73456065112298,44.87422499040864,44.84958385885087,43.35092064905214,44.20015591512819,44.33209164165978,43.77891919777947,44.70896514588088,45.30352347059255,42.46722914668389,41.14139806931082,39.905215111841834,40.304815110626436,39.79318084068844,40.23754410285682,40.39562340068467,40.57542172700112,40.77599755176576,39.817978464814814,39.77523815835232,40.3300756762717,41.189553697746284,41.48634912299506,41.513428041821335,41.8447923330927,41.34443214617121,40.04657489070157,39.61441900027825,39.20800558120481,40.15934524392815,40.05217718958806,38.90990897385426,40.15553463553859,39.31509091629132,39.798780700781855,38.238653454660344,38.492092832713936,38.00338835724307,38.283677141571616,37.33565554848014,38.135802427569345,37.4690240761087,37.06856198518008,36.446028317031995,35.37346429613663,34.105368775198,33.78683201366603,33.7102621830959,33.4192267158846,31.80817453743034,30.900049378153877,30.660475965638852,30.219355684598202,29.581803210258137,28.54782788960635,28.36067276433634,27.37039342535026,27.20673965401181,26.852738464173147,26.510268164497276,25.78601152037849,25.273745462980767,26.533490092825183,26.626180478361757,24.76725112353366,23.917770643716846,23.089631015610163,22.465395813885912,22.03765343558568,22.90547542488941,23.613072486256698,23.388479104209647,23.74270506629132,23.72610083333866,23.718789998025347,22.20348131951608,20.918846344742626,21.295198147496144,20.58315356355091,20.609541260862233,19.73819017016543,19.778207029729028,18.227513037054663,19.162739335890937,19.59072962638033,18.580248099461308,18.301190654423518,19.117065598303533,18.670667958235946,18.416151107519585,17.805585477796342,17.38653689275523,15.912880492672155,16.57463731673802,15.825206858438808,15.618528347614587,14.889502261302352,16.326857207605812,15.051257370331644,14.880891788069524,15.089057390158986,15.130320776798705,15.573336967267483,12.660414082793386,13.4411258720942,11.516773641034671,11.935318186804036,11.836638579031375,10.834557284737013,9.678753931058267,9.947978906852677,8.981231697836145,8.914100240177733,7.963904324292431,7.732647530471841,7.69937234717427,6.230862367981246,6.379409464966984,5.283100047733378,4.7306977395165895,4.008587500623706,2.9635960041272753,1.6956698902359744,1.7153661477720137,1.3054592767871456,0.33353020064765765,-0.0,-0.0
13230,5.045968141856953,4.3916607356630575,7.918250543858016,10.548568376816798,12.690016033077038,14.851691483652868,16.075765033690264,18.75535612474567,20.03924569647656,21.367186771587633,25.99011557423959,29.277082569739722,32.613774842159984,29.652480458866467,32.47355812935821,34.8631589854126,34.97773766557852,37.405187597465456,39.861845261287975,41.88735389351829,40.796205530534465,42.86443256292783,42.35778043990885,45.75993373714181,44.47778272098074,45.78754779900853,46.29709496360285,44.84664117301197,46.234291957335806,46.47142969474509,45.60738486532978,47.05714453849656,47.40055088762536,44.16492557885284,42.53285603887763,41.3407867030059,42.17732515282549,41.72730686030177,41.95635351715182,42.526212522215744,42.48059750890232,42.4613904115357,41.54633798205337,41.58435998860126,41.944495301535554,42.92366118487401,43.015692973411504,43.127831670851585,43.2593814591839,42.53245452866739,41.27288212629282,40.90690136399174,40.28901762619424,41.07577712695053,40.77221034627903,39.67941176289705,40.77051292947001,39.722521028146005,40.032866462296695,38.78029139200452,38.85922526577457,38.181868674653316,38.29113136637491,37.15435997940117,38.550156858209114,37.943879285636974,37.608671138762425,36.799021545893204,35.775510821726336,34.31430745707951,33.82706662993759,33.5880226732424,33.36250360766713,32.46859406475196,31.37961811932995,31.420716628741364,31.031547170042433,30.438775034834922,29.22253246457838,28.881289694749835,27.720275619662416,27.820260054447417,28.345742723525508,28.04936222126584,27.148121575540447,26.876732422653134,28.25937748490904,28.210247828779707,26.73003663173901,25.89351217587743,24.88103074492707,24.281765587788108,23.889177131642985,24.67145009068789,25.47935716577806,25.10494148351857,25.3391968628348,25.384039586985484,25.237504403565648,23.710549347419526,22.231360486444302,22.685335811548974,22.18982243941499,22.08715007423135,21.231374809603196,21.33468425922121,19.5751999361606,20.431170741658818,20.940844255899794,19.753494004409372,19.89753257255489,20.82589314929652,20.419079523243585,20.21602536549685,19.44166665810781,18.87246224009868,17.37761848607409,17.955207651347955,17.04148750094879,16.70075869657667,15.813995521408073,17.379361656652094,16.107816013803113,15.803632398968885,15.892273026027711,15.803464560452435,16.325910059996882,13.36109651975973,14.044595228062915,12.108315152759648,12.416778799596626,12.184742980750901,11.02558682521962,9.71780207654444,9.85784743661065,8.927589057768508,8.906366086808701,8.1701441671442,7.804691911827776,7.822760709632483,6.7340358817574115,6.772118389669238,5.509810500268068,4.81697230745244,4.309705940997376,3.274775917812025,1.975501512708933,1.9191800664727086,1.390984542744881,0.40692141802235937,-0.0,-0.0
13335,4.7443400899976185,3.971745940475725,7.2189053311751685,9.60755899698542,11.525923873693369,13.462328043300008,14.95445740074291,17.391840128353333,18.924852628391122,20.037221759868615,24.383014683855045,27.41069459043802,30.482573527109963,28.758242457049672,31.346410199660966,33.49808494016473,33.38359127524715,35.57317429348344,38.24442025835371,40.03047366830703,39.16051554819726,41.43337729621764,40.69322893238838,43.85846247984963,42.77637371859917,44.69181633716884,45.79345594354866,44.47308492899627,46.0353610323756,46.025531159826734,45.674716332207794,47.29272917325339,47.39203666231997,44.21267465169132,42.66386680215251,41.55826139303971,42.1900106644189,41.84239035562036,42.18584257736086,42.87664326535062,42.61128763070623,42.696825766147114,41.550083594269175,41.382941747467605,41.546421284274786,42.33808713955909,42.232750313805596,42.45078431029728,42.686657602497185,41.75717131253899,40.87213644333395,40.31156727293519,39.501766751190374,40.110112561101104,39.89898627741809,38.89027739930843,39.80782409058636,38.57689628115697,38.711671792397944,37.287818973751214,37.19632977326289,36.60950234971402,36.55046746451557,35.50587891555071,36.72559407724076,36.70702898361755,36.452556771493036,35.966991823325515,34.77304546121049,33.14846687827732,32.73536774012124,32.3382982769309,32.18546311146829,31.589869551078372,30.566762591680266,30.6760616454677,30.35241185974234,29.604583302443093,28.66373275210569,28.17177482697267,27.068780555544762,27.023615241234317,27.403100711512327,26.961117291566573,26.123450940397444,25.709916935238816,26.93711104457307,26.9478923903236,25.335649960198666,24.36741375691184,23.61846206246404,23.272094438405038,23.12793090161582,23.76895713430333,24.630122047945985,24.311363336262385,24.400565727584297,24.299480033743897,24.20761559344122,22.547676922666376,20.94575254806155,21.25247911718394,20.813270357268127,20.94895840454213,20.33792568113422,20.300645944658015,18.42478535949507,19.1287574748142,20.053427223687912,19.10740820146994,19.299622620395574,20.083491065608335,19.533033525610676,19.37811017116711,18.464198845301432,17.945259296290505,16.5094016453888,17.31284404274111,16.44726841311469,16.152310339491933,15.129173481166816,16.5358860381704,16.07747536840934,15.820450532662145,15.963040884756701,15.92648486814262,16.310210409861092,13.355418892509258,14.10056497539599,12.368850867324895,12.549037332483163,12.173125955631805,10.861134830885536,9.767631281066471,9.775301616574122,8.88130856335701,9.281598488649792,8.76771921380124,8.453626588212009,8.349595704162166,7.086789004994267,7.1941956693153735,5.752862924284167,4.910774639633489,4.634568908917921,3.614336232124999,2.134063018861709,1.9729099905191378,1.4829767112587353,0.37651482181732077,-0.0,-0.0
13440,4.4474515021313294,3.5672085179281217,6.5411121897011615,8.69550685119808,10.398943307140991,12.118324356224148,13.4132319107618,16.055713060225443,17.377918854002893,18.295218020561094,22.33413003867158,25.096756741164842,27.89947285474978,26.077409496673443,28.410409231618807,31.22721826565074,30.926187927876253,32.877052422065404,35.29444269373049,36.84836220657872,35.82711708760649,37.85316908409649,36.96834035262247,40.27217902813788,39.85920932620401,41.540988198649515,42.42568318901256,41.34345547968756,43.074641314762374,42.869036821196765,42.335295576538705,44.10700119490708,44.01195592491111,41.78526787032581,41.09969904895555,40.470740835753006,41.236913108389615,41.01197935266759,41.15033495859526,41.64032288717162,41.49671200494488,41.38145507706057,40.3489990113501,40.29566838939664,40.88025377111005,42.099995319977886,42.096240498253856,42.11373100281467,42.455588031935,41.310798479646714,40.21964804988885,39.75015579716675,39.025125783901174,39.45289195249675,39.053842220629065,38.12943718583277,38.871931327315124,37.723456753134435,38.216831221819795,37.6530646528587,37.905123669044514,37.117948268129034,37.1360720345923,36.139414365670184,37.21318906222451,37.27177034943108,37.34348191727315,36.91753194255453,35.757795776469464,34.1498073273043,33.55284332470321,33.21341631262012,33.60116115161996,32.81346961605013,31.81819575641642,31.999318696497483,31.72950044001079,30.789913069694993,29.655546934613394,29.21043580031995,27.915014377800443,27.717564731259873,28.172318567068647,27.993119285711447,27.39810408903039,27.029161285598914,28.158464715118185,28.449676617598975,26.615544147780568,25.872851542330906,24.944827499452625,24.643159314909568,24.351348968774182,25.28730393456776,26.04518739429373,25.566597237614022,25.931742123496278,25.889793000097338,25.857895389890135,24.175387204386737,22.351939883879776,22.537217614293475,22.138140724158426,22.143611258660794,21.36939395713786,21.194552218897044,19.490773576697535,20.67555870306471,21.516897316253996,20.387398826851086,20.454260052940803,21.135355308816184,20.42339444190726,20.123443972760242,19.040103447997993,18.56273213110488,17.135894776426586,17.831304374474907,16.804529020582905,16.366328493111062,15.373019322108888,16.672755110149154,16.063993204694867,15.659962293005128,15.65693864468003,15.668912585266856,15.900871289760877,12.799329299640005,13.388523917749943,11.530957723332518,11.554798964282773,11.21891784955147,10.151813342960219,9.466939285473694,9.332287624669425,8.304581318808314,8.729861114239911,8.63383099074449,8.363037804227915,8.305875083350818,6.884674543943689,7.0339099532405625,5.630237432794479,4.82623312169427,4.401100412840985,3.4240760806731942,1.8494931979978346,2.030614671077958,1.5821317977268645,0.4591619120533174,-0.0,-0.0
13545,4.155420015406376,3.1787501650373335,5.885855371731956,7.813760053714061,9.310846578748793,11.254277606183617,12.347270937529402,14.747954216790689,16.29979383815781,17.015630420367213,20.785665734576416,23.30064754821088,25.850657811449867,24.330213519459676,26.427366051151534,28.99430512352766,28.943769992065597,31.097668260413943,33.27858690746084,34.60416293632516,33.81694205298306,36.035078744575266,35.35142038648848,38.846125960973566,39.0278458539033,40.90125417043414,41.55018755715274,40.61550698171475,42.12886037986156,42.865844158725146,42.069904854360736,43.632521554483944,44.05892214654068,41.90448239273851,41.32343262644721,40.44616248469597,41.00278736004753,40.892841446591525,41.15056539546693,41.76597562661301,41.397549484498576,41.391031233392084,40.7630189361621,40.492325674745516,40.87854669815749,41.91302790884103,41.70055645405807,42.135883739404065,42.276024811868574,40.90677608961527,40.49187161975791,40.103857660470666,39.74124787428172,39.98049533449723,39.3721524636653,39.07519765553013,39.64426109026396,38.82098675594257,39.41468627432649,38.91026757476189,39.806301312549806,39.6079653868675,39.426981727509244,38.18206392414969,39.38590157279435,40.06675791722182,40.216314639208406,40.107960733234535,38.94273430936764,37.29621253795936,36.47169304351655,36.1794763348056,36.91831352785696,36.39615883112416,35.64209777130897,35.656164331446305,35.18560879040236,33.9994095289264,32.84897694176317,32.20182771381721,30.64920346196614,30.27605988871614,30.598546090338452,30.246907634385067,29.457413854879086,28.91045233583419,29.94133856728942,30.087283192561863,28.22985612806418,27.514954057909918,26.390213180327773,25.92578273943716,25.473581880776702,26.298336299661724,26.932723623563064,26.9328005705329,27.16126264892689,27.402504180191055,27.215519991860933,25.522457751354104,23.884174885359336,23.93517702647149,23.580275266086748,23.44249081107417,22.49016547366446,22.37003642887944,20.64934362603762,21.95327020208124,22.690805687843707,21.36939437533276,21.296237723134055,22.06617356470999,21.389503762068315,20.933039917062057,19.667659224872754,19.03264796326855,17.816175173348498,18.800802655700764,17.791642336517423,17.596672014485826,16.418786379943153,17.64520435371745,16.87073882315353,16.311202571514226,16.37069152604622,16.240244502677257,16.75606248421178,13.388523917749943,14.063575812723236,12.574514989403726,12.87029638364195,12.588725766130178,11.323059701157973,10.471839109155033,10.208808214769132,9.187058670483465,9.52052291329823,9.293190739993346,8.878012583950754,8.681190285686858,7.269295823850496,7.2871026612088805,5.702380660108223,4.932834234730035,4.359892029390959,3.236797083798477,1.8597175834800825,2.092773577674609,1.8847002041686503,0.5555538821003169,-0.0,-0.0
13650,3.8683845854437333,2.8071613798580834,5.2542605871587655,6.963865456455632,8.263669123770047,9.984505991997,11.304426969970915,13.89907405953619,15.236667405642795,16.17142385127297,19.709062792634523,21.9911021022413,24.30252335581265,23.036401835488164,24.907599195884437,27.239014005910256,27.41487906381054,29.340175678248784,31.28860860754155,32.39087604138074,32.248074507385205,34.662795535822,33.75515045743169,37.02017684716281,37.39569567284046,39.042531753545966,39.879713044994126,38.723962704782565,40.015005275208146,40.92855017853262,40.69119810624709,42.03552548470577,42.24097541348471,39.87885780654599,39.453998824605314,38.72547379376831,39.42392118906017,39.11016078508906,39.84383112898875,40.25501083798334,40.01559778893418,40.13538441763266,39.302622696892705,38.834781212563975,39.34213434902366,40.180822962667314,40.087810499148205,40.64071742314238,40.89607323023096,39.63200637540089,39.322610425021814,38.740939344663445,38.481263224330064,38.82404127897394,38.024845736251365,38.11073333152522,38.49588869401648,37.483829713467294,38.456282223710765,38.0406308629468,38.757365184155894,38.37220344124158,38.00718241341166,36.850616184521016,37.875233178518414,38.6467400641044,39.159950620922345,39.68727211351696,38.318779249225095,36.47279911928492,35.72205889159838,35.25096550797124,35.81776218109262,35.62784835731169,34.6925581134414,34.783872426150985,34.38605877430471,33.51017432881054,32.177313116614435,31.83387880113526,30.32939672899089,30.019418877000593,30.41548915599888,30.126045051278403,29.61866036279136,28.898940968439785,29.786621181254574,30.466067349370558,28.401095923960284,27.51275288515163,26.429277873991897,25.80256692551004,25.191080213237527,25.87231374855843,26.356505331123824,26.417590704255108,26.709420854147126,26.79271870465059,26.665072808267986,25.017713679355506,23.42348046509596,23.322528454149285,23.021803371310213,22.93920040043193,22.86616249978341,22.802897819043356,20.889615590465525,22.075233980425903,23.10229835851129,21.595224779184594,21.369495416200717,21.999532156882264,21.157412597679713,20.750594218863224,19.31778036007093,18.72940073919994,17.751397356273657,18.60063734993206,17.631715938144385,17.48697649649249,16.344401939044875,17.43651001530081,16.500504073786082,15.986778675662526,16.096812995913474,15.807903940953775,16.16170425849197,12.845611827164616,13.361826782918365,11.734296701720718,11.865134831922626,11.622054300631815,10.227646293357244,9.246470770607745,9.014916244931568,8.058351495659963,8.206066823582013,8.001832065525637,7.428413300780434,7.052083238639112,6.304026407615151,6.525987292004329,5.2066073917312705,4.666628465611669,4.131481409348931,2.880215507746471,1.5870706862747692,2.159948047184157,1.805275110386321,0.6673397305884933,-0.0,-0.0
13755,4.339307820817036,3.1423511891545015,5.470708893886859,6.972693366773447,8.057769243891713,9.994517252445082,11.09837832253511,13.493995669099764,14.613796673923833,15.755560988746543,19.09488296824745,21.154160385443447,23.707086741952693,22.18573688735637,23.83686388010174,25.94408815466952,26.32972313946755,28.032713225557487,29.755550266643276,30.634637762864287,30.284244872185617,32.464903493723654,31.372837558585417,34.383089668110095,34.96325697995397,36.79377871963194,37.821443513044386,37.253617317854484,38.72284628026664,39.81086815512237,39.34001317751464,40.46539369256413,40.44931600843334,37.87955667864703,37.255291911637094,37.029280345088885,38.21835297240289,38.03597994335148,38.56486397039561,39.11032820791642,38.660879423306646,38.908569844245505,37.86826503015182,37.20243766005901,37.51552297236082,38.792468425614345,38.50138944682484,38.859165572173836,38.920547130249396,37.77681465882225,37.2813230592938,36.52034489734583,36.08314634597435,36.24299676348398,35.846379307755114,36.03558739410526,36.237951631268224,35.061151423115575,36.122313223068225,35.535529876096795,36.618950177120894,36.05893403562538,35.793442017008225,34.47565363217925,35.312084618232554,36.165600912137094,36.49436720741203,36.83553654565593,35.3183036771692,33.85679261536111,33.20414252228481,32.57324443150198,33.21178176318423,32.856284401561595,31.774962572538218,31.943131340811373,31.632299599596053,31.334806622589163,30.094478222864378,29.592824860182322,28.184505833864506,27.721500756747304,28.17787104599328,28.189058784693348,27.5292550864498,27.110177071738764,28.053010521092123,28.79178662583963,27.033101875237655,26.432887379900126,25.194957949989398,24.41759659557622,23.65929758859455,24.177982269826227,24.7134666081799,25.04871127500518,25.178476031350815,25.319032189305197,25.030884887368956,23.247984967949435,21.734941244189173,21.48240567211171,21.443265033384424,21.207653922656803,21.392060881336665,21.5885820957185,19.742730326293234,21.177720006003554,22.042980554699867,20.387017773509115,20.005990229799153,20.46561255371292,19.47754170641092,19.33012460836508,18.37041414059449,17.832937548162867,16.907116802378376,17.5950179772979,17.083101188375274,17.191806290676084,16.290008412166614,17.45619561516908,16.55746098751184,16.71768524366504,16.683042227246755,16.447382167762846,16.88097407750705,13.492339969317387,13.887711627821876,12.060989658545681,12.053405275086758,11.859763055028738,10.676030862551567,9.714512993167414,9.341223230425793,8.220365963769773,8.235189016935658,7.884550220466958,7.350331350289476,6.823462723418443,5.927549915607789,5.983390944758902,4.54405990801863,4.404531096071865,3.9064924239226513,2.8707561472314502,1.5953624308155188,2.047455931543333,1.726702489067013,0.7963524579164334,-0.0,-0.0
13860,4.039146006255122,3.130125711895784,5.2669298928461465,6.558979960099476,7.446020414224669,9.16582478255859,10.4840829761406,13.547926872445812,14.434344227990858,15.35268129333076,18.494208002915467,21.27125288446084,23.617873763382825,21.785411288776473,23.216486637341077,25.106505528884227,25.260664362772445,26.741947841644777,28.24077574965282,29.32626550581965,29.58508055855724,31.554346475026428,31.030697508445353,34.280508465754195,34.61503867169094,36.65402945687716,37.446487236083684,36.614036673056205,37.864368348697035,38.72677187468519,38.41124145081678,40.10831548004403,40.23728942032904,37.737933508623584,37.226714862556975,36.76275197794316,38.10793213783598,38.39831744649544,39.062007512885046,39.389089631562804,39.04002034871441,39.06543152466014,38.10572827423358,37.20105406357419,37.30753639163837,38.399618303024994,37.892709925957476,38.04939615731613,37.90782109016052,37.168284498296366,36.46580380659628,35.797911355455014,35.7487465178394,35.715944650965,35.120831326893025,35.409299455717026,35.71019795327355,34.88749140055718,35.779065245529985,34.992021613334735,36.18480951681871,35.70477966526646,35.52274027436127,34.26470021627415,35.204434749897736,35.887475412477926,36.30899554673433,36.74318631670902,35.27558778944251,33.861620452837684,33.01370824037678,32.704536568830065,33.17902829815199,33.149729359973485,32.1138650029713,32.61566754800196,32.62171501791301,32.13448921226845,30.67604801543275,29.987153887972003,28.37181176069081,27.965422953763667,28.50319019703219,28.58358799210007,27.740407715749743,27.148195200502744,27.947796942480114,28.769822810853416,26.811878584930657,26.266108937136615,25.06901299549811,24.557067947016026,23.842212713782857,24.875827158416374,25.272795559489296,25.459768723738783,25.433271315338324,25.416546817404285,25.184969359306777,23.204197144386924,21.929741560118327,21.52063047448912,21.329932670555948,21.147754393444206,21.394037298625946,21.653592277803803,20.236326312162177,21.781489770333277,22.740987312836026,21.086973054273372,20.540212857489315,20.860930235190494,19.691142770887826,19.38674785740046,18.671169575184166,18.38505068664873,17.485837588932217,18.261185920791828,17.791500439657526,18.182960136956805,17.303281523692707,18.597857900637436,17.50339388113786,17.518933898935785,17.55069861612699,17.14902525660305,17.43909448590609,13.990827132934896,14.24985709443627,12.422409004262027,12.267839445282407,12.126099648577528,10.761921462125224,9.830318432794343,9.699162165136425,8.593179130984101,8.472254722128566,7.969786049102803,7.279805802971692,6.79220564409406,5.928400064909999,5.838133145465168,4.253995977369911,4.1463860892201865,3.684782998677868,2.6917839805842925,1.4668991888406462,1.9363012914208622,1.6489126528253106,0.5914464681695147,-0.0,-0.0
13965,3.743618902351889,3.122757867013955,5.065679534254511,6.149709447371175,7.664783850730066,9.627065763629572,10.722352844823366,13.637235251901375,14.73400841431874,15.404607839116835,18.37706890426341,20.953713465113356,23.07743147857675,20.966189172991974,22.17468927157665,24.74132100662075,24.642392041758157,26.339931595532327,28.504631308489035,29.34867040103485,29.778987018612984,31.54279820004705,31.16020298719631,34.69075033055426,34.75557051252983,36.58821217624254,37.13361429389793,36.438134287819906,37.46282676389507,38.505282232388474,38.33155514852459,40.64351077848303,40.50629197612071,37.668773727632576,37.275517749778714,36.558915255425035,37.70372076831807,38.13266788383009,38.942573086349306,39.40483745264039,39.167438939586624,39.66673084070025,39.12900340957353,38.28817581166433,38.16490946071395,39.06960873521938,38.31638494937781,38.583858880091675,38.540294575364584,38.51614338121031,37.872951384543434,36.9518902504049,36.99223889321977,36.74257229661489,36.211854380919924,36.302845911054696,36.70622617862458,35.93672497319852,36.65924975033322,36.80503386851272,37.85005358480644,37.13598825297957,36.73927392479044,35.22567853207209,36.288750656262124,36.79888697128747,37.03575273317911,37.57151596917943,35.852491821560996,34.74477733469143,33.674593763232714,33.167857559369146,34.004771301189024,33.78624791821013,32.530640002081604,33.12622091985951,32.94826566640715,32.26486337366017,30.842875468032666,29.961037621348584,28.62002748595664,28.033570435412862,28.41528367762664,28.56803160203853,27.774566315180675,27.23647616350469,27.88771194042984,28.79814606117569,27.095223615310562,26.600864015157025,25.43383149210824,25.196995972118728,24.52085632446181,25.431564296680815,25.90873808952055,26.1693646924152,25.97668931020999,26.259156962815588,25.852974604325652,23.865266415061498,22.82570729606208,22.46289015145226,22.109886147106046,21.766505991538384,22.085146963031605,22.641191379874435,21.22384624895179,22.68240550499151,23.750675447916258,22.089664763428136,21.36133524681345,21.761411121253367,21.0505003537791,20.798434243389025,20.110904215769704,19.878043492919378,18.775303839628666,19.66636444786,19.24047670547216,19.50176081971191,18.419472689564888,19.62160036960307,18.544590107308476,18.401339843317956,18.50535876805904,17.922356014440386,18.295967232811606,15.42261436858038,15.552597263681937,13.680565740492296,13.374198804206006,13.079218188619256,11.49399904662834,10.788287475719173,10.512462958120208,9.204966552401075,9.146828485040189,8.686649827730399,7.820415504031586,7.17081274702869,6.3292670328588825,6.303972103191701,4.689376335482372,4.454070202180394,4.438519876931662,3.2303738279626533,1.7673396081411936,2.1989397035514635,1.9901821788847385,0.7165671949730086,-0.0,-0.0
14070,3.452900303246449,3.121139099566908,4.866976048933728,5.744811199888441,7.052890237480945,9.23455703800947,10.555798543060076,13.280088721357979,14.144409741827609,14.59106751397482,17.337068249538863,19.67821123266523,22.060265129107858,20.162379082784316,21.147140780527465,23.491703320373816,24.052153346539455,25.979651199960582,27.932845875179083,28.988593852930045,29.6118942340981,31.15670799117075,30.502983479901914,33.847891635255515,34.10004520801803,35.71026962492528,36.44948664545376,35.48377283827785,36.27734959170127,37.08963236425935,36.678648628830835,38.768762191982766,38.4016455351934,36.122312801473996,35.88372934934961,35.68092532146823,36.989022621544365,37.19487215879032,38.15953876784249,38.76862449110889,38.659478938334296,38.93809896925682,38.51932441396765,37.78539562205968,37.43734330578057,38.482620800984535,37.49522158457807,37.886642941770134,37.958868311526416,37.718963418265616,37.17765075216801,36.34893027477777,36.18317285462805,35.72646055552386,34.99063996594123,34.88640272356651,35.0973588233174,34.13545702583744,34.66739158761053,34.62388178412191,35.47296884752009,35.15976801203422,34.575964924167074,33.16961804642966,34.324856177175405,34.645439683416136,34.6935818622609,35.0372444136163,33.985923241032275,33.24427834715702,31.989941219720844,31.834921240422577,32.49210927560753,32.09111472174032,30.66036090110176,32.124874747666915,31.76266908616157,30.895328942707454,30.053807332119458,29.236938005955437,27.952597754269796,27.67283692737156,27.889632292624853,27.872592850201205,27.139903192785003,26.42689871695577,27.1539724436831,27.901157279978488,26.25262757005613,25.587237303922578,24.25239105720228,23.853118416192654,23.01936223443636,23.759249419499174,24.293430491848135,24.383768310852144,24.48397731920032,24.594354778372104,24.252100114004296,22.119829570565976,21.585965670746376,21.28124309173233,20.769112883850323,20.698569806587802,20.85403347193808,21.241162301236844,19.889732519727364,21.167173094524383,22.049155491127163,20.46358388627309,19.577810996814716,20.01833749826699,19.809473711659596,19.609933830402966,18.977013960161933,18.79535788737558,18.182849071134385,18.90880661523743,18.30940653243961,18.393644916408736,17.36584225801505,18.37806251940055,17.357173177673612,17.26000561577508,17.407964629661606,17.106904241372924,17.528847327729604,14.927468608605515,14.879298284913851,12.837156245799244,12.791576701863093,12.320978554640135,10.579908548180937,9.920609126566541,9.682316669759043,8.432221072212329,8.40542930723894,7.984297451306179,7.366716085498327,6.960589974785664,6.155873890588033,5.96639800073413,4.586378352004005,4.1973762290886345,4.0120212653238525,3.0477590569610205,1.6329755602535527,1.8975562332558171,1.9126877664977826,0.5161244130966927,-0.0,-0.0
14175,3.16719957938697,2.717964487001623,4.238674513298698,4.945831338626399,6.05337245692728,7.974279148658187,9.090531929331116,11.978770516715466,13.565064652638895,14.235953185595294,17.268292188921958,19.40278046419078,21.567987027292812,20.295086200531383,21.036699092714915,23.18471004634412,23.952947744011876,26.13866156164231,27.878932813267276,28.685929503263495,29.052953007349043,30.368579608732226,30.33625358911537,33.51464628110005,33.49859022569007,34.880278558144404,35.37216203919779,34.57326062456891,35.56048988684604,37.434514488473276,37.15519873240987,39.05441168072518,38.397220340118636,35.783422297485785,35.681674239335095,35.61106759156832,36.714060475488964,37.06374452369105,38.58068734003509,39.34358138554203,39.35453837977722,39.389789781096134,38.706155924842285,38.0669477178342,38.539695070422496,39.38721477625437,38.46363610273229,38.63143700742894,38.81602180068995,38.671968878325956,38.54910674345387,38.10999988975474,37.69785775173917,37.31111792830564,36.30666339475588,36.290505386210356,36.60549790151167,35.68091110921553,36.33278568872363,36.37575186899469,37.364011260402926,37.11987401830642,36.28164832795487,35.177056074446206,36.18856799941276,36.31286550422619,36.44967500947635,36.89883319098668,35.87003955605811,35.45833289174478,34.20237744790251,34.116863914852004,34.89870690616192,34.26591806227768,33.09708013983706,34.74479658901828,34.15399041415613,33.02943058098675,31.939852632862735,31.149178734747675,29.59987747059569,29.636033251226795,29.941609449963725,29.738861880792037,29.034110784504765,28.09696492406839,28.94165636211935,29.55136568317168,28.130814589199566,27.495258619265933,26.14394949260175,25.54848279876294,24.731361722796688,25.831201451115135,26.231582542731378,26.156029551514962,26.090303692243076,26.034505825821423,25.50139009703176,24.028096970574794,23.762558900120325,23.50666993400862,22.794045528532816,22.790142261563105,22.79620187852217,23.047947518791293,21.445454140198034,22.64075867809424,23.648673251538554,22.036882535283887,21.867519149452665,22.42292977442783,22.27611008046986,21.899234080229647,21.055457461089894,20.938155893578916,20.1190069693485,20.738558622378964,19.934953801499653,20.102667559792597,19.080696056218237,20.000653695128126,18.990041867956947,18.722840258955006,18.71361200189098,18.721946783492278,19.00335771155026,16.312279863978752,16.099933734804836,14.00312850570177,13.800182221846702,13.144733247837365,11.156482666721564,10.966965529293335,11.016010016110357,9.73802786591786,9.57740302176543,8.984772716717309,8.401249414524933,7.826609103645106,6.823067643471726,6.703261480387298,5.082126455932008,4.742568417709362,4.631985937508954,3.4565900556609614,1.9749378863688791,2.1740647982247476,2.0652722676786577,0.47857504225710445,-0.0,-0.0
14280,2.886769574324019,2.3340096513854687,3.6390592466908878,4.556364082109181,5.47297779739798,7.172298482139714,8.090542941128255,10.706733015935475,12.067465187753944,12.99064178408484,15.763833943877373,17.65301323446129,19.567728179605155,18.604695075511774,19.586409058198907,21.969434466374434,23.443867275923747,25.903204882913453,27.415177052015345,27.966076275689836,28.547146095804912,29.625469986906182,29.788384825999024,32.781238947690085,33.90721582758309,35.52942140622854,36.68899110662413,35.98033711868358,37.64109974009167,39.79630466450515,39.61727755389969,41.80106501342588,41.66447401232059,38.90572550985924,38.89565011909723,38.91714969544843,39.8035159691647,40.286765464146214,41.624145838825754,42.139470912462365,41.84666115059946,41.58893426602479,40.967006081030576,40.00235427797614,40.61665456880614,41.24600464521995,40.37156684624849,40.657233808946394,41.33194885593933,41.648553075510456,41.611873003205254,41.231284345070826,40.87790422075269,40.19694904837839,39.204673855548116,39.27770431318905,39.70812337554294,39.4706497699788,39.928166710471245,40.060704006037085,40.8839200354178,40.705636072237134,39.87997112167282,38.43853629825032,39.29482372218972,39.191710971810814,39.10415960655378,39.3522768564894,38.34060495211988,37.98702500207476,36.42221520218113,36.41615871103425,37.33680324030878,37.04879224600585,35.57733864376782,37.12322457781978,36.87748746032377,35.75299582854808,34.663560113478525,33.89347539760204,32.303664403144545,32.98243907577217,33.67856398649137,33.53612199933253,32.562895377448015,31.892295264318374,32.62081348568237,33.08740409912673,31.616387745374695,30.729424422516157,29.070357056738413,28.50010028697369,27.687145553237524,28.963534226089866,29.213778132311955,29.210924671679138,29.48583894956682,29.50622974491581,29.270488564057512,27.988679430892542,27.51624527069678,27.31614694116912,26.609335725444375,26.431298771586526,26.264186734669074,26.36675647724492,24.435902943304647,25.571387521197067,26.491978752435006,25.07950945382337,24.97966309104044,25.413784333277874,25.07833475314435,24.754885600835514,23.663055058174614,23.363100668534738,22.305311630986665,23.05904761949089,22.01848115782823,22.024415902118232,20.755804928586567,21.822212356836516,20.824725735113578,20.363119990800886,20.17528590557687,20.002817454169456,20.114202263569823,17.609219174033864,17.72488093100963,15.310027691282153,14.928049112690696,14.31064352940208,12.26425045536523,12.38135099757186,12.527493111062945,10.987938403970663,10.664705862420893,10.113827131875201,9.333502480923574,8.564433810296995,7.341704893511858,7.293738344184217,5.420641854414269,5.1337811729592335,5.337335646120229,3.919193753455596,2.3744737493775583,2.488393916838901,2.234611207169786,0.5969771442177356,-0.0,-0.0
14385,2.6119168772606285,1.9708716456505926,3.0706457098957216,4.171660538985922,4.904165392964738,6.388093634617453,7.117784124442601,9.902820731188571,11.048030150256425,11.76449596812655,14.282179132296829,15.931881904920626,18.09280939799278,17.39131485182667,18.151709279540466,20.29915175041516,21.54226070160685,23.752375632531486,25.025422531517297,25.83188139481463,26.18664474209286,27.03408645361999,26.986549285191217,29.70542803537601,31.065043043169187,32.91630642400908,33.833901102727026,33.368649836158646,34.78554138019644,36.68825048338096,36.74294201454906,38.674491910541725,38.76483014051887,36.2294677266138,35.99172918117309,35.79120227528278,36.447524227409055,37.11898536971989,38.21894948241969,39.33487549184504,39.635254156901524,39.95471692426997,39.48312989998064,39.049174926108996,39.43094838198214,39.82869711255497,38.702754755560754,39.136955325498214,39.964823498681646,40.048852491372976,40.52638838790611,40.64340572205717,40.40709059364646,39.82920255009962,38.570535656689266,38.41350334666277,38.62384883940582,38.500899202001115,38.74011320508439,38.64923438149152,39.60381670923035,39.5388772304158,39.14984219794929,38.113532949606714,39.439280427782975,39.10161204123129,40.120008365542716,40.48039041873247,39.184407634867966,38.91166650322893,37.04857028554427,36.82032924257153,37.873388771847026,37.3508750168628,35.91616193058565,37.30085923559848,36.82722435965015,36.06404664067807,35.02263252271181,34.60894172607143,33.91493433435907,34.42096552168294,35.24172555819446,35.17659121279958,34.52730286798385,34.19193547742796,35.35559755029452,35.640913102125715,34.147528627952326,32.98820469485249,31.29425921681142,30.763896134490746,29.696376386190018,30.859962258051148,30.92551490342049,30.72175644582779,31.092880099787962,31.195280742282634,30.74345167996131,29.192370397569174,28.499233237225955,28.366103712454766,27.43044651204526,27.319442144963453,27.49072037312628,27.403427710809936,25.451604960836853,26.450335240517376,27.49036694307491,26.085482070622266,26.05664067818823,26.314878863099185,25.765716439168067,25.502701774514666,24.167994080542506,23.660035185091015,22.37181728808954,22.948140659036504,21.946149481321253,22.017898284581943,20.518490504785863,21.404127903107547,20.449370777807967,19.7753304129442,19.377657105452684,19.794500525155723,20.246413165654346,17.73146630802252,18.185423479225634,15.488284723087993,14.902982522369237,14.5839209860505,12.285850001270465,12.465458523259462,12.424457567214782,10.905936746985523,11.127948231749158,10.371273866463635,9.626144926216522,8.892115560461509,7.681784047629086,7.70406746596888,5.800032162270877,5.572533321105016,5.62250840561025,4.203035972933694,2.840860047075328,3.0962399184263862,2.6994295424934607,0.7390096756382193,-0.0,-0.0
14490,3.0821039147593763,2.728911561900917,3.653738641733756,4.570850066028844,5.085857503520263,6.406267492206887,7.330240528201682,10.015458295528283,10.939605758496006,11.424457687029067,13.756609834346763,15.677589145686545,17.635252914341457,17.123685322600277,18.112179462691124,20.07228422637948,21.082701691311872,23.087996708919103,24.621551410329264,25.668575761499188,25.746761288424636,26.34479822189771,26.494131327012145,29.02903688642453,30.638798325595847,32.26875398881256,33.919153426220326,33.1289555885273,34.79524834702317,36.97676565606668,36.72465503695105,38.93245314848408,39.20199979915957,36.690970567107804,36.59525087978023,36.53259610607745,37.3738614390424,38.22987988764464,39.100763465776716,39.9866516178531,40.013408665923386,40.06530047439254,39.29828591685277,38.992085809356894,39.12327392895235,39.67929302108838,39.04319579598532,39.23312185945493,39.83425585625475,39.663578923674365,40.292741619419445,40.935894815513976,40.815048295123354,40.33298298019783,39.505308193429634,39.08454956659668,39.05379135885249,39.03994559231631,39.04247369695135,39.42021069651969,40.172171591347364,40.939103877724975,40.633208191003085,39.63799993246638,40.79204751231749,40.18577767325497,41.36488598375273,41.85017278735153,40.58257585330892,40.048857617647045,37.850457716436246,38.04147151476704,38.9142435905032,38.4617577622275,37.371899390455404,38.6013144071576,38.19601078543428,37.482913363432026,36.473246800965796,35.80973116456851,35.79428587625311,37.06039821028854,37.71065717966904,37.73078842131347,36.80428775093965,36.534180077164486,37.87071641923802,37.944154321040614,36.122191265516015,34.66676058126167,32.95443905183246,32.17881720643121,31.131877532245895,32.15120864257957,32.30381902345135,32.171874770024644,32.34964820544315,32.242322941571416,31.85005845850596,30.010796851184523,29.3640519380733,29.59097076654322,28.400178239706072,28.362142505584107,28.908122530555918,28.896812963754122,26.629433784566352,27.478901890786904,28.362541490028367,26.685470931619918,27.015648612036305,27.365537578969036,27.155411882911253,26.669770169024257,25.91092219954162,25.16813916141055,23.602379146352284,24.2922254416516,23.31087543840743,23.468625494747815,21.680356857147878,22.415020432566557,21.48732457611301,20.854700991206943,20.23560607274861,20.46865116719336,20.72941985334421,18.182974564132433,18.447565455472564,15.45756976301651,14.916718540104648,14.387494851332153,12.841502448981624,13.103030580960702,13.13569546607906,11.351241725146718,11.39386536945152,10.414409577668412,9.451062175215878,8.503349069478908,7.817660954016032,7.90526947493954,5.986781307061216,5.81623994589124,5.679082532819823,4.029152603761012,2.698132572610144,2.7417905530828692,2.356033713210683,0.6974455796648358,-0.0,-0.0
14595,2.785970333606086,2.3130753891153715,3.4626575571246874,4.179833983327114,4.513235099800582,6.453494959528914,8.054861378376797,10.702204900222883,11.878446669056968,13.593524613949741,15.889187303124835,17.66111425480605,19.45345010755005,19.54263125454405,21.348346998569717,23.17620078983983,23.8804305369964,25.73520589309949,27.03783766579877,28.35603207005413,28.018195184284192,28.28835179353502,28.595617473029165,31.024806970250875,32.416808268142965,33.82510197334429,35.25002762174561,35.08541705183774,37.06947052911129,39.62809144328229,38.959937554080135,41.53933505779257,41.44911359647202,38.35419828532689,37.914963148334095,37.99823422932177,38.57923067342733,39.177279249544114,40.2608031642393,40.889887826431675,40.60896126061426,40.81695170442357,39.707379596099294,39.09812736735672,39.383554887585944,39.68617615126692,39.58348213853524,39.921366528496826,40.69264827122607,40.23062332581145,40.61635592252795,41.42730471935531,41.432125244518296,41.05255482843699,40.303936701310725,39.98148492613838,40.06898038701394,40.55863095279936,40.67555664109308,40.80788883173406,41.338061547861734,41.882075200959775,41.67448432756139,40.36196039848145,42.06960675443505,42.28886903009277,43.28008912615464,43.907740721789786,43.03279184456045,42.191237659018405,39.58091662315369,39.53143715646307,40.920532472386384,40.53724513950048,39.120220306710564,40.17823125686301,39.49823954754564,38.84201829915828,37.869202866298465,36.92713556659121,37.00598665693528,38.44135833617374,38.88527322633718,38.66288888859235,37.449444045883496,37.260384906322635,38.42017542922726,38.25506079518993,36.7768876548563,35.665896850023415,33.637461045196254,32.60161117956415,31.290269667008424,32.43533021351457,32.67945120712159,32.62680451336301,32.586632044843626,32.2494382823255,31.61857262576042,30.09935806431684,29.805982700373608,30.12380223757176,28.664634394190465,28.409061748164483,28.755623373367545,28.523659022578798,26.266890651819185,27.21415955518088,27.90196785709386,26.543796485569498,26.664689883463335,27.09709162580646,26.953692932189597,26.229711708746528,25.228933338511535,24.538127387526508,23.005927189175754,23.48777464997956,22.83883070160463,22.776979829048692,21.01903195043805,21.829424090952987,20.66163583399818,20.361905516088186,19.791241049555033,19.803394794222548,19.835568522344825,17.595781289914086,17.637789279984016,14.937629272103456,14.441767259586586,14.224221927924887,12.695903002149166,13.022666956360657,12.843499666690168,10.81922676300601,11.17343852890015,10.226237805076126,9.036907391959163,8.377782731686619,7.728501683701463,7.873548917257303,5.712542994069066,5.581704655014922,5.485784973851238,3.620754650956374,2.141930608542739,2.164145659878254,1.5366284839854096,0.3280379437382958,-0.0,-0.0
14700,2.4945977724681527,2.321818585126219,3.2735445247396355,3.792269444271433,4.723488808211579,6.539264607276503,7.956078823785075,10.444464203707414,11.38012915709459,12.867906510036159,14.937097466451796,16.46446609867366,18.00707838957724,18.406413546211976,20.54673430923914,22.729017407457064,23.140829713161086,24.75317078394949,26.38295741628179,28.030436270427753,27.342322857637456,27.313145359147452,27.874347647813444,30.094463920291453,31.22981884916753,32.38007849001554,34.10412003444598,34.173712428316264,36.48064988849018,38.82924975128382,38.92048067693529,41.30265984808314,40.864149821527405,39.40788047174015,38.58977211194058,38.34730367624652,38.64215656075421,38.959089891093406,39.788040702599424,40.632038274270855,41.00093705725925,41.875450171568154,40.36885864268746,39.41542417888691,39.41953204176149,39.44626864776177,39.49445880430967,39.563066535084594,40.524291410112255,40.62363078291965,40.741567298567105,41.307796999963216,41.03066398179969,40.359283354891524,39.72412172168793,39.52770890917522,39.35218744407688,39.99743879681919,39.85354587809758,40.12519708743392,40.41068408037347,41.10703982862628,41.02293167519352,39.403141845165514,40.90583514909049,40.87189191123325,41.62905200567072,42.401970198611,41.246664797138976,40.89138799615096,38.33009229740952,38.03228721468552,39.5715077232348,38.92884846495838,37.59465077862637,38.42891950917373,37.49289786211734,36.58769844886031,36.399729368297464,35.54132468761906,35.384408787131804,36.950484237634576,37.159426654160335,37.035011743842354,35.56001463190593,35.80389870834033,36.74302368408675,36.331182102816655,34.92793790662146,33.567187762515125,31.928312133043185,31.279686013649712,29.721952049557714,30.968101466610033,31.30101609592014,31.3317385227317,31.059103139756104,30.486087073799254,30.23925060106471,28.774853081318735,28.251683150106267,28.345849326601297,26.65426337880315,26.469619559197543,26.888554646114,26.429105324652763,24.528332642352026,25.25517640830922,25.714257289467398,24.715807855882385,24.608998109153713,25.70074435911349,25.322349209060068,24.36156747463949,24.008534908709827,23.373256206196313,22.172100567967064,22.72791534375678,22.13042071881784,22.131790234146546,20.399321663129758,21.291315757181057,20.742959234646854,20.50172348640877,19.685020454453912,19.468910893014872,19.565812356474368,17.613508296280198,17.431703826540637,15.265904454959355,14.816355330056822,14.941656930190941,13.124807743672411,13.260315137571046,13.141487396377398,11.362237018951395,11.532616625471988,10.333739979756684,9.16014327304184,8.272694223989049,7.399083603776314,7.321023672791398,5.203832670607138,5.102065650579177,5.0334572108491455,3.452177063302214,1.8084092962761489,1.8374761620132138,1.0440353824831705,0.1002503954981999,-0.0,-0.0
14805,2.2083559711519807,1.9136119343476634,3.08647017924473,3.408046544951088,4.55484706430733,6.187009652901657,7.390989650342411,9.661485624771284,10.360440213853803,11.609519628105748,14.003032466041063,15.283735632521912,16.576185855705507,16.72432220053486,18.60896455705772,20.528205066765313,21.276501132436454,22.630613574910473,23.998720242703826,25.381138945319588,25.01957496277756,24.736189128906787,26.137609622531304,28.1174008939706,28.989176415109103,29.875880554359405,31.338538687669438,31.693221848165816,33.744891293016664,35.83144914599496,36.210397754112186,38.33183509094037,37.60135930177714,36.404675325516266,35.83108539640432,35.314558451976204,36.35561183938471,36.39855202391518,36.96400403784401,38.04326148737286,38.63675201217812,40.24694518652837,38.88705442693587,38.08856833933795,37.8073065744107,37.55604376848704,37.78582141785459,38.03200604118848,38.74447572565112,38.57169941187353,38.86442626794082,39.61506741821253,39.055991712935885,38.53004980055645,37.61434266234736,37.98600357111697,37.541021828776294,37.93978489603696,37.94139883982977,37.958789100237475,37.991500748900954,38.84567481329635,38.50119689977568,37.38916763367251,38.6643510782958,38.766973485580785,39.67629672453428,40.60298321200818,39.94477517132852,39.313663217419645,36.80705714106099,36.99468298625121,39.09087892227677,38.537594840591375,38.00643906428758,38.62050875178009,37.37551264191761,36.173273105991825,36.08481868385368,35.29470921030967,34.88144946588004,36.25622267397242,36.577976092553534,36.91295009011923,35.47299188938577,35.82864025221638,36.55485012138411,35.87020711201413,34.8571700815418,33.87306061653384,31.911593457300004,31.9866033132679,30.754984036825984,31.839517117181174,31.95006580717803,32.073105292013224,32.208948039654366,31.689625434753243,31.18571043149963,29.39879978802069,29.57386508432176,29.43906206905196,27.41294451656095,26.989875831247783,27.829183986969944,27.112018142513687,26.102583224581693,26.970588103262166,27.55274916242112,26.249809534803507,26.22113332088651,27.16075815877281,26.842429086881193,25.583059040826104,25.290791779000482,24.383996902831278,22.88351646861209,23.240857484258616,22.689597689809254,23.3943957077348,21.626659949238512,22.351571018505577,21.53863132310753,21.36320956808641,20.577707494343365,20.74384217787003,20.93508381295313,18.927589740393696,18.820462862271164,16.27627889915058,15.580951430344449,15.493082551823367,13.361675084052116,13.57267614387714,14.122033520913908,12.296536818854149,12.268321526757349,10.778602621795944,9.610186846683991,8.46580753258878,7.345915825067523,7.602371951505219,5.434113853275635,5.13478311446283,4.85207432291859,3.051567764395308,1.6689069653262165,1.7312705300707474,0.9686783221548542,0.03285144730674216,-0.0,-0.0
14910,2.814711053639563,1.9172881183432202,2.901583069481322,3.433245802957853,4.397699261228106,5.843967564463257,7.344438005778564,9.45907968060375,10.463623844434622,12.070009947894834,14.340016855648251,15.359773908535244,16.392630295940794,16.81603349448751,18.49614772693329,20.20003348665385,21.926868417432157,23.676054193036318,24.776350295944557,26.55817161530622,26.36843110323018,25.63649560084564,28.034324171532386,29.843070246386905,30.392724238662748,30.96610187169936,32.1794657776576,33.40707101015908,35.27883964518499,37.176596214300986,37.17798834530356,39.0992125302005,37.90704435677503,36.828829063464276,36.41348486239971,36.60517974723403,37.37582139905501,38.71938316823115,40.08023401758289,41.45872310373527,42.28422420502247,43.69491663739844,42.85848068689586,41.5455697356136,41.8981236356058,41.220249530120924,41.10079209501099,41.515208078013565,41.94548755115805,41.38962391290835,41.36144390208696,42.33466247378756,41.85200001634156,40.92692034750469,40.05075605602248,40.13234541250381,40.23066991261098,40.800092694553896,40.475653164114725,40.17491301696522,40.338152250456936,40.95844304658148,40.27064927704118,39.18674325632701,40.268875751908325,40.077740996679104,40.756841236778385,41.45041590821594,40.44990797104666,39.904060974076486,37.355037659097185,37.276204413863766,39.21651581749638,38.75234808660407,37.911620075348324,38.67852158336068,37.872214815484405,36.323895469953605,36.342266305790865,35.99356171119675,35.286401152820034,36.47341320212092,36.92253683442446,37.38580378671817,36.71854037753919,37.20538798538803,37.70745501325878,36.70164244908181,35.35553970758009,34.413407459363974,32.78576092165314,33.31901135707566,32.09318870887107,33.35531967708932,33.930837998290805,33.80093806460062,34.04471191372139,33.22218608516965,32.775625481924635,30.60172852056269,30.536563250588873,30.14069071327576,28.411230000806707,28.380177852091563,29.033912044200207,28.355078593597195,27.361468158880406,28.044892375488796,28.755241683444638,27.11601503778814,27.171397273386212,28.26001230951841,28.00818519185579,26.4142064534406,26.188295496022388,25.308006562106083,23.470535761710494,23.92982483747245,23.10122387518698,23.924113294447658,21.814702885137816,22.98238272266212,22.20207430938016,22.096827613463745,21.344392157803647,21.939576804420078,21.890211093593425,20.16660524122559,20.140553661358396,17.81063824322886,17.147722417097917,16.822315198175474,14.60181962034276,14.606644491753753,15.289681548700095,13.091731845481503,13.147397844468424,11.631515520344244,10.154039763160018,9.00937155891239,7.602371951505219,7.946933073684548,5.446550540094524,4.924577805511693,4.680324075111802,2.887095363638551,1.529632086915319,1.6256430766090293,0.7130149328519053,0.05360313564104562,-0.0,-0.0
15015,2.493585924663382,2.4462927358486715,3.219261929899879,3.4900234731614646,4.256158156414898,5.512467700490777,6.80300893538269,8.703321657375914,10.064337596365036,12.094007767523559,14.19751840545385,14.924671627721205,15.674251613293505,15.793402080617003,17.228419944508527,18.68018173152846,20.829109551290102,22.322812190040096,23.832384553445237,25.35792858681127,26.89958095068148,27.03180177351072,29.304128697707014,30.888515124861865,31.05130947349645,31.257155953278847,32.865564628113155,34.492656969672254,36.138609585928755,37.80362420866108,38.063767517171044,40.467418228039456,39.3627956677663,37.72150930788917,36.856605250753354,37.29102008557623,37.74523779725331,38.82546566594304,39.92002165277485,41.029181886019536,41.54122545358782,43.29247502024425,42.021186907363656,40.84226927520223,40.866248302266065,40.91490291183802,41.541012603170536,41.628703238417394,41.73785514963338,40.79836338921695,40.43412192343639,41.134113016013586,40.81349626693747,39.51834850795046,39.26602546543605,39.52368870968536,39.79578554580403,40.08210625793909,40.38248285810032,40.218345914998416,40.07421035572873,40.890949206035096,39.842675807976214,39.75384813859878,40.60047481390593,40.08131064966601,40.493468335304556,40.918762854492016,39.55668030734308,39.1231155429759,37.84864583371302,37.4668451312366,39.236913688374685,38.87239733763717,37.68210557011222,38.62260572468838,37.47410916495444,35.960671860726556,35.69715798201209,35.848831372308844,36.41487675847285,37.81219591525828,38.001050383230975,38.20301638844855,37.60036968356548,37.828139156932934,38.47828615474836,37.10923816111178,35.391613179584446,34.115536922086314,32.87866498221484,33.16880921970842,31.97598823853037,33.03339560558363,33.36111157921785,33.3245470747832,33.30080831235461,32.538680077598784,32.540389971340545,30.348681586536628,30.012027978339447,29.688545438730905,27.96716936298009,27.67376272092209,28.79561140183002,27.818986910000874,26.866090458445402,27.314619193967655,28.13739925492582,26.512108102005627,26.651082076738412,27.51269228770807,26.975851879448363,25.061473267894147,24.902475884036253,24.41249986048217,22.92077214424898,24.15952957327589,23.02279989316166,23.964350884286738,22.502952488533836,24.188059920858112,23.436851852645752,23.056142712465483,22.690797814090274,23.06136042739022,22.731494984552793,20.621947050459013,20.317250108221053,17.939189604149725,17.313548710913434,17.386830138986,14.774712669973168,14.519276066839495,15.299331327451833,13.727480229654596,14.216358628304093,12.664639895445314,11.149622523617856,9.6721904286455,7.929867792790028,8.05637114371267,5.489514992216575,5.001179454613224,4.520488837751218,2.7261439655810085,1.3901584832989515,1.520424582432435,0.8156912820772549,0.0338217712874558,-0.0,-0.0
15120,2.174706387912764,1.9717072401567857,2.5397707851503872,3.099883583688936,3.656951582079405,4.684163437351351,5.73509469442635,7.3636264441274895,9.079008911238832,10.867122957301877,12.717793116431126,13.171766222929898,13.657075888776145,14.828373122950886,16.010757318524057,17.20443680385119,19.11438714224471,20.336302231520058,21.569977245233943,22.815671882018282,24.073644190909093,24.616057214157838,26.62745335118685,27.923808696695655,27.768551480919555,27.671407232545302,28.98937115601008,30.321806204806585,31.668943271366675,33.03102408107996,32.99665981186162,35.08374309775404,34.38892359079732,34.43533153283758,33.86494999001773,33.985152260468425,34.13123417143328,34.91826841057268,35.717953177676826,36.53037282378176,36.74041068534504,38.193867262271304,37.82217218874955,37.489962223076176,37.7764728959397,38.08005705024371,38.40011752599502,38.73614354607015,39.08770055584294,37.78462776351498,37.09370026465086,37.50213221701881,36.87059559167467,35.76852516580368,35.22009234403545,35.68635074949314,35.670987924157686,35.67185336679193,36.17317435412437,36.68614981855028,36.72542533631943,37.74774159789319,36.37257364322732,35.988871743414286,36.55653124445819,35.743491480743046,35.87248485168633,36.471072246757196,35.266774602762844,34.550087353331165,33.431682902095304,33.201311856051476,35.13237866620625,35.3495937508476,35.14371812767166,35.819053169490594,34.351014316415636,33.35452091614882,32.801916125873866,33.49850318412931,34.21077246766902,35.36184469866407,35.261089967543654,35.59539212251345,35.099053939353375,35.456529807504715,35.827239419563625,34.53861395379259,33.29170330483949,32.08442946473545,30.52839060446753,30.546153616944476,29.05537500726352,30.23160416397297,30.6673750073805,30.346280713665223,30.038391917299748,29.36495044916908,29.461306302547268,28.072481659958157,27.452118735659116,26.848179383596147,25.194934813689866,24.63180012639435,25.839300545784326,25.289881250087234,24.055998016961706,24.583710669439625,25.132439767219477,24.275084364069915,24.137716959805246,24.72327938469787,23.89795739682492,22.05332342267755,21.61608218710408,21.190617055460628,20.10551852310148,21.054468920210233,19.983461730468786,20.970016109608434,19.572686526871813,21.296736750301864,21.67003176355433,20.98052528303074,20.306166369612193,20.726849338908046,20.077688997258814,19.082907148421693,18.824310040121027,16.456228772407755,16.214150336217234,15.988272264534935,14.053548401766456,13.505338485930777,13.997919867939522,12.787115093445115,14.051209087139718,13.572945618624889,12.017080379671762,10.84876239323623,9.016511356921729,8.917667539793495,6.175865524130063,6.047143207879527,5.622745690923605,3.3551855298401136,1.8752588740289813,1.9028288986870092,1.1732277433725986,0.057807015624326205,-0.0,-0.0
15225,1.8580412548808924,2.042920328762894,2.364440523619768,2.709713864162525,4.0537566276495305,5.505115856141656,6.367659953650121,7.903488663793928,9.497850561658165,11.141847287965517,12.829094608254419,12.899626526068577,13.04307862548982,13.949918238593423,15.608929674024633,17.305580016708902,19.037431635472085,19.970605925113627,20.915110147379917,21.87081928843277,22.83767692360108,23.029230829601094,24.804861545155397,25.805293763275447,26.034310836242902,26.29594433429652,27.33035512932698,28.376044497669852,30.1977782896131,31.26783259469134,31.582906871823855,33.444392787506516,33.78120725446132,33.398953326373835,32.36709919392423,32.11162598765873,31.8979846126214,32.373509009383724,34.18719874154617,35.35277102198866,35.855803725297875,37.04549942187709,38.25012984544591,38.78797282470498,38.67131825283855,38.58418812153528,38.52442329846002,38.49015047704989,38.47973830512853,37.27413429294412,37.321964738079785,37.38873609637238,36.89437801891323,35.872305611183094,35.454109321556935,36.153796471284394,35.77286827951044,35.41819401431855,36.68360963478406,36.88754906967762,37.10473363101078,37.868897961074,36.528828807519545,35.761089302391255,36.03579152580294,35.817880222064055,37.12844343194385,37.94905243744575,36.2527007330293,35.11858667869976,34.03200188689865,33.91905688779815,35.71104450464072,35.61312824529742,36.485024674744594,37.862056210097315,36.82588055878201,36.30035874819886,35.79655532768869,36.71654142447992,37.17989663649465,38.13457421350547,37.67070654272694,38.17336011914464,37.739307170857614,37.79377882633896,37.86171716145366,37.47474591415718,36.18500409323335,35.83909223764281,34.61392813327793,34.3053595391953,32.27847788727997,33.29720248416271,33.468107361013324,32.78609601764914,32.12439998013316,31.062738049610605,31.277076951938835,29.842328147609788,29.25835654683282,28.691074707833724,26.955616007772804,26.04387896358291,27.478349241215682,27.364179618916605,25.70120418220974,25.99604455844991,26.69928292955526,25.84984244217126,25.406622422932966,26.146312334788963,25.725053910866265,23.775004633457378,23.385174417686017,23.00787559513155,21.89528811023132,23.04949209866959,21.950793181272918,22.765491652254465,21.308852983940575,22.930141673340128,23.040853662168253,22.376543855230057,21.33680693894121,22.28548078976633,22.067632879283153,21.46310749964594,21.280288934045664,18.719570448326312,18.16411576253936,17.624374438733394,15.9468892737071,15.817563536709649,16.103948571991957,14.847170149494476,15.992111123525286,15.159160812215575,13.533311766403134,12.337401276577795,10.012911939632486,9.622765950189612,6.365389062507889,6.649850614194072,6.278679052234919,3.8404945237975396,1.9875694051115191,2.095244813519674,1.1012092367367006,0.0974477975847514,-0.0,-0.0
15330,1.5435599823398805,1.5559449856430543,1.7120032774644547,2.318165744453208,3.4390267188630497,4.647341360290402,5.921274947679583,7.247217115858625,8.616167092604972,10.021895523546341,11.459935801257647,11.196292391163714,11.805850471392253,12.427495478457923,13.838260625707363,15.27831677447003,16.7458768829263,17.373407789701297,18.86535796004169,20.382337026857474,21.923434682699952,22.56445913714335,24.129076827664573,25.71670150591994,25.462175936137456,25.28090910153531,26.855540807650538,27.572924780011224,29.175946077219315,29.91171725297808,30.66084946767532,32.29899405569977,33.06782038562016,32.9856232537295,31.325404475671473,31.364023377263422,32.196683617403984,33.04037115207319,34.67496224036312,36.335689468194445,37.21295000372902,38.10233255199999,39.00400183475325,39.91813672885312,40.84492964320276,40.20673844172289,40.38631426562005,39.83792557833914,39.33848843296644,38.883297231973756,38.46833611269747,38.771262161872976,38.4132069762481,37.43254387627979,36.51283723361708,36.89084597300469,36.65859339742906,36.449921324674435,37.48011146399393,37.29851741327235,37.13792537816278,38.19438445936247,36.875596714156615,36.77205861658244,37.26248681121072,36.616430917452554,37.701060509086254,38.804508379216266,37.05977870809929,35.40341586730008,34.35275835447178,34.9118884450856,36.55469038821444,36.0664501514653,36.66255872145374,37.81188791481133,36.293956493498186,36.39518292965742,36.50898238709208,37.15948612071499,37.29723875908765,37.97412887734297,37.08978206517192,37.26660007464303,36.93990781212709,37.142654103170884,37.35836160649054,37.587231004612995,36.30215143403461,35.555762928051166,34.83427321812008,34.62179569088959,32.51407845294053,33.281738059437544,33.59089516678543,33.43652525094081,32.82340261157698,32.22974870980467,32.58453758107315,32.019212589794776,31.01353887910321,30.036290503511648,28.208372584769506,26.870592587000004,28.127803194083956,27.67108938656056,25.952835008202243,25.95158823823421,26.38665578013272,25.14537397425198,24.34843778528721,24.806451020448826,24.033172075335788,23.278459526814327,23.35477232417723,22.626704421453883,21.51559377452964,22.430861308539185,20.938267106185783,21.878173746202187,21.213643154562355,22.62564882494603,22.399755024537605,21.766626721776838,21.149246597112917,21.81670086726687,21.656595949438028,22.393709388750718,21.835565704863853,19.55439676183523,19.029895739566175,19.827409789048055,18.464673460082494,18.434354366374784,18.88675523320266,17.118217796986887,18.548578164317757,17.255347900682402,15.076177887771136,13.840363584423628,11.32888394905872,10.571552849157003,7.027479827379251,7.050895509983659,6.327511161888515,4.118563080304211,2.430115638993949,2.6872718658036066,1.6202275994774635,0.1625401305246451,-0.0,-0.0
15435,1.231232654661782,1.6378883818077394,2.037494563738544,2.4314234628529117,3.4206079130586335,4.463673468553104,5.5477586085445685,6.6648829786777775,7.809783385753694,8.978826481014178,10.169415191730668,9.51868136219363,9.83500604506751,10.977001798278042,12.141476604596633,13.327001129089426,14.532427479294185,14.83237425725569,16.048616333827077,17.283591116459675,18.536690943121254,18.842900173854527,20.108369892463394,21.391493089475624,20.78400328913228,20.283039039744338,21.53832421784384,21.940015211295133,23.214063213070556,23.630873274638372,24.924579311787603,26.23714351974186,26.671262118557824,27.119850042810064,25.112555749576057,25.610330601897722,26.11824326503224,27.4183884265336,28.73905956309606,30.080189058611914,30.61465153556919,31.16020729429612,32.53402099028989,33.0973011237112,33.67186645551811,33.4513872964063,34.051216760382914,33.87637666251455,33.73037369985142,33.61085069332005,33.51578277169944,33.44342091113785,33.39224731558468,32.6654603655271,31.986329843153868,32.00797706706111,31.394668004250896,32.097174196257,32.81039820704028,33.53460671685253,33.61684629596356,34.36061179475253,33.18777681825134,32.692552436354646,33.45358718077372,33.60475415873214,35.0132155483526,36.450810520548174,36.62523297561486,34.937599830841464,34.53634550987596,34.75712978382489,36.20554821147645,35.232898294995074,36.09000957504865,36.96295915579744,35.438546393052576,35.14135429726436,34.86212405236541,35.175823954378714,34.92512205783467,35.83825166992454,35.03855069889243,35.39823810038991,34.638915948934255,35.02068817168885,35.41501266792096,36.38983760709576,34.564963067700255,33.35357145944368,32.71462902558401,32.625114655860436,30.475155782829646,31.44154740805919,31.91078949588758,31.873399487882686,30.82139352911377,29.802485198872564,29.804401638625894,28.82901226159951,27.40322354504304,27.439644931519275,25.149454915811187,23.407542176683577,24.361651272739664,23.541527704436096,21.453019830040116,21.53849109284376,22.064302189400625,20.890607059923152,20.58277164801785,20.70561261498069,20.417402746066834,19.722101629220184,20.29372902838285,19.616100866416424,18.95439932931896,19.554627779585392,18.494499250485024,19.116887484902016,18.493939018503113,19.582822875100756,19.407718862821238,19.245928975536085,18.229598349787388,18.964866251704716,18.40499555161795,18.746132067886883,18.662894006502373,16.377039155785663,15.445908337246333,16.259694412219247,14.482610719430964,14.88804983510558,15.338541801714639,14.465415332393702,15.4489493270276,13.675745765310824,12.39853498799941,11.593691551497631,9.068048630083373,8.718386590875163,5.952381583824806,5.9809730250347295,6.061846155992958,4.132684521078924,2.689376098584311,2.6920293327162867,1.5914946988378131,0.10986266672733694,-0.0,-0.0
15540,0.921029966740919,1.8482831830867714,2.7818443233998815,3.7217998020840946,4.668237821592216,5.621248422100644,6.580923532921199,7.547357025723541,8.52064476964525,9.500884688370483,10.48817681926222,8.863556929853948,9.791915659068348,10.732378183494268,11.684414652126897,12.647617274035968,13.62167226638566,14.606339607771606,15.601438137068174,16.606834397285255,17.622434156614865,17.3785911394018,18.392088866547063,19.416442879698714,19.243532848872555,20.269213140260433,21.306251054964907,21.18586314698808,22.22693445063321,22.154925714346817,23.201878768289017,24.261041721268395,25.332419456875616,26.416035075006405,25.289011543845092,25.32036931871579,26.394106846447123,27.481149752554376,28.58154553341682,29.695357472547773,30.82266380025989,30.875787720389717,32.016159109646715,33.17053240522368,33.25206079982238,32.33468929633563,32.48638184417308,31.70057230349942,31.905049509542934,33.05478543093676,32.36085519758383,31.727057043979013,31.999699405430036,31.4385120352675,30.9216030868902,31.242474467205476,31.573914520343457,31.915802809563253,32.268050615401435,32.630598201870974,33.00341251369962,33.38648523832751,32.24373357667,32.65096051920828,33.82614943485961,35.021976095802735,36.23873619368857,37.4767450881743,37.93109405944855,36.059574687415264,35.039576030089044,35.52862797447602,36.77328303521525,35.08034422261592,35.60025633146714,36.13147604027719,35.955196048019346,36.50793674377973,36.358985194147046,36.22681951336988,35.41904254997607,36.01072385308739,34.57211900349354,35.856021409064404,35.12890648475941,35.75996645967944,35.73328608395369,36.389116385285206,35.06380465086897,33.159327953905475,32.57227107506629,33.24644158066368,30.864040592398144,31.54309266407903,32.239141154628214,31.734983740046932,30.65744386950025,29.042872391204966,29.179890950450957,28.196051573575712,26.6974553729282,26.86382804022744,24.901895852481218,22.528900928930348,23.212941759637324,22.904092020289127,20.65644076044383,21.339871267704428,21.555748267608966,20.810991632503573,20.086121487870525,20.32433450850616,20.09666207589879,19.406779520870113,20.150099797993366,20.436099805101637,19.29055929953937,19.59280977753875,18.013361428587935,18.79895607166517,18.183895817028297,19.009808548729122,18.411884875427777,18.308160096305432,16.789441613853644,17.177920838427518,17.11059860622537,17.05876300252188,18.013375196256202,16.515997811138416,15.539278075720738,17.03464166617262,15.571254357237592,16.128649893841565,16.21759312770994,15.294901318327211,15.962366459917435,13.50981674384699,12.143672817284793,11.300654210294557,8.57259831391902,8.228886364183483,5.690206648239004,5.766814541666181,6.3676875050922375,4.251137519901474,3.086306871329486,2.7578252360357967,2.0041467346775477,0.20245735203263437,-0.0,-0.0
15645,0.6129232074931773,1.2299737359181668,1.8512075485531778,2.4766817546963806,3.1064546411726295,3.7405857049304396,4.379135686774813,5.022166606283732,5.6697417979585225,6.321925948660785,6.978785136391222,7.640386870468517,8.306800133169347,8.978095422893768,9.65434479892352,10.335621927844327,11.022002131706964,11.71356243800586,12.41038163155816,13.11254030837062,13.82012093158649,14.533207889609443,15.251887556507077,15.976248354802095,15.067521767033755,15.783430232186484,16.505878543892543,17.234920321226124,17.970616013163866,18.71303238986925,19.462242131564608,20.218323497587942,20.981360061947857,21.751440504539605,21.013675347889997,20.42966877405684,21.190415621657035,21.95914969551945,22.735951247893333,23.52090744235447,24.314112143941998,25.115665754714477,25.925675089568447,26.74425328804775,27.571519758606623,25.765889471520747,25.380610659862434,23.959754561019015,23.710115063510802,24.504837277809123,24.284593215213373,23.13838796377321,22.99629952918763,22.874525507446535,22.771276105665503,23.55558245588257,24.351520669146513,24.26425808820245,24.193298432273235,24.137514172476067,24.945565727188438,24.90467566061308,24.87742306120897,24.863067962097414,25.687339983493942,26.525103587593875,27.376569528191585,28.24196113906845,29.12151466786134,29.130789707403345,28.29939719950337,29.188240877290333,30.09235300873088,29.294611849566955,30.207031804341334,31.135645313038317,30.369163898426194,31.308020469064722,31.41187601281948,31.52726708129282,30.828692680404174,30.97096671088544,30.32173842159826,31.287959091903375,30.666047708186884,31.648246338335554,31.844741566550738,32.856492308650004,31.481590245659245,30.174360148242947,29.66707880602422,30.67108591885928,29.44599841648007,30.46055758198823,30.747354355773517,31.04581414708232,30.612414892738805,28.76076672593863,29.0874887939142,28.71802556473221,26.99224923709637,26.66840825583179,25.048204606250042,23.49947175844318,24.49251344823697,24.234204797935842,21.54392067369748,22.52221273938153,22.9166434270731,21.505726960263267,21.315905589387935,21.731345724638537,21.562153911535283,21.404417419857893,21.85746527631373,22.3297225840551,21.599964520694762,22.097336925326317,20.792886202455097,21.918214983903216,20.636183177900282,21.183091993339684,20.535215377600412,20.507349614026833,18.704753360608063,19.29080988496646,19.305606832163438,19.33905082240351,20.009784874280463,17.64939501249671,15.965909232109233,17.224420306983234,15.558999867162646,16.27280368081676,16.431527207281267,16.005912498208936,16.859626740795946,13.996189847078012,13.02652820604576,13.290528419467252,9.997181891659192,9.666537447358806,7.131162656576725,7.353571737960207,7.657181900350123,5.125190334321689,3.775985310838262,2.957159526297887,1.6381907434728156,0.11950534757914366,-0.0,-0.0
15750,0.30688424390902524,0.615828013086274,0.9268591378004213,1.2400060162655253,1.555297630200763,1.872763560926702,2.192434006020458,2.514339796553194,2.8385124149345615,3.164984013389906,3.4937874330973715,3.8249562240133685,4.158524665416352,4.494527787200356,4.833001391951363,5.17398207784131,5.517507262376328,5.863615207037766,6.212345042856565,6.563736796963746,6.917831420162049,7.274670815566229,7.634297868362096,7.9967564767371595,7.015770206933333,7.364410328134368,7.716569512794249,8.072255636349308,8.431481756087194,8.794265631688022,9.16062932859831,9.530598889512587,9.904204062299124,10.281478075067762,10.662457450914504,11.047181856317783,11.435693978299224,11.828039426367408,12.22426665598913,12.624426910918572,13.028574182191011,13.436765181977153,13.84905933081514,14.265518757003385,14.686208307159736,13.735947230849847,14.152060330242566,13.351186418742206,13.763587549976787,14.180838954709841,13.471889470737997,13.886469360384185,13.250996577283145,13.663623775132661,14.081659397546584,14.505178109169222,14.934258984650556,14.336124016671413,13.790935508466582,14.213466989512323,14.642040579517104,14.129816029826324,14.55905780409715,14.079817289324327,14.510320015324535,14.947453330592023,15.39132884179108,15.84206418479141,16.29978320582523,16.764616161610945,16.29133135966394,16.759376144739086,17.234973572266245,17.718278068663096,18.209451790443705,18.708664951896846,17.322167579128234,17.815125934754125,18.316653210330774,18.8269477814431,18.41384459883361,18.023679119126456,17.654422369561107,18.167224988832256,17.8153127414205,18.336300731982544,18.000765618069615,18.530804121761044,17.378520737539525,17.90666323247113,17.617084116684374,18.156061303460806,18.70689137283099,19.269935264372705,18.99423589697066,18.732080551809045,19.309220080650686,18.24563999492814,18.825209969611336,18.601312081527087,17.602166329564906,16.65111643822276,16.474831626340467,16.307629389259677,16.887250985169484,16.732007527151584,15.149360467675212,15.725298857688571,16.319397423083235,16.199150186340333,16.087421510818626,15.984185135842267,15.182285545941777,14.409624690261227,15.021687283447667,15.656841496269122,14.894277987113488,15.546051052976523,14.801445229664541,15.472695327400384,14.745310381187618,15.439439749747097,15.438965083554102,14.736827596294429,13.371331739042875,13.39450956212807,13.429587501699096,12.794374973767237,13.539310599765184,12.23926498240264,11.645167062411657,12.410722251828744,11.159276452288594,11.954469296468487,12.098389274881463,11.557043485632741,11.739826277186488,10.522717643085102,10.029815728503191,10.26204895692628,7.734639335582384,7.9586678008586755,5.5694165376936455,5.773382985345552,5.365008884456432,3.6933323282818247,2.6901154330367874,2.2758032064792917,1.2748927529121226,0.2924174417140128,-0.0,-0.0
15855,0.0028855056380975926,0.0057903112311939895,0.008714676697600413,0.011658867241841063,0.014623153498979963,0.017607811683907282,0.02061312374579104,0.02363937752791019,0.026686866933095642,0.029755892095017004,0.03284675955556467,0.03595978244858941,0.039095280690274924,0.0422535811764327,0.04543501798702328,0.04863993259822459,0.051868674102383064,0.0551215994362024,0.05839907361754294,0.06170146999122426,0.06502917048424524,0.06838256587085768,0.07176205604795349,0.07516805032125119,0.07860096770279326,0.08206123722029576,0.08554929823892084,0.08906560079607607,0.09261060594987831,0.09618478614195708,0.09978862557531124,0.10342262060797498,0.10708728016329337,0.11078312615765563,0.11451069394658513,0.11827053279014003,0.12206320633863595,0.1258892931397651,0.1297493871682532,0.13364409837926639,0.13757405328685854,0.1415398955688299,0.14554228669945854,0.14958190661165963,0.1536594543902306,0.15777564899794988,0.16193123003641588,0.1661269585436394,0.17036361783054155,0.17464201435865623,0.1789629786614976,0.1833273663122251,0.18773605894042647,0.1921899653010407,0.19669002239866354,0.20123719667071388,0.20583248523319908,0.2104769171930954,0.2151715550316649,0.2199174960633598,0.22471587397532544,0.22956786045290556,0.23447466689697918,0.23943754623942723,0.24445779486353425,0.24953675463668942,0.2546758150633604,0.2598764155669821,0.26514004791013507,0.27046825876319563,0.2758626524325217,0.2813248937602156,0.2868567112085769,0.2924599001435446,0.2981363263327335,0.3038879296751195,0.30971672818102935,0.31562482222286675,0.3216143990789809,0.32768773779527516,0.3338472143915983,0.3400953074426821,0.34643460406643134,0.35286780635577647,0.3593977382941064,0.36602735319858004,0.3727597417404208,0.3795981405967098,0.38654594179430346,0.39360670281339716,0.40078415752607327,0.4080822280540317,0.4155050376397788,0.42305692463702754,0.43074245773916253,0.4385664525796174,0.44653398985520143,0.45465043514317593,0.46292146060565675,0.47135306880122874,0.4799516188541431,0.48872385526687234,0.4976769397030495,-0.0,-0.0,-0.0,-0.0,-0.0,-0.0,-0.0,-0.0,-0.0,-0.0,-0.0,-0.0,-0.0,-0.0,-0.0,-0.0,-0.0,-0.0,-0.0,-0.0,-0.0,-0.0,-0.0,-0.0,-0.0,-0.0,-0.0,-0.0,-0.0,-0.0,-0.0,-0.0,-0.0,-0.0,-0.0,-0.0,-0.0,-0.0,-0.0,-0.0,-0.0,-0.0,-0.0,-0.0,-0.0,-0.0,-0.0,-0.0,-0.0
15856,-0.0,-0.0,-0.0,-0.0,-0.0,-0.0,-0.0,-0.0,-0.0,-0.0,-0.0,-0.0,-0.0,-0.0,-0.0,-0.0,-0.0,-0.0,-0.0,-0.0,-0.0,-0.0,-0.0,-0.0,-0.0,-0.0,-0.0,-0.0,-0.0,-0.0,-0.0,-0.0,-0.0,-0.0,-0.0,-0.0,-0.0,-0.0,-0.0,-0.0,-0.0,-0.0,-0.0,-0.0,-0.0,-0.0,-0.0,-0.0,-0.0,-0.0,-0.0,-0.0,-0.0,-0.0,-0.0,-0.0,-0.0,-0.0,-0.0,-0.0,-0.0,-0.0,-0.0,-0.0,-0.0,-0.0,-0.0,-0.0,-0.0,-0.0,-0.0,-0.0,-0.0,-0.0,-0.0,-0.0,-0.0,-0.0,-0.0,-0.0,-0.0,-0.0,-0.0,-0.0,-0.0,-0.0,-0.0,-0.0,-0.0,-0.0,-0.0,-0.0,-0.0,-0.0,-0.0,-0.0,-0.0,-0.0,-0.0,-0.0,-0.0,-0.0,-0.0,-0.0,-0.0,-0.0,-0.0,-0.0,-0.0,-0.0,-0.0,-0.0,-0.0,-0.0,-0.0,-0.0,-0.0,-0.0,-0.0,-0.0,-0.0,-0.0,-0.0,-0.0,-0.0,-0.0,-0.0,-0.0,-0.0,-0.0,-0.0,-0.0,-0.0,-0.0,-0.0,-0.0,-0.0,-0.0,-0.0,-0.0,-0.0,-0.0,-0.0,-0.0,-0.0,-0.0,-0.0,-0.0,-0.0,-0.0,-0.0,-0.0
