cohort	gsm	stage	gene	ensembl_id	raw	cpm	norm	lib_size	size_factor
GSE135251	GSM3998167	2	LOX	ENSG00000113083	11	0.472342682726948	11.0519778844775	23288177	0.995296960867928
GSE135251	GSM3998168	3	LOX	ENSG00000113083	22	1.10304550864938	24.4152305395361	19944780	0.901076889869006
GSE135251	GSM3998169	2	LOX	ENSG00000113083	32	1.30478406007291	29.2239653923845	24525131	1.09499171554381
GSE135251	GSM3998170	3	LOX	ENSG00000113083	28	0.998335738668791	22.7930933343853	28046677	1.22844230000847
GSE135251	GSM3998171	0	LOX	ENSG00000113083	19	0.668301801857731	15.481621216007	28430269	1.22726165011422
GSE135251	GSM3998172	1	LOX	ENSG00000113083	18	0.721942487334121	18.7574245863475	24932734	0.959620011646014
GSE135251	GSM3998173	3	LOX	ENSG00000113083	12	0.484789350341467	10.4298874077966	24753019	1.15053974513951
GSE135251	GSM3998174	2	LOX	ENSG00000113083	18	0.73261871262042	18.9775413060541	24569397	0.948489570366934
GSE135251	GSM3998175	0	LOX	ENSG00000113083	8	0.426741409001982	10.8867357037536	18746716	0.734839185748
GSE135251	GSM3998176	2	LOX	ENSG00000113083	15	0.623559421845681	15.717725386511	24055446	0.954336561502283
GSE135251	GSM3998177	1	LOX	ENSG00000113083	13	0.487436310353098	12.0330684717638	26670151	1.08035618932155
GSE135251	GSM3998178	2	LOX	ENSG00000113083	9	0.361010526224587	9.15546185075244	24930021	0.983019769697401
GSE135251	GSM3998179	3	LOX	ENSG00000113083	16	0.727614739273583	17.6616256293384	21989659	0.905918873822226
GSE135251	GSM3998180	2	LOX	ENSG00000113083	5	0.214061393235703	5.07545725073841	23357785	0.985132915713666
GSE135251	GSM3998181	1	LOX	ENSG00000113083	12	0.523976235581811	13.9417045026151	22901802	0.860726893024389
GSE135251	GSM3998182	2	LOX	ENSG00000113083	12	0.463625901496418	13.0690695182534	25882937	0.91819849785325
GSE135251	GSM3998183	1	LOX	ENSG00000113083	14	0.639013975874666	15.7520990590938	21908754	0.888770439258868
GSE135251	GSM3998184	2	LOX	ENSG00000113083	41	1.54847339218514	37.482907458069	26477691	1.09383190313786
GSE135251	GSM3998185	3	LOX	ENSG00000113083	18	0.646633133948796	16.3218836089811	27836495	1.10281389276024
GSE135251	GSM3998186	2	LOX	ENSG00000113083	9	0.35083681597346	8.32178622403365	25652952	1.08149858187989
GSE135251	GSM3998187	2	LOX	ENSG00000113083	30	1.31771773396825	27.8425277871579	22766636	1.07748837423581
GSE135251	GSM3998188	3	LOX	ENSG00000113083	37	1.35522234748465	30.3774928625595	27301793	1.21800703459642
GSE135251	GSM3998189	0	LOX	ENSG00000113083	41	1.61223911267707	39.79451331816	25430471	1.03029278614874
GSE135251	GSM3998190	3	LOX	ENSG00000113083	27	1.25067101974295	29.9286005768566	21588411	0.902147092733722
GSE135251	GSM3998191	4	LOX	ENSG00000113083	45	1.81316459029773	38.9664373906968	24818486	1.15483998572432
GSE135251	GSM3998192	1	LOX	ENSG00000113083	14	0.654887853729488	15.1586372176663	21377706	0.923565871982476
GSE135251	GSM3998193	3	LOX	ENSG00000113083	10	0.502103840195612	11.778349530567	19916199	0.849015388280688
GSE135251	GSM3998194	1	LOX	ENSG00000113083	3	0.149615756813352	3.21961016576017	20051364	0.931789827198437
GSE135251	GSM3998195	3	LOX	ENSG00000113083	23	0.964329372650915	21.0021524741317	23850772	1.09512584618786
GSE135251	GSM3998196	1	LOX	ENSG00000113083	17	0.888510998773123	19.8548261876861	19133134	0.856214999783949
GSE135251	GSM3998197	1	LOX	ENSG00000113083	16	0.540008832519467	12.5521263852799	29629145	1.27468442468548
GSE135251	GSM3998198	1	LOX	ENSG00000113083	12	0.3720238671912	8.7099135143345	32255995	1.37774043109048
GSE135251	GSM3998199	2	LOX	ENSG00000113083	12	0.494411501989182	10.0727008636403	24271280	1.191338863573
GSE135251	GSM3998200	3	LOX	ENSG00000113083	11	0.397957090891699	9.94747993310871	27641171	1.10580770948712
GSE135251	GSM3998201	4	LOX	ENSG00000113083	47	2.05639969304516	45.8023965204968	22855479	1.02614717941598
GSE135251	GSM3998202	0	LOX	ENSG00000113083	12	0.505802545729503	11.8509635045302	23724673	1.01257589692288
GSE135251	GSM3998203	3	LOX	ENSG00000113083	5	0.213852848624732	5.27333263769635	23380563	0.948167002448805
GSE135251	GSM3998204	1	LOX	ENSG00000113083	15	0.734624708886593	18.5799316712645	20418589	0.807322667563889
GSE135251	GSM3998205	1	LOX	ENSG00000113083	12	0.560600099983028	13.9455928494069	21405633	0.860486902893506
GSE135251	GSM3998206	0	LOX	ENSG00000113083	6	0.284879588519922	5.81307475020301	21061530	1.03215600311874
GSE135251	GSM3998207	3	LOX	ENSG00000113083	26	1.24309300472839	26.4835577129117	20915571	0.981741210219806
GSE135251	GSM3998208	4	LOX	ENSG00000113083	9	0.37735347500832	10.1446770876635	23850317	0.887164758644169
GSE135251	GSM3998209	3	LOX	ENSG00000113083	20	0.923290188906096	19.906772946993	21661662	1.00468318261605
GSE135251	GSM3998210	3	LOX	ENSG00000113083	10	0.525515567557864	11.5529962085839	19028932	0.865576324916473
GSE135251	GSM3998211	2	LOX	ENSG00000113083	11	0.549615736158065	12.0950061320966	20013983	0.909466260691608
GSE135251	GSM3998212	1	LOX	ENSG00000113083	10	0.465210251540579	10.5935383975928	21495657	0.943971657503246
GSE135251	GSM3998213	0	LOX	ENSG00000113083	30	0.982764762969424	23.4494555118101	30526125	1.27934740253951
GSE135251	GSM3998214	4	LOX	ENSG00000113083	28	1.37607933765763	29.8499945125915	20347664	0.938023623025755
GSE135251	GSM3998215	2	LOX	ENSG00000113083	20	0.864509565452538	19.6236139196759	23134504	1.01918026322087
GSE135251	GSM3998216	control	LOX	ENSG00000113083	41	1.64146017731533	43.5885092097352	24977761	0.940614871747964
GSE135251	GSM3998217	control	LOX	ENSG00000113083	18	0.914355054328691	23.5176608975939	19686007	0.765382240962644
GSE135251	GSM3998218	control	LOX	ENSG00000113083	29	1.26503389178473	29.2082353529606	22924287	0.992870663001574
GSE135251	GSM3998219	0	LOX	ENSG00000113083	30	1.00204791873311	26.8448940105255	29938688	1.11753095349296
GSE135251	GSM3998220	control	LOX	ENSG00000113083	18	0.78149760991981	20.4756751895056	23032700	0.87909188993316
GSE135251	GSM3998221	control	LOX	ENSG00000113083	17	0.800805553859732	20.7485259705912	21228624	0.819335312016655
GSE135251	GSM3998222	control	LOX	ENSG00000113083	2	0.0913297849580849	2.26065875346704	21898661	0.884697877082385
GSE135251	GSM3998223	control	LOX	ENSG00000113083	27	1.28695141372328	30.8260723948415	20979813	0.875881937022837
GSE135251	GSM3998225	3	LOX	ENSG00000113083	40	1.32985368251612	25.4786340106289	30078497	1.56994287775841
GSE135251	GSM3998226	4	LOX	ENSG00000113083	60	1.95542032737647	43.7197083714435	30683940	1.37237877915925
GSE135251	GSM3998227	4	LOX	ENSG00000113083	18	0.822981257836325	17.1306517673582	21871701	1.05074811189019
GSE135251	GSM3998228	1	LOX	ENSG00000113083	34	1.15978244255163	27.7443694371418	29315843	1.22547387775495
GSE135251	GSM3998229	3	LOX	ENSG00000113083	10	0.416573701302326	10.9039781824066	24005356	0.917096479167106
GSE135251	GSM3998230	4	LOX	ENSG00000113083	7	0.361787675599463	9.54569698963487	19348365	0.733314707936036
GSE135251	GSM3998231	1	LOX	ENSG00000113083	11	0.453446110052772	12.3323598897415	24258671	0.891962292565775
GSE135251	GSM3998232	1	LOX	ENSG00000113083	3	0.136486989582449	2.97593224767606	21980117	1.0080874664881
GSE135251	GSM3998233	3	LOX	ENSG00000113083	37	1.59830479473727	32.7872082769615	23149527	1.12848888162274
GSE135251	GSM3998234	1	LOX	ENSG00000113083	15	0.683407134469785	16.0045375693764	21948849	0.937234202174106
GSE135251	GSM3998235	2	LOX	ENSG00000113083	15	0.453792640058182	12.6259185760949	33054745	1.18803237242477
GSE135251	GSM3998236	1	LOX	ENSG00000113083	12	0.495672039586352	11.604481250991	24209556	1.03408327700777
GSE135251	GSM3998237	2	LOX	ENSG00000113083	10	0.371212362500157	10.9889699971939	26938758	0.910003394545034
GSE135251	GSM3998238	2	LOX	ENSG00000113083	8	0.324984825239816	8.19117075087053	24616534	0.976661364207282
GSE135251	GSM3998239	3	LOX	ENSG00000113083	15	0.552344917749214	15.5586477065611	27156944	0.96409407057109
GSE135251	GSM3998240	2	LOX	ENSG00000113083	9	0.387776174730221	9.35292248179898	23209265	0.96226607432214
GSE135251	GSM3998241	3	LOX	ENSG00000113083	10	0.395087544683414	9.64937707489586	25310846	1.0363363274523
GSE135251	GSM3998242	4	LOX	ENSG00000113083	38	2.14662184143661	49.837856022618	17702233	0.762472606822299
GSE135251	GSM3998243	2	LOX	ENSG00000113083	5	0.222744563172741	5.3893956982327	22447237	0.927747799561203
GSE135251	GSM3998244	0	LOX	ENSG00000113083	6	0.252368021724512	6.2210554472264	23774803	0.964466568558724
GSE135251	GSM3998245	2	LOX	ENSG00000113083	8	0.318272797184241	6.95419196232868	25135670	1.15038527025664
GSE135251	GSM3998246	2	LOX	ENSG00000113083	4	0.168563199316038	3.63048239571268	23729972	1.10178195732988
GSE135251	GSM3998247	0	LOX	ENSG00000113083	30	0.917077290570957	22.5185735271444	32712619	1.33223358770205
GSE135251	GSM3998248	2	LOX	ENSG00000113083	32	1.17398325437623	25.2627173663098	27257629	1.26668875465768
GSE135251	GSM3998249	0	LOX	ENSG00000113083	8	0.254915552531691	6.15528144070175	31382942	1.29969686635286
GSE135251	GSM3998250	4	LOX	ENSG00000113083	12	0.394707290993608	9.47073705589284	30402276	1.26706083477773
GSE135251	GSM3998251	3	LOX	ENSG00000113083	15	0.540448245613119	14.0156595796881	27754739	1.07023147321147
GSE135251	GSM3998252	2	LOX	ENSG00000113083	11	0.442046587289834	11.6115501954045	24884255	0.947332596844257
GSE135251	GSM3998253	3	LOX	ENSG00000113083	8	0.347533675144287	9.0084765714686	23019352	0.888052484405342
GSE135251	GSM3998254	0	LOX	ENSG00000113083	14	0.477398684575665	11.5396481070594	29325594	1.21320857188318
GSE135251	GSM3998255	1	LOX	ENSG00000113083	14	0.485866406519911	13.3230995081199	28814505	1.05080653277922
GSE135251	GSM3998256	2	LOX	ENSG00000113083	7	0.324550818190294	7.79355353699579	21568271	0.898178214439817
GSE135251	GSM3998257	2	LOX	ENSG00000113083	19	0.707869331196114	15.6290417315335	26841112	1.21568553762738
GSE135251	GSM3998258	4	LOX	ENSG00000113083	38	1.3894821612064	29.3890066821787	27348318	1.29300048861614
GSE135251	GSM3998259	2	LOX	ENSG00000113083	0	0	0	21534866	0.517110348494805
GSE135251	GSM3998260	2	LOX	ENSG00000113083	6	0.218801878837147	6.57520922728883	27422068	0.912518490681398
GSE135251	GSM3998261	3	LOX	ENSG00000113083	11	0.383528162734486	10.5435908382274	28681075	1.04328782942883
GSE135251	GSM3998262	3	LOX	ENSG00000113083	13	0.471577498193586	12.182679569317	27567049	1.06708872428537
GSE135251	GSM3998263	2	LOX	ENSG00000113083	19	0.636613356329148	16.3908866460023	29845431	1.15918073319323
GSE135251	GSM3998264	2	LOX	ENSG00000113083	22	0.705733846915101	18.2662609109789	31173225	1.20440631540399
GSE135251	GSM3998265	3	LOX	ENSG00000113083	14	0.487551317388037	14.4813285328808	28714926	0.966762128779284
GSE135251	GSM3998266	0	LOX	ENSG00000113083	10	0.381813155074444	11.5034663182725	26190821	0.8693031929094
GSE135251	GSM3998267	0	LOX	ENSG00000113083	13	0.430685179370935	11.7086441659071	30184461	1.11029080872173
GSE135251	GSM3998268	3	LOX	ENSG00000113083	5	0.310145587921591	7.33895318318452	16121461	0.681296075229955
GSE135251	GSM3998269	2	LOX	ENSG00000113083	22	0.858687881981937	20.2408955027315	25620485	1.08690843233844
GSE135251	GSM3998270	0	LOX	ENSG00000113083	13	0.420037928778757	11.3480493637162	30949586	1.14557132977987
GSE135251	GSM3998271	1	LOX	ENSG00000113083	6	0.190461920948145	4.57677451147039	31502360	1.31096692331307
GSE135251	GSM3998272	0	LOX	ENSG00000113083	8	0.337098882352869	8.37903943377425	23731909	0.954763378693933
GSE135251	GSM3998273	1	LOX	ENSG00000113083	4	0.1994667654958	6.22259051557233	20053466	0.642819094393213
GSE135251	GSM3998274	3	LOX	ENSG00000113083	8	0.285174643625268	8.20122424999439	28052985	0.975464120494629
GSE135251	GSM3998275	4	LOX	ENSG00000113083	18	0.71447354711308	21.0465798560088	25193375	0.855245846268033
GSE135251	GSM3998276	0	LOX	ENSG00000113083	15	0.623443443559104	15.4150470875644	24059921	0.973075198200384
GSE135251	GSM3998277	2	LOX	ENSG00000113083	3	0.173662848167961	4.33447911516384	17274852	0.692124686794482
GSE135251	GSM3998278	2	LOX	ENSG00000113083	1	0.0538944826870711	1.38011747318588	18554775	0.724576001267188
GSE135251	GSM3998279	1	LOX	ENSG00000113083	7	0.285296320781966	7.61732043727837	24535893	0.918958321057722
GSE135251	GSM3998280	3	LOX	ENSG00000113083	0	0	0	14968247	0.50400899752195
GSE135251	GSM3998281	0	LOX	ENSG00000113083	19	0.794658921725636	17.5102940914463	23909629	1.08507600733453
GSE135251	GSM3998282	3	LOX	ENSG00000113083	19	0.703647542205428	17.5866487027919	27002155	1.08036501559184
GSE135251	GSM3998283	1	LOX	ENSG00000113083	0	0	0	17872324	0.742311935098547
GSE135251	GSM3998284	2	LOX	ENSG00000113083	5	0.235667337077396	6.13951347782488	21216347	0.814396778842386
GSE135251	GSM3998285	4	LOX	ENSG00000113083	14	0.540083450608597	13.9694930867592	25921920	1.00218382392628
GSE135251	GSM3998286	0	LOX	ENSG00000113083	14	0.455598582502639	11.6830734042844	30728805	1.19831481970026
GSE135251	GSM3998287	2	LOX	ENSG00000113083	11	0.390915312923977	9.71844452881893	28139087	1.13186837331641
GSE135251	GSM3998288	0	LOX	ENSG00000113083	16	0.656771743577922	18.0683971978154	24361584	0.885524035409988
GSE135251	GSM3998289	0	LOX	ENSG00000113083	9	0.359670067453723	9.27320511417165	25022933	0.970538221595667
GSE135251	GSM3998290	0	LOX	ENSG00000113083	27	0.713994072262547	16.6880785110598	37815440	1.61792143907438
GSE135251	GSM3998291	1	LOX	ENSG00000113083	13	0.485983088835241	11.2500057858273	26749902	1.15555496125854
GSE135251	GSM3998292	1	LOX	ENSG00000113083	2	0.0938472521477648	2.33991737466724	21311226	0.854731035229149
GSE135251	GSM3998293	0	LOX	ENSG00000113083	8	0.393079675088202	9.95677227481852	20352108	0.803473232006385
GSE135251	GSM3998294	1	LOX	ENSG00000113083	17	0.595847629003115	18.161590632734	28530784	0.93604136024075
GSE135251	GSM3998295	1	LOX	ENSG00000113083	4	0.150293973132773	4.31545093991508	26614507	0.926901975180074
GSE135251	GSM3998296	1	LOX	ENSG00000113083	9	0.333478655920947	8.78950688469478	26988234	1.02394822804812
GSE135251	GSM3998297	2	LOX	ENSG00000113083	6	0.23212703105349	6.17686598475992	25847916	0.97136638787432
GSE135251	GSM3998298	3	LOX	ENSG00000113083	14	0.498717068153499	12.489019401012	28072029	1.12098472670044
GSE135251	GSM3998299	2	LOX	ENSG00000113083	3	0.107723432582762	2.98535511334417	27849094	1.0049055760872
GSE135251	GSM3998300	1	LOX	ENSG00000113083	11	0.372325455095942	9.82258241659027	29544045	1.11986843515012
GSE135251	GSM3998301	3	LOX	ENSG00000113083	43	1.47721970898291	36.7677971591621	29108737	1.16950166510818
GSE135251	GSM3998302	1	LOX	ENSG00000113083	5	0.185154127294722	4.82416199442449	27004529	1.03644944049946
GSE135251	GSM3998303	0	LOX	ENSG00000113083	1	0.0414777476239161	0.998610279853386	24109313	1.00139165415643
GSE135251	GSM3998304	0	LOX	ENSG00000113083	3	0.100903598451036	3.05166494460732	29731348	0.983069915752508
GSE135251	GSM3998305	0	LOX	ENSG00000113083	4	0.136737556087609	3.19623156566306	29253119	1.25147378023914
GSE135251	GSM3998306	1	LOX	ENSG00000113083	7	0.264901153459092	7.45871496174721	26424951	0.938499464840823
GSE135251	GSM3998307	0	LOX	ENSG00000113083	7	0.2521919170401	5.68922688307765	27756639	1.2303956484529
GSE135251	GSM3998308	3	LOX	ENSG00000113083	22	0.744391315957977	17.6414568888422	29554348	1.24706253789699
GSE135251	GSM3998309	3	LOX	ENSG00000113083	28	0.992389576988981	26.2471476192339	28214726	1.06678258552871
GSE135251	GSM3998310	1	LOX	ENSG00000113083	7	0.312465335876801	8.4548389408615	22402485	0.827928249013663
GSE135251	GSM3998311	1	LOX	ENSG00000113083	21	0.583432776208745	16.0315941892888	35993864	1.30991339676192
GSE135251	GSM3998312	2	LOX	ENSG00000113083	5	0.178069108336035	4.53950070317213	28078986	1.1014427195718
GSE135251	GSM3998313	2	LOX	ENSG00000113083	29	1.23563910407473	25.3180455523038	23469636	1.14542806790081
GSE135251	GSM3998314	3	LOX	ENSG00000113083	31	1.0736388450015	25.0643285512268	28873769	1.23681749290198
GSE135251	GSM3998315	1	LOX	ENSG00000113083	25	0.847898534356509	22.7876309428025	29484660	1.0970864001945
GSE135251	GSM3998316	1	LOX	ENSG00000113083	10	0.344609864071396	8.53559045725523	29018322	1.17156511316684
GSE135251	GSM3998317	1	LOX	ENSG00000113083	16	0.537525133499406	13.3958974070816	29766050	1.19439553124241
GSE135251	GSM3998318	2	LOX	ENSG00000113083	18	0.576800285016247	13.8272149810984	31206642	1.30178058449266
GSE135251	GSM3998319	3	LOX	ENSG00000113083	9	0.383096831342259	10.5059664033693	23492755	0.856656080407192
GSE135251	GSM3998320	1	LOX	ENSG00000113083	15	0.546400772508698	12.3108026232942	27452377	1.2184420836719
GSE135251	GSM3998321	0	LOX	ENSG00000113083	15	0.525964906289008	13.3415280518249	28519013	1.12430899532144
GSE135251	GSM3998322	3	LOX	ENSG00000113083	12	0.415632607375567	10.8571644017941	28871652	1.10526096464166
GSE135251	GSM3998323	0	LOX	ENSG00000113083	6	0.222068912424904	5.9357946937525	27018640	1.01081663190189
GSE135251	GSM3998324	3	LOX	ENSG00000113083	47	1.84363286679615	38.915997646624	25493145	1.20772954163433
GSE135251	GSM3998325	0	LOX	ENSG00000113083	10	0.346653926441562	8.52508361909056	28847214	1.17300902217623
GSE135251	GSM3998326	0	LOX	ENSG00000113083	10	0.395570637345389	9.82512439604814	25279935	1.01779881830526
GSE135251	GSM3998327	3	LOX	ENSG00000113083	74	2.87660917128311	56.0740361850179	25724732	1.31968385075465
GSE135251	GSM3998328	3	LOX	ENSG00000113083	26	0.886230923282875	20.5223127275731	29337726	1.26691374140631
GSE135251	GSM3998329	3	LOX	ENSG00000113083	21	0.842529070061347	18.0025282951341	24924956	1.16650281869998
GSE135251	GSM3998330	3	LOX	ENSG00000113083	6	0.265405354261076	7.63562131526544	22606929	0.785790671415902
GSE135251	GSM3998331	1	LOX	ENSG00000113083	6	0.217852741713063	5.52275216154986	27541540	1.08641485702958
GSE135251	GSM3998332	4	LOX	ENSG00000113083	35	1.36412083912451	26.5163901031206	25657551	1.31993834243225
GSE135251	GSM3998333	3	LOX	ENSG00000113083	11	0.451713620791836	11.891757065492	24351712	0.925010487467848
GSE135251	GSM3998334	3	LOX	ENSG00000113083	33	1.16111481377724	24.9663239070942	28420962	1.32178049611153
GSE135251	GSM3998335	2	LOX	ENSG00000113083	17	0.811775016267733	18.80487368536	20941763	0.904020962035753
GSE135251	GSM3998336	0	LOX	ENSG00000113083	11	0.503589425189754	12.9826930596944	21843191	0.847281835087836
GSE135251	GSM3998337	2	LOX	ENSG00000113083	8	0.272024478938811	6.61862867045991	29409118	1.20870959806302
GSE135251	GSM3998338	3	LOX	ENSG00000113083	12	0.54509139070393	13.9589014255128	22014657	0.859666504848835
GSE135251	GSM3998339	0	LOX	ENSG00000113083	7	0.230693195812945	5.46427949896716	30343331	1.28104720875334
GSE135251	GSM3998340	3	LOX	ENSG00000113083	11	0.422031227088021	8.97204384850233	26064422	1.2260305662501
GSE135251	GSM3998342	control	LOX	ENSG00000113083	25	1.01222705499907	25.1648186468334	24698016	0.993450433752514
GSE135251	GSM3998343	2	LOX	ENSG00000113083	20	1.14685363286245	27.5317696769913	17439017	0.726433506986451
GSE135251	GSM3998344	1	LOX	ENSG00000113083	3	0.142425194371223	3.32587377395558	21063689	0.902018598388355
GSE135251	GSM3998345	0	LOX	ENSG00000113083	3	0.159214440197783	3.96952164451613	18842512	0.755758569585956
GSE135251	GSM3998346	0	LOX	ENSG00000113083	0	0	0	24974570	1.07227609998791
GSE135251	GSM3998347	2	LOX	ENSG00000113083	6	0.257813389254776	6.25290292663271	23272647	0.959554317474604
GSE135251	GSM3998348	2	LOX	ENSG00000113083	10	0.429798866594601	9.52591314172985	23266697	1.04976812734029
GSE135251	GSM3998349	0	LOX	ENSG00000113083	10	0.414555078554664	9.5360470367591	24122247	1.04865254559384
GSE135251	GSM3998350	2	LOX	ENSG00000113083	14	0.620054978503358	13.8267920182964	22578643	1.01252698250429
GSE135251	GSM3998351	1	LOX	ENSG00000113083	4	0.193874909969339	4.20232654828667	20631860	0.951853682487108
GSE135251	GSM3998352	1	LOX	ENSG00000113083	3	0.11845686713017	2.76414600015351	25325674	1.08532617301452
GSE135251	GSM3998353	0	LOX	ENSG00000113083	0	0	0	20523230	0.86460593673158
GSE135251	GSM3998354	3	LOX	ENSG00000113083	13	0.574873110027264	12.5952430491675	22613686	1.03213569990293
GSE135251	GSM3998355	2	LOX	ENSG00000113083	6	0.299838177335692	5.77441163297397	20010794	1.03906690090084
GSE135251	GSM3998356	2	LOX	ENSG00000113083	5	0.24078206786144	5.43110727727343	20765666	0.920622581130479
GSE135251	GSM3998357	1	LOX	ENSG00000113083	9	0.388443344372893	9.84671264202402	23169402	0.914010627423979
GSE135251	GSM3998358	1	LOX	ENSG00000113083	5	0.213037013050647	4.73588894143052	23470100	1.05576800086231
GSE135251	GSM3998359	4	LOX	ENSG00000113083	27	1.1803019151098	22.1750996376568	22875503	1.21758190227699
GSE135251	GSM3998360	2	LOX	ENSG00000113083	0	0	0	18462360	0.83763848511517
GSE135251	GSM3998361	0	LOX	ENSG00000113083	5	0.260702420960892	6.27404801771817	19178955	0.796933652066385
GSE135251	GSM3998362	2	LOX	ENSG00000113083	12	0.816757300636179	16.0576154451947	14692247	0.747308966325446
GSE135251	GSM3998363	1	LOX	ENSG00000113083	10	0.469291599168847	10.8206691596138	21308713	0.924157263519631
GSE135251	GSM3998364	3	LOX	ENSG00000113083	20	0.871128552266232	19.9987289336657	22958724	1.00006355735599
GSE135251	GSM3998365	3	LOX	ENSG00000113083	2	0.0890949159322647	1.98157030691492	22447970	1.00930054968061
GSE135251	GSM3998366	0	LOX	ENSG00000113083	6	0.254663428536285	6.47139141830132	23560509	0.92715764078677
GSE135251	GSM3998367	1	LOX	ENSG00000113083	6	0.275624752885182	5.5691673018176	21768727	1.07736034398568
GSE135251	GSM3998368	2	LOX	ENSG00000113083	8	0.303206231555112	7.33516604623579	26384682	1.09063652405052
GSE135251	GSM3998369	3	LOX	ENSG00000113083	1	0.0532303446819186	1.46518650308405	18786277	0.682506969518976
GSE135251	GSM3998370	2	LOX	ENSG00000113083	20	0.879570445940457	15.7011459714471	22738372	1.27379237390509
GSE135251	GSM3998371	2	LOX	ENSG00000113083	36	1.58515875739229	34.1346252037722	22710659	1.05464758394422
GSE135251	GSM3998372	3	LOX	ENSG00000113083	30	1.26663706676579	26.8937812397347	23684764	1.11549951762365
GSE135251	GSM3998373	3	LOX	ENSG00000113083	2	0.0935284223990471	1.92293129389834	21383874	1.04007876222422
GSE135251	GSM3998374	3	LOX	ENSG00000113083	12	0.7261005369695	12.9311851530312	16526637	0.927989187223657
GSE135251	GSM3998375	1	LOX	ENSG00000113083	11	0.526652040422363	10.5358926500873	20886656	1.04405012136384
GSE135251	GSM3998376	2	LOX	ENSG00000113083	18	0.97548815052866	17.6748638543109	18452300	1.01839539746213
GSE135251	GSM3998377	1	LOX	ENSG00000113083	19	0.782905561975381	15.6731374893351	24268572	1.21226525403281
GSE135251	GSM3998378	3	LOX	ENSG00000113083	60	2.91717342425839	55.5570828911538	20567855	1.07997030941223
GSE135251	GSM3998379	3	LOX	ENSG00000113083	35	1.35292738115896	28.0792724601068	25869829	1.24647104193051
GSE135251	GSM3998380	1	LOX	ENSG00000113083	17	0.805084801950086	16.1002565660402	21115788	1.05588379478732
GSE135251	GSM3998381	2	LOX	ENSG00000113083	10	0.47020286808703	9.9047455719827	21267416	1.00961704945625
GSE135251	GSM3998382	3	LOX	ENSG00000113083	60	2.87159023785669	48.928229142084	20894346	1.22628595091321
GSE135251	GSM3998167	2	LOXL1	ENSG00000129038	4	0.171760975537072	4.01890104890091	23288177	0.995296960867928
GSE135251	GSM3998168	3	LOXL1	ENSG00000129038	40	2.00553728845342	44.3913282537021	19944780	0.901076889869006
GSE135251	GSM3998169	2	LOXL1	ENSG00000129038	14	0.570843026281898	12.7854848591682	24525131	1.09499171554381
GSE135251	GSM3998170	3	LOXL1	ENSG00000129038	30	1.06964543428799	24.4211714296986	28046677	1.22844230000847
GSE135251	GSM3998171	0	LOXL1	ENSG00000129038	17	0.597954243767444	13.8519768774799	28430269	1.22726165011422
GSE135251	GSM3998172	1	LOXL1	ENSG00000129038	15	0.601618739445101	15.6311871552896	24932734	0.959620011646014
GSE135251	GSM3998173	3	LOXL1	ENSG00000129038	25	1.00997781321139	21.7289320995762	24753019	1.15053974513951
GSE135251	GSM3998174	2	LOXL1	ENSG00000129038	5	0.203505197950117	5.2715392516817	24569397	0.948489570366934
GSE135251	GSM3998175	0	LOXL1	ENSG00000129038	2	0.106685352250495	2.72168392593841	18746716	0.734839185748
GSE135251	GSM3998176	2	LOXL1	ENSG00000129038	8	0.332565024984363	8.38278687280584	24055446	0.954336561502283
GSE135251	GSM3998177	1	LOXL1	ENSG00000129038	1	0.0374951007963922	0.925620651674137	26670151	1.08035618932155
GSE135251	GSM3998178	2	LOXL1	ENSG00000129038	3	0.120336842074862	3.05182061691748	24930021	0.983019769697401
GSE135251	GSM3998179	3	LOXL1	ENSG00000129038	12	0.545711054455187	13.2462192220038	21989659	0.905918873822226
GSE135251	GSM3998180	2	LOXL1	ENSG00000129038	6	0.256873671882843	6.0905487008861	23357785	0.985132915713666
GSE135251	GSM3998181	1	LOXL1	ENSG00000129038	3	0.130994058895453	3.48542612565377	22901802	0.860726893024389
GSE135251	GSM3998182	2	LOXL1	ENSG00000129038	2	0.0772709835827364	2.17817825304224	25882937	0.91819849785325
GSE135251	GSM3998183	1	LOXL1	ENSG00000129038	0	0	0	21908754	0.888770439258868
GSE135251	GSM3998184	2	LOXL1	ENSG00000129038	10	0.377676437118327	9.14217255074854	26477691	1.09383190313786
GSE135251	GSM3998185	3	LOXL1	ENSG00000129038	19	0.682557196945952	17.2286549205912	27836495	1.10281389276024
GSE135251	GSM3998186	2	LOXL1	ENSG00000129038	5	0.194909342207478	4.62321456890758	25652952	1.08149858187989
GSE135251	GSM3998187	2	LOXL1	ENSG00000129038	26	1.14202203610582	24.1301907488702	22766636	1.07748837423581
GSE135251	GSM3998188	3	LOXL1	ENSG00000129038	37	1.35522234748465	30.3774928625595	27301793	1.21800703459642
GSE135251	GSM3998189	0	LOXL1	ENSG00000129038	9	0.353906146685211	8.73538097227902	25430471	1.03029278614874
GSE135251	GSM3998190	3	LOXL1	ENSG00000129038	2	0.0926422977587373	2.21693337606345	21588411	0.902147092733722
GSE135251	GSM3998191	4	LOXL1	ENSG00000129038	47	1.89374968319985	40.6982790525055	24818486	1.15483998572432
GSE135251	GSM3998192	1	LOXL1	ENSG00000129038	15	0.701665557567309	16.2413970189282	21377706	0.923565871982476
GSE135251	GSM3998193	3	LOXL1	ENSG00000129038	11	0.552314224215173	12.9561844836237	19916199	0.849015388280688
GSE135251	GSM3998194	1	LOXL1	ENSG00000129038	2	0.099743837875568	2.14640677717345	20051364	0.931789827198437
GSE135251	GSM3998195	3	LOXL1	ENSG00000129038	35	1.46745774099052	31.9597972432439	23850772	1.09512584618786
GSE135251	GSM3998196	1	LOXL1	ENSG00000129038	18	0.94077635164213	21.0227571399029	19133134	0.856214999783949
GSE135251	GSM3998197	1	LOXL1	ENSG00000129038	12	0.4050066243896	9.41409478895995	29629145	1.27468442468548
GSE135251	GSM3998198	1	LOXL1	ENSG00000129038	10	0.310019889326	7.25826126194542	32255995	1.37774043109048
GSE135251	GSM3998199	2	LOXL1	ENSG00000129038	40	1.64803833996394	33.5756695454675	24271280	1.191338863573
GSE135251	GSM3998200	3	LOXL1	ENSG00000129038	14	0.506490842953072	12.6604290057747	27641171	1.10580770948712
GSE135251	GSM3998201	4	LOXL1	ENSG00000129038	32	1.40010191866904	31.184610396934	22855479	1.02614717941598
GSE135251	GSM3998202	0	LOXL1	ENSG00000129038	23	0.96945487931488	22.7143467170162	23724673	1.01257589692288
GSE135251	GSM3998203	3	LOXL1	ENSG00000129038	3	0.128311709174839	3.16399958261781	23380563	0.948167002448805
GSE135251	GSM3998204	1	LOXL1	ENSG00000129038	25	1.22437451481099	30.9665527854407	20418589	0.807322667563889
GSE135251	GSM3998205	1	LOXL1	ENSG00000129038	6	0.280300049991514	6.97279642470347	21405633	0.860486902893506
GSE135251	GSM3998206	0	LOXL1	ENSG00000129038	5	0.237399657099935	4.84422895850251	21061530	1.03215600311874
GSE135251	GSM3998207	3	LOXL1	ENSG00000129038	31	1.48214935179154	31.5765495807793	20915571	0.981741210219806
GSE135251	GSM3998208	4	LOXL1	ENSG00000129038	3	0.12578449166944	3.38155902922116	23850317	0.887164758644169
GSE135251	GSM3998209	3	LOXL1	ENSG00000129038	18	0.830961170015486	17.9160956522937	21661662	1.00468318261605
GSE135251	GSM3998210	3	LOXL1	ENSG00000129038	34	1.78675292969674	39.2801871091852	19028932	0.865576324916473
GSE135251	GSM3998211	2	LOXL1	ENSG00000129038	6	0.299790401540763	6.59727607205272	20013983	0.909466260691608
GSE135251	GSM3998212	1	LOXL1	ENSG00000129038	4	0.186084100616231	4.23741535903714	21495657	0.943971657503246
GSE135251	GSM3998213	0	LOXL1	ENSG00000129038	9	0.294829428890827	7.03483665354303	30526125	1.27934740253951
GSE135251	GSM3998214	4	LOXL1	ENSG00000129038	99	4.86542337243233	105.541052026663	20347664	0.938023623025755
GSE135251	GSM3998215	2	LOXL1	ENSG00000129038	13	0.56193121754415	12.7553490477893	23134504	1.01918026322087
GSE135251	GSM3998216	control	LOXL1	ENSG00000129038	10	0.400356140808618	10.6313437096915	24977761	0.940614871747964
GSE135251	GSM3998217	control	LOXL1	ENSG00000129038	2	0.101595006036521	2.61307343306599	19686007	0.765382240962644
GSE135251	GSM3998218	control	LOXL1	ENSG00000129038	15	0.654327875061065	15.1077079411865	22924287	0.992870663001574
GSE135251	GSM3998219	0	LOXL1	ENSG00000129038	5	0.167007986455519	4.47414900175425	29938688	1.11753095349296
GSE135251	GSM3998220	control	LOXL1	ENSG00000129038	7	0.303915737191037	7.96276257369662	23032700	0.87909188993316
GSE135251	GSM3998221	control	LOXL1	ENSG00000129038	11	0.518168299556297	13.4255168045002	21228624	0.819335312016655
GSE135251	GSM3998222	control	LOXL1	ENSG00000129038	0	0	0	21898661	0.884697877082385
GSE135251	GSM3998223	control	LOXL1	ENSG00000129038	9	0.428983804574426	10.2753574649472	20979813	0.875881937022837
GSE135251	GSM3998225	3	LOXL1	ENSG00000129038	140	4.65448788880641	89.1752190372011	30078497	1.56994287775841
GSE135251	GSM3998226	4	LOXL1	ENSG00000129038	32	1.04289084126745	23.3171777981032	30683940	1.37237877915925
GSE135251	GSM3998227	4	LOXL1	ENSG00000129038	51	2.33178023053625	48.5368466741816	21871701	1.05074811189019
GSE135251	GSM3998228	1	LOXL1	ENSG00000129038	10	0.34111248310342	8.16010865798288	29315843	1.22547387775495
GSE135251	GSM3998229	3	LOXL1	ENSG00000129038	27	1.12474899351628	29.4407410924977	24005356	0.917096479167106
GSE135251	GSM3998230	4	LOXL1	ENSG00000129038	16	0.826943258513058	21.8187359763083	19348365	0.733314707936036
GSE135251	GSM3998231	1	LOXL1	ENSG00000129038	2	0.0824447472823223	2.24224725268026	24258671	0.891962292565775
GSE135251	GSM3998232	1	LOXL1	ENSG00000129038	10	0.454956631941495	9.91977415892022	21980117	1.0080874664881
GSE135251	GSM3998233	3	LOXL1	ENSG00000129038	74	3.19660958947455	65.574416553923	23149527	1.12848888162274
GSE135251	GSM3998234	1	LOXL1	ENSG00000129038	11	0.501165231944509	11.7366608842094	21948849	0.937234202174106
GSE135251	GSM3998235	2	LOXL1	ENSG00000129038	11	0.332781269376	9.2590069558029	33054745	1.18803237242477
GSE135251	GSM3998236	1	LOXL1	ENSG00000129038	26	1.07395608577043	25.1430427104806	24209556	1.03408327700777
GSE135251	GSM3998237	2	LOXL1	ENSG00000129038	16	0.593939780000251	17.5823519955103	26938758	0.910003394545034
GSE135251	GSM3998238	2	LOXL1	ENSG00000129038	16	0.649969650479633	16.3823415017411	24616534	0.976661364207282
GSE135251	GSM3998239	3	LOXL1	ENSG00000129038	5	0.184114972583071	5.18621590218702	27156944	0.96409407057109
GSE135251	GSM3998240	2	LOXL1	ENSG00000129038	15	0.646293624550368	15.5882041363316	23209265	0.96226607432214
GSE135251	GSM3998241	3	LOXL1	ENSG00000129038	10	0.395087544683414	9.64937707489586	25310846	1.0363363274523
GSE135251	GSM3998242	4	LOXL1	ENSG00000129038	103	5.8184749912624	135.086820271833	17702233	0.762472606822299
GSE135251	GSM3998243	2	LOXL1	ENSG00000129038	15	0.668233689518224	16.1681870946981	22447237	0.927747799561203
GSE135251	GSM3998244	0	LOXL1	ENSG00000129038	0	0	0	23774803	0.964466568558724
GSE135251	GSM3998245	2	LOXL1	ENSG00000129038	13	0.517193295424391	11.3005619387841	25135670	1.15038527025664
GSE135251	GSM3998246	2	LOXL1	ENSG00000129038	7	0.294985598803066	6.3533441924972	23729972	1.10178195732988
GSE135251	GSM3998247	0	LOXL1	ENSG00000129038	6	0.183415458114191	4.50371470542888	32712619	1.33223358770205
GSE135251	GSM3998248	2	LOXL1	ENSG00000129038	32	1.17398325437623	25.2627173663098	27257629	1.26668875465768
GSE135251	GSM3998249	0	LOXL1	ENSG00000129038	4	0.127457776265845	3.07764072035088	31382942	1.29969686635286
GSE135251	GSM3998250	4	LOXL1	ENSG00000129038	11	0.361815016744141	8.68150896790177	30402276	1.26706083477773
GSE135251	GSM3998251	3	LOXL1	ENSG00000129038	34	1.22501602338974	31.7688283806263	27754739	1.07023147321147
GSE135251	GSM3998252	2	LOXL1	ENSG00000129038	6	0.24111632033991	6.33357283385701	24884255	0.947332596844257
GSE135251	GSM3998253	3	LOXL1	ENSG00000129038	17	0.738509059681611	19.1430127143708	23019352	0.888052484405342
GSE135251	GSM3998254	0	LOXL1	ENSG00000129038	16	0.545598496657902	13.1881692652107	29325594	1.21320857188318
GSE135251	GSM3998255	1	LOXL1	ENSG00000129038	2	0.0694094866457015	1.90329992973141	28814505	1.05080653277922
GSE135251	GSM3998256	2	LOXL1	ENSG00000129038	11	0.510008428584748	12.2470127009934	21568271	0.898178214439817
GSE135251	GSM3998257	2	LOXL1	ENSG00000129038	12	0.44707536707123	9.87097372517904	26841112	1.21568553762738
GSE135251	GSM3998258	4	LOXL1	ENSG00000129038	67	2.44987644212708	51.8174591501572	27348318	1.29300048861614
GSE135251	GSM3998259	2	LOXL1	ENSG00000129038	5	0.232181616546859	9.66911610752696	21534866	0.517110348494805
GSE135251	GSM3998260	2	LOXL1	ENSG00000129038	9	0.32820281825572	9.86281384093324	27422068	0.912518490681398
GSE135251	GSM3998261	3	LOXL1	ENSG00000129038	14	0.488126752571164	13.4191156122894	28681075	1.04328782942883
GSE135251	GSM3998262	3	LOXL1	ENSG00000129038	6	0.217651153012424	5.62277518583863	27567049	1.06708872428537
GSE135251	GSM3998263	2	LOXL1	ENSG00000129038	5	0.167529830612934	4.31339122263218	29845431	1.15918073319323
GSE135251	GSM3998264	2	LOXL1	ENSG00000129038	23	0.737812658138515	19.0965454978416	31173225	1.20440631540399
GSE135251	GSM3998265	3	LOXL1	ENSG00000129038	5	0.174125470495728	5.17190304745742	28714926	0.966762128779284
GSE135251	GSM3998266	0	LOXL1	ENSG00000129038	3	0.114543946522333	3.45103989548174	26190821	0.8693031929094
GSE135251	GSM3998267	0	LOXL1	ENSG00000129038	4	0.132518516729519	3.60265974335603	30184461	1.11029080872173
GSE135251	GSM3998268	3	LOXL1	ENSG00000129038	19	1.17855323410205	27.8880220961012	16121461	0.681296075229955
GSE135251	GSM3998269	2	LOXL1	ENSG00000129038	6	0.234187604176892	5.52024422801767	25620485	1.08690843233844
GSE135251	GSM3998270	0	LOXL1	ENSG00000129038	5	0.161553049530291	4.36463437066007	30949586	1.14557132977987
GSE135251	GSM3998271	1	LOXL1	ENSG00000129038	10	0.317436534913575	7.62795751911731	31502360	1.31096692331307
GSE135251	GSM3998272	0	LOXL1	ENSG00000129038	3	0.126412080882326	3.14213978766534	23731909	0.954763378693933
GSE135251	GSM3998273	1	LOXL1	ENSG00000129038	7	0.34906683961765	10.8895334022516	20053466	0.642819094393213
GSE135251	GSM3998274	3	LOXL1	ENSG00000129038	23	0.819877100422647	23.5785197187339	28052985	0.975464120494629
GSE135251	GSM3998275	4	LOXL1	ENSG00000129038	18	0.71447354711308	21.0465798560088	25193375	0.855245846268033
GSE135251	GSM3998276	0	LOXL1	ENSG00000129038	19	0.789695028508198	19.5257263109149	24059921	0.973075198200384
GSE135251	GSM3998277	2	LOXL1	ENSG00000129038	1	0.0578876160559871	1.44482637172128	17274852	0.692124686794482
GSE135251	GSM3998278	2	LOXL1	ENSG00000129038	8	0.431155861496569	11.040939785487	18554775	0.724576001267188
GSE135251	GSM3998279	1	LOXL1	ENSG00000129038	3	0.1222698517637	3.26456590169073	24535893	0.918958321057722
GSE135251	GSM3998280	3	LOXL1	ENSG00000129038	61	4.07529351967535	121.029585384224	14968247	0.50400899752195
GSE135251	GSM3998281	0	LOXL1	ENSG00000129038	52	2.17485599630174	47.9229101450111	23909629	1.08507600733453
GSE135251	GSM3998282	3	LOXL1	ENSG00000129038	56	2.07390854544758	51.8343330187552	27002155	1.08036501559184
GSE135251	GSM3998283	1	LOXL1	ENSG00000129038	12	0.671429188503968	16.1657107108306	17872324	0.742311935098547
GSE135251	GSM3998284	2	LOXL1	ENSG00000129038	21	0.989802815725063	25.7859566068645	21216347	0.814396778842386
GSE135251	GSM3998285	4	LOXL1	ENSG00000129038	79	3.04761375700565	78.8278538467126	25921920	1.00218382392628
GSE135251	GSM3998286	0	LOXL1	ENSG00000129038	2	0.0650855117860913	1.66901048632635	30728805	1.19831481970026
GSE135251	GSM3998287	2	LOXL1	ENSG00000129038	6	0.213226534322169	5.30096974299214	28139087	1.13186837331641
GSE135251	GSM3998288	0	LOXL1	ENSG00000129038	0	0	0	24361584	0.885524035409988
GSE135251	GSM3998289	0	LOXL1	ENSG00000129038	9	0.359670067453723	9.27320511417165	25022933	0.970538221595667
GSE135251	GSM3998290	0	LOXL1	ENSG00000129038	20	0.528884497972257	12.361539637822	37815440	1.61792143907438
GSE135251	GSM3998291	1	LOXL1	ENSG00000129038	13	0.485983088835241	11.2500057858273	26749902	1.15555496125854
GSE135251	GSM3998292	1	LOXL1	ENSG00000129038	5	0.234618130369412	5.84979343666809	21311226	0.854731035229149
GSE135251	GSM3998293	0	LOXL1	ENSG00000129038	8	0.393079675088202	9.95677227481852	20352108	0.803473232006385
GSE135251	GSM3998294	1	LOXL1	ENSG00000129038	1	0.035049860529595	1.06832886074906	28530784	0.93604136024075
GSE135251	GSM3998295	1	LOXL1	ENSG00000129038	6	0.22544095969916	6.47317640987263	26614507	0.926901975180074
GSE135251	GSM3998296	1	LOXL1	ENSG00000129038	2	0.0741063679824326	1.95322375215439	26988234	1.02394822804812
GSE135251	GSM3998297	2	LOXL1	ENSG00000129038	4	0.15475135403566	4.11791065650661	25847916	0.97136638787432
GSE135251	GSM3998298	3	LOXL1	ENSG00000129038	11	0.391849124977749	9.81280095793801	28072029	1.12098472670044
GSE135251	GSM3998299	2	LOXL1	ENSG00000129038	6	0.215446865165524	5.97071022668833	27849094	1.0049055760872
GSE135251	GSM3998300	1	LOXL1	ENSG00000129038	5	0.169238843225428	4.46481018935922	29544045	1.11986843515012
GSE135251	GSM3998301	3	LOXL1	ENSG00000129038	34	1.16803418849811	29.0722117072444	29108737	1.16950166510818
GSE135251	GSM3998302	1	LOXL1	ENSG00000129038	13	0.481400730966276	12.5428211855037	27004529	1.03644944049946
GSE135251	GSM3998303	0	LOXL1	ENSG00000129038	9	0.373299728615245	8.98749251868048	24109313	1.00139165415643
GSE135251	GSM3998304	0	LOXL1	ENSG00000129038	17	0.571787057889202	17.2927680194415	29731348	0.983069915752508
GSE135251	GSM3998305	0	LOXL1	ENSG00000129038	5	0.170921945109511	3.99528945707883	29253119	1.25147378023914
GSE135251	GSM3998306	1	LOXL1	ENSG00000129038	2	0.075686043845455	2.13106141764206	26424951	0.938499464840823
GSE135251	GSM3998307	0	LOXL1	ENSG00000129038	3	0.108082250160043	2.43824009274756	27756639	1.2303956484529
GSE135251	GSM3998308	3	LOXL1	ENSG00000129038	22	0.744391315957977	17.6414568888422	29554348	1.24706253789699
GSE135251	GSM3998309	3	LOXL1	ENSG00000129038	19	0.673407212956808	17.8105644559087	28214726	1.06678258552871
GSE135251	GSM3998310	1	LOXL1	ENSG00000129038	7	0.312465335876801	8.4548389408615	22402485	0.827928249013663
GSE135251	GSM3998311	1	LOXL1	ENSG00000129038	6	0.166695078916784	4.58045548265395	35993864	1.30991339676192
GSE135251	GSM3998312	2	LOXL1	ENSG00000129038	15	0.534207325008104	13.6185021095164	28078986	1.1014427195718
GSE135251	GSM3998313	2	LOXL1	ENSG00000129038	18	0.766948409425694	15.7146489634989	23469636	1.14542806790081
GSE135251	GSM3998314	3	LOXL1	ENSG00000129038	61	2.11264417887391	49.3201303749947	28873769	1.23681749290198
GSE135251	GSM3998315	1	LOXL1	ENSG00000129038	10	0.339159413742604	9.11505237712101	29484660	1.0970864001945
GSE135251	GSM3998316	1	LOXL1	ENSG00000129038	7	0.241226904849977	5.97491332007866	29018322	1.17156511316684
GSE135251	GSM3998317	1	LOXL1	ENSG00000129038	12	0.403143850124555	10.0469230553112	29766050	1.19439553124241
GSE135251	GSM3998318	2	LOXL1	ENSG00000129038	20	0.640889205573608	15.3635722012205	31206642	1.30178058449266
GSE135251	GSM3998319	3	LOXL1	ENSG00000129038	12	0.510795775123011	14.0079552044924	23492755	0.856656080407192
GSE135251	GSM3998320	1	LOXL1	ENSG00000129038	13	0.473547336174205	10.6693622735216	27452377	1.2184420836719
GSE135251	GSM3998321	0	LOXL1	ENSG00000129038	3	0.105192981257802	2.66830561036498	28519013	1.12430899532144
GSE135251	GSM3998322	3	LOXL1	ENSG00000129038	21	0.727357062907242	19.0000377031396	28871652	1.10526096464166
GSE135251	GSM3998323	0	LOXL1	ENSG00000129038	6	0.222068912424904	5.9357946937525	27018640	1.01081663190189
GSE135251	GSM3998324	3	LOXL1	ENSG00000129038	18	0.706072161751718	14.9039990987071	25493145	1.20772954163433
GSE135251	GSM3998325	0	LOXL1	ENSG00000129038	2	0.0693307852883124	1.70501672381811	28847214	1.17300902217623
GSE135251	GSM3998326	0	LOXL1	ENSG00000129038	3	0.118671191203617	2.94753731881444	25279935	1.01779881830526
GSE135251	GSM3998327	3	LOXL1	ENSG00000129038	148	5.75321834256621	112.148072370036	25724732	1.31968385075465
GSE135251	GSM3998328	3	LOXL1	ENSG00000129038	31	1.05665994699112	24.4689113290295	29337726	1.26691374140631
GSE135251	GSM3998329	3	LOXL1	ENSG00000129038	22	0.882649501969031	18.8597915472833	24924956	1.16650281869998
GSE135251	GSM3998330	3	LOXL1	ENSG00000129038	4	0.176936902840718	5.09041421017696	22606929	0.785790671415902
GSE135251	GSM3998331	1	LOXL1	ENSG00000129038	6	0.217852741713063	5.52275216154986	27541540	1.08641485702958
GSE135251	GSM3998332	4	LOXL1	ENSG00000129038	100	3.89748811178432	75.7611145803445	25657551	1.31993834243225
GSE135251	GSM3998333	3	LOXL1	ENSG00000129038	24	0.985556990818551	25.9456517792553	24351712	0.925010487467848
GSE135251	GSM3998334	3	LOXL1	ENSG00000129038	39	1.37222659810037	29.5056555265659	28420962	1.32178049611153
GSE135251	GSM3998335	2	LOXL1	ENSG00000129038	34	1.62355003253547	37.6097473707201	20941763	0.904020962035753
GSE135251	GSM3998336	0	LOXL1	ENSG00000129038	4	0.183123427341729	4.72097929443433	21843191	0.847281835087836
GSE135251	GSM3998337	2	LOXL1	ENSG00000129038	5	0.170015299336757	4.13664291903744	29409118	1.20870959806302
GSE135251	GSM3998338	3	LOXL1	ENSG00000129038	14	0.635939955821251	16.2853849964316	22014657	0.859666504848835
GSE135251	GSM3998339	0	LOXL1	ENSG00000129038	17	0.560254904117152	13.2703930689202	30343331	1.28104720875334
GSE135251	GSM3998340	3	LOXL1	ENSG00000129038	17	0.652230078226941	13.8658859476854	26064422	1.2260305662501
GSE135251	GSM3998342	control	LOXL1	ENSG00000129038	18	0.728803479599333	18.1186694257201	24698016	0.993450433752514
GSE135251	GSM3998343	2	LOXL1	ENSG00000129038	14	0.802797543003714	19.2722387738939	17439017	0.726433506986451
GSE135251	GSM3998344	1	LOXL1	ENSG00000129038	11	0.522225712694486	12.1948705045038	21063689	0.902018598388355
GSE135251	GSM3998345	0	LOXL1	ENSG00000129038	5	0.265357400329638	6.61586940752688	18842512	0.755758569585956
GSE135251	GSM3998346	0	LOXL1	ENSG00000129038	9	0.360366564869786	8.393360628015	24974570	1.07227609998791
GSE135251	GSM3998347	2	LOXL1	ENSG00000129038	23	0.988284658809975	23.9694612187587	23272647	0.959554317474604
GSE135251	GSM3998348	2	LOXL1	ENSG00000129038	31	1.33237648644326	29.5303307393625	23266697	1.04976812734029
GSE135251	GSM3998349	0	LOXL1	ENSG00000129038	9	0.373099570699197	8.58244233308319	24122247	1.04865254559384
GSE135251	GSM3998350	2	LOXL1	ENSG00000129038	36	1.59442708758006	35.5546080470479	22578643	1.01252698250429
GSE135251	GSM3998351	1	LOXL1	ENSG00000129038	14	0.678562184892685	14.7081429190033	20631860	0.951853682487108
GSE135251	GSM3998352	1	LOXL1	ENSG00000129038	4	0.157942489506893	3.68552800020468	25325674	1.08532617301452
GSE135251	GSM3998353	0	LOXL1	ENSG00000129038	12	0.584703285009231	13.879155219964	20523230	0.86460593673158
GSE135251	GSM3998354	3	LOXL1	ENSG00000129038	30	1.32663025390907	29.0659454980789	22613686	1.03213569990293
GSE135251	GSM3998355	2	LOXL1	ENSG00000129038	62	3.09832783246882	59.6689202073977	20010794	1.03906690090084
GSE135251	GSM3998356	2	LOXL1	ENSG00000129038	14	0.674189790012032	15.2071003763656	20765666	0.920622581130479
GSE135251	GSM3998357	1	LOXL1	ENSG00000129038	21	0.906367803536751	22.9756628313894	23169402	0.914010627423979
GSE135251	GSM3998358	1	LOXL1	ENSG00000129038	9	0.383466623491165	8.52460009457494	23470100	1.05576800086231
GSE135251	GSM3998359	4	LOXL1	ENSG00000129038	98	4.28405880299113	80.4873986848285	22875503	1.21758190227699
GSE135251	GSM3998360	2	LOXL1	ENSG00000129038	15	0.812463845358881	17.9074866622653	18462360	0.83763848511517
GSE135251	GSM3998361	0	LOXL1	ENSG00000129038	6	0.31284290515307	7.5288576212618	19178955	0.796933652066385
GSE135251	GSM3998362	2	LOXL1	ENSG00000129038	82	5.58117488768056	109.727038875497	14692247	0.747308966325446
GSE135251	GSM3998363	1	LOXL1	ENSG00000129038	7	0.328504119418193	7.57446841172969	21308713	0.924157263519631
GSE135251	GSM3998364	3	LOXL1	ENSG00000129038	22	0.958241407492855	21.9986018270323	22958724	1.00006355735599
GSE135251	GSM3998365	3	LOXL1	ENSG00000129038	36	1.60370848678076	35.6682655244686	22447970	1.00930054968061
GSE135251	GSM3998366	0	LOXL1	ENSG00000129038	29	1.23087323792538	31.2783918551231	23560509	0.92715764078677
GSE135251	GSM3998367	1	LOXL1	ENSG00000129038	29	1.33218630561172	26.9176419587851	21768727	1.07736034398568
GSE135251	GSM3998368	2	LOXL1	ENSG00000129038	16	0.606412463110224	14.6703320924716	26384682	1.09063652405052
GSE135251	GSM3998369	3	LOXL1	ENSG00000129038	14	0.745224825546861	20.5126110431767	18786277	0.682506969518976
GSE135251	GSM3998370	2	LOXL1	ENSG00000129038	35	1.5392482803958	27.4770054500325	22738372	1.27379237390509
GSE135251	GSM3998371	2	LOXL1	ENSG00000129038	60	2.64193126232048	56.8910420062871	22710659	1.05464758394422
GSE135251	GSM3998372	3	LOXL1	ENSG00000129038	24	1.01330965341263	21.5150249917878	23684764	1.11549951762365
GSE135251	GSM3998373	3	LOXL1	ENSG00000129038	20	0.935284223990471	19.2293129389834	21383874	1.04007876222422
GSE135251	GSM3998374	3	LOXL1	ENSG00000129038	20	1.21016756161583	21.5519752550519	16526637	0.927989187223657
GSE135251	GSM3998375	1	LOXL1	ENSG00000129038	5	0.239387291101074	4.78904211367602	20886656	1.04405012136384
GSE135251	GSM3998376	2	LOXL1	ENSG00000129038	49	2.65549552088358	48.1149071589574	18452300	1.01839539746213
GSE135251	GSM3998377	1	LOXL1	ENSG00000129038	16	0.659288894295058	13.1984315699664	24268572	1.21226525403281
GSE135251	GSM3998378	3	LOXL1	ENSG00000129038	172	8.36256381620738	159.263637621308	20567855	1.07997030941223
GSE135251	GSM3998379	3	LOXL1	ENSG00000129038	27	1.04368683689405	21.6611530406538	25869829	1.24647104193051
GSE135251	GSM3998380	1	LOXL1	ENSG00000129038	14	0.663011013370659	13.259034819092	21115788	1.05588379478732
GSE135251	GSM3998381	2	LOXL1	ENSG00000129038	17	0.799344875747952	16.8380674723706	21267416	1.00961704945625
GSE135251	GSM3998382	3	LOXL1	ENSG00000129038	121	5.79104031301099	98.6719287698693	20894346	1.22628595091321
GSE135251	GSM3998167	2	LOXL2	ENSG00000134013	36	1.54584877983365	36.1701094401082	23288177	0.995296960867928
GSE135251	GSM3998168	3	LOXL2	ENSG00000134013	28	1.40387610191739	31.0739297775915	19944780	0.901076889869006
GSE135251	GSM3998169	2	LOXL2	ENSG00000134013	53	2.16104859949576	48.4021926811368	24525131	1.09499171554381
GSE135251	GSM3998170	3	LOXL2	ENSG00000134013	29	1.03399058647839	23.607132382042	28046677	1.22844230000847
GSE135251	GSM3998171	0	LOXL2	ENSG00000134013	31	1.09038715039946	25.2594872471693	28430269	1.22726165011422
GSE135251	GSM3998172	1	LOXL2	ENSG00000134013	38	1.52410080659425	39.5990074600669	24932734	0.959620011646014
GSE135251	GSM3998173	3	LOXL2	ENSG00000134013	21	0.848381363097568	18.252302963644	24753019	1.15053974513951
GSE135251	GSM3998174	2	LOXL2	ENSG00000134013	14	0.569814554260326	14.7603099047088	24569397	0.948489570366934
GSE135251	GSM3998175	0	LOXL2	ENSG00000134013	15	0.800140141878716	20.4126294445381	18746716	0.734839185748
GSE135251	GSM3998176	2	LOXL2	ENSG00000134013	35	1.45497198430659	36.6746925685256	24055446	0.954336561502283
GSE135251	GSM3998177	1	LOXL2	ENSG00000134013	33	1.23733832628094	30.5454815052465	26670151	1.08035618932155
GSE135251	GSM3998178	2	LOXL2	ENSG00000134013	20	0.802245613832415	20.3454707794499	24930021	0.983019769697401
GSE135251	GSM3998179	3	LOXL2	ENSG00000134013	50	2.27379606022995	55.1925800916825	21989659	0.905918873822226
GSE135251	GSM3998180	2	LOXL2	ENSG00000134013	28	1.19874380211994	28.4225606041351	23357785	0.985132915713666
GSE135251	GSM3998181	1	LOXL2	ENSG00000134013	19	0.829629039671201	22.0743654624739	22901802	0.860726893024389
GSE135251	GSM3998182	2	LOXL2	ENSG00000134013	10	0.386354917913682	10.8908912652112	25882937	0.91819849785325
GSE135251	GSM3998183	1	LOXL2	ENSG00000134013	13	0.593370120455047	14.6269491263014	21908754	0.888770439258868
GSE135251	GSM3998184	2	LOXL2	ENSG00000134013	26	0.981958736507651	23.7696486319462	26477691	1.09383190313786
GSE135251	GSM3998185	3	LOXL2	ENSG00000134013	35	1.25734220490044	31.7369959063522	27836495	1.10281389276024
GSE135251	GSM3998186	2	LOXL2	ENSG00000134013	28	1.09149231636188	25.8900015858825	25652952	1.08149858187989
GSE135251	GSM3998187	2	LOXL2	ENSG00000134013	53	2.32796799667724	49.1884657573123	22766636	1.07748837423581
GSE135251	GSM3998188	3	LOXL2	ENSG00000134013	47	1.72149865761564	38.5876260686566	27301793	1.21800703459642
GSE135251	GSM3998189	0	LOXL2	ENSG00000134013	49	1.92682235417504	47.5592964046302	25430471	1.03029278614874
GSE135251	GSM3998190	3	LOXL2	ENSG00000134013	20	0.926422977587373	22.1693337606345	21588411	0.902147092733722
GSE135251	GSM3998191	4	LOXL2	ENSG00000134013	51	2.0549198690041	44.161962376123	24818486	1.15483998572432
GSE135251	GSM3998192	1	LOXL2	ENSG00000134013	25	1.16944259594551	27.068995031547	21377706	0.923565871982476
GSE135251	GSM3998193	3	LOXL2	ENSG00000134013	37	1.85778420872376	43.5798932630979	19916199	0.849015388280688
GSE135251	GSM3998194	1	LOXL2	ENSG00000134013	23	1.14705413556903	24.6836779374946	20051364	0.931789827198437
GSE135251	GSM3998195	3	LOXL2	ENSG00000134013	24	1.00625673667922	21.9152895382244	23850772	1.09512584618786
GSE135251	GSM3998196	1	LOXL2	ENSG00000134013	17	0.888510998773123	19.8548261876861	19133134	0.856214999783949
GSE135251	GSM3998197	1	LOXL2	ENSG00000134013	35	1.18126932113633	27.4577764677999	29629145	1.27468442468548
GSE135251	GSM3998198	1	LOXL2	ENSG00000134013	19	0.589037789719399	13.7906963976963	32255995	1.37774043109048
GSE135251	GSM3998199	2	LOXL2	ENSG00000134013	27	1.11242587947566	22.6635769431906	24271280	1.191338863573
GSE135251	GSM3998200	3	LOXL2	ENSG00000134013	21	0.759736264429608	18.9906435086621	27641171	1.10580770948712
GSE135251	GSM3998201	4	LOXL2	ENSG00000134013	77	3.36899524179738	75.0379687676224	22855479	1.02614717941598
GSE135251	GSM3998202	0	LOXL2	ENSG00000134013	28	1.18020594003551	27.6522481772371	23724673	1.01257589692288
GSE135251	GSM3998203	3	LOXL2	ENSG00000134013	20	0.855411394498926	21.0933305507854	23380563	0.948167002448805
GSE135251	GSM3998204	1	LOXL2	ENSG00000134013	17	0.832574670071473	21.0572558940997	20418589	0.807322667563889
GSE135251	GSM3998205	1	LOXL2	ENSG00000134013	21	0.981050174970299	24.4047874864621	21405633	0.860486902893506
GSE135251	GSM3998206	0	LOXL2	ENSG00000134013	26	1.23447821691966	25.189990584213	21061530	1.03215600311874
GSE135251	GSM3998207	3	LOXL2	ENSG00000134013	24	1.14747046590313	24.4463609657646	20915571	0.981741210219806
GSE135251	GSM3998208	4	LOXL2	ENSG00000134013	19	0.796635113906452	21.4165405184007	23850317	0.887164758644169
GSE135251	GSM3998209	3	LOXL2	ENSG00000134013	27	1.24644175502323	26.8741434784405	21661662	1.00468318261605
GSE135251	GSM3998210	3	LOXL2	ENSG00000134013	31	1.62909825942938	35.8142882466101	19028932	0.865576324916473
GSE135251	GSM3998211	2	LOXL2	ENSG00000134013	14	0.699510936928446	15.393644168123	20013983	0.909466260691608
GSE135251	GSM3998212	1	LOXL2	ENSG00000134013	15	0.697815377310868	15.8903075963893	21495657	0.943971657503246
GSE135251	GSM3998213	0	LOXL2	ENSG00000134013	49	1.60518244618339	38.3007773359565	30526125	1.27934740253951
GSE135251	GSM3998214	4	LOXL2	ENSG00000134013	43	2.11326469711707	45.8410630014798	20347664	0.938023623025755
GSE135251	GSM3998215	2	LOXL2	ENSG00000134013	28	1.21031339163355	27.4730594875463	23134504	1.01918026322087
GSE135251	GSM3998216	control	LOXL2	ENSG00000134013	29	1.16103280834499	30.8308967581054	24977761	0.940614871747964
GSE135251	GSM3998217	control	LOXL2	ENSG00000134013	18	0.914355054328691	23.5176608975939	19686007	0.765382240962644
GSE135251	GSM3998218	control	LOXL2	ENSG00000134013	59	2.57368964190686	59.4236512353336	22924287	0.992870663001574
GSE135251	GSM3998219	0	LOXL2	ENSG00000134013	26	0.868441529568697	23.2655748091221	29938688	1.11753095349296
GSE135251	GSM3998220	control	LOXL2	ENSG00000134013	24	1.04199681322641	27.3009002526741	23032700	0.87909188993316
GSE135251	GSM3998221	control	LOXL2	ENSG00000134013	24	1.13054901721374	29.292036664364	21228624	0.819335312016655
GSE135251	GSM3998222	control	LOXL2	ENSG00000134013	12	0.547978709748509	13.5639525208022	21898661	0.884697877082385
GSE135251	GSM3998223	control	LOXL2	ENSG00000134013	37	1.76360008547264	42.2431362447828	20979813	0.875881937022837
GSE135251	GSM3998225	3	LOXL2	ENSG00000134013	106	3.52411225866771	67.5183801281665	30078497	1.56994287775841
GSE135251	GSM3998226	4	LOXL2	ENSG00000134013	99	3.22644354017118	72.1375188128818	30683940	1.37237877915925
GSE135251	GSM3998227	4	LOXL2	ENSG00000134013	39	1.78312605864537	37.1164121626095	21871701	1.05074811189019
GSE135251	GSM3998228	1	LOXL2	ENSG00000134013	55	1.87611865706881	44.8805976189058	29315843	1.22547387775495
GSE135251	GSM3998229	3	LOXL2	ENSG00000134013	32	1.33303584416744	34.892730183701	24005356	0.917096479167106
GSE135251	GSM3998230	4	LOXL2	ENSG00000134013	65	3.3594569877093	88.6386149037524	19348365	0.733314707936036
GSE135251	GSM3998231	1	LOXL2	ENSG00000134013	23	0.948114593746706	25.785843405823	24258671	0.891962292565775
GSE135251	GSM3998232	1	LOXL2	ENSG00000134013	24	1.09189591665959	23.8074579814085	21980117	1.0080874664881
GSE135251	GSM3998233	3	LOXL2	ENSG00000134013	77	3.32620187012892	68.2328388466496	23149527	1.12848888162274
GSE135251	GSM3998234	1	LOXL2	ENSG00000134013	31	1.41237474457089	33.0760443100446	21948849	0.937234202174106
GSE135251	GSM3998235	2	LOXL2	ENSG00000134013	27	0.816826752104728	22.7266534369708	33054745	1.18803237242477
GSE135251	GSM3998236	1	LOXL2	ENSG00000134013	56	2.31313618473631	54.1542458379581	24209556	1.03408327700777
GSE135251	GSM3998237	2	LOXL2	ENSG00000134013	31	1.15075832375049	34.0658069913012	26938758	0.910003394545034
GSE135251	GSM3998238	2	LOXL2	ENSG00000134013	59	2.39676308614365	60.4098842876702	24616534	0.976661364207282
GSE135251	GSM3998239	3	LOXL2	ENSG00000134013	51	1.87797272034733	52.8994022023076	27156944	0.96409407057109
GSE135251	GSM3998240	2	LOXL2	ENSG00000134013	36	1.55110469892088	37.4116899271959	23209265	0.96226607432214
GSE135251	GSM3998241	3	LOXL2	ENSG00000134013	42	1.65936768767034	40.5273837145626	25310846	1.0363363274523
GSE135251	GSM3998242	4	LOXL2	ENSG00000134013	33	1.86417159914232	43.280243388063	17702233	0.762472606822299
GSE135251	GSM3998243	2	LOXL2	ENSG00000134013	46	2.04924998118922	49.5824404237408	22447237	0.927747799561203
GSE135251	GSM3998244	0	LOXL2	ENSG00000134013	30	1.26184010862256	31.105277236132	23774803	0.964466568558724
GSE135251	GSM3998245	2	LOXL2	ENSG00000134013	69	2.74510287571407	59.9799056750849	25135670	1.15038527025664
GSE135251	GSM3998246	2	LOXL2	ENSG00000134013	46	1.93847679213444	41.7505475506959	23729972	1.10178195732988
GSE135251	GSM3998247	0	LOXL2	ENSG00000134013	19	0.580815617361606	14.2617632338581	32712619	1.33223358770205
GSE135251	GSM3998248	2	LOXL2	ENSG00000134013	56	2.05447069515841	44.2097553910422	27257629	1.26668875465768
GSE135251	GSM3998249	0	LOXL2	ENSG00000134013	20	0.637288881329227	15.3882036017544	31382942	1.29969686635286
GSE135251	GSM3998250	4	LOXL2	ENSG00000134013	45	1.48015234122603	35.5152639595981	30402276	1.26706083477773
GSE135251	GSM3998251	3	LOXL2	ENSG00000134013	30	1.08089649122624	28.0313191593761	27754739	1.07023147321147
GSE135251	GSM3998252	2	LOXL2	ENSG00000134013	29	1.16539554830956	30.6122686969755	24884255	0.947332596844257
GSE135251	GSM3998253	3	LOXL2	ENSG00000134013	43	1.86799350390054	48.4205615716437	23019352	0.888052484405342
GSE135251	GSM3998254	0	LOXL2	ENSG00000134013	35	1.19349671143916	28.8491202676485	29325594	1.21320857188318
GSE135251	GSM3998255	1	LOXL2	ENSG00000134013	18	0.624685379811314	17.1296993675827	28814505	1.05080653277922
GSE135251	GSM3998256	2	LOXL2	ENSG00000134013	19	0.880923649373656	21.1539310289886	21568271	0.898178214439817
GSE135251	GSM3998257	2	LOXL2	ENSG00000134013	57	2.12360799358834	46.8871251946005	26841112	1.21568553762738
GSE135251	GSM3998258	4	LOXL2	ENSG00000134013	61	2.2304845219366	47.1770896740237	27348318	1.29300048861614
GSE135251	GSM3998259	2	LOXL2	ENSG00000134013	27	1.25378072935304	52.2132269806456	21534866	0.517110348494805
GSE135251	GSM3998260	2	LOXL2	ENSG00000134013	26	0.948141474960969	28.4925733182516	27422068	0.912518490681398
GSE135251	GSM3998261	3	LOXL2	ENSG00000134013	33	1.15058448820346	31.6307725146822	28681075	1.04328782942883
GSE135251	GSM3998262	3	LOXL2	ENSG00000134013	13	0.471577498193586	12.182679569317	27567049	1.06708872428537
GSE135251	GSM3998263	2	LOXL2	ENSG00000134013	36	1.20621478041312	31.0564168029517	29845431	1.15918073319323
GSE135251	GSM3998264	2	LOXL2	ENSG00000134013	56	1.79641342851117	46.4959368643099	31173225	1.20440631540399
GSE135251	GSM3998265	3	LOXL2	ENSG00000134013	15	0.522376411487183	15.5157091423723	28714926	0.966762128779284
GSE135251	GSM3998266	0	LOXL2	ENSG00000134013	21	0.801807625656332	24.1572792683722	26190821	0.8693031929094
GSE135251	GSM3998267	0	LOXL2	ENSG00000134013	29	0.960759246289009	26.1192831393312	30184461	1.11029080872173
GSE135251	GSM3998268	3	LOXL2	ENSG00000134013	10	0.620291175843182	14.677906366369	16121461	0.681296075229955
GSE135251	GSM3998269	2	LOXL2	ENSG00000134013	31	1.20996928824728	28.521261844758	25620485	1.08690843233844
GSE135251	GSM3998270	0	LOXL2	ENSG00000134013	27	0.872386467463571	23.5690256015644	30949586	1.14557132977987
GSE135251	GSM3998271	1	LOXL2	ENSG00000134013	22	0.698360376809864	16.7815065420581	31502360	1.31096692331307
GSE135251	GSM3998272	0	LOXL2	ENSG00000134013	37	1.55908233088202	38.7530573812059	23731909	0.954763378693933
GSE135251	GSM3998273	1	LOXL2	ENSG00000134013	13	0.64826698786135	20.2234191756101	20053466	0.642819094393213
GSE135251	GSM3998274	3	LOXL2	ENSG00000134013	43	1.53281370948582	44.0815803437198	28052985	0.975464120494629
GSE135251	GSM3998275	4	LOXL2	ENSG00000134013	18	0.71447354711308	21.0465798560088	25193375	0.855245846268033
GSE135251	GSM3998276	0	LOXL2	ENSG00000134013	53	2.2028335005755	54.4664997093943	24059921	0.973075198200384
GSE135251	GSM3998277	2	LOXL2	ENSG00000134013	3	0.173662848167961	4.33447911516384	17274852	0.692124686794482
GSE135251	GSM3998278	2	LOXL2	ENSG00000134013	17	0.916206205680209	23.4619970441599	18554775	0.724576001267188
GSE135251	GSM3998279	1	LOXL2	ENSG00000134013	38	1.54875145567353	41.3511680880826	24535893	0.918958321057722
GSE135251	GSM3998280	3	LOXL2	ENSG00000134013	35	2.33828316702684	69.4432047286531	14968247	0.50400899752195
GSE135251	GSM3998281	0	LOXL2	ENSG00000134013	37	1.54749368967624	34.0989937570271	23909629	1.08507600733453
GSE135251	GSM3998282	3	LOXL2	ENSG00000134013	56	2.07390854544758	51.8343330187552	27002155	1.08036501559184
GSE135251	GSM3998283	1	LOXL2	ENSG00000134013	33	1.84643026838591	44.4557044547843	17872324	0.742311935098547
GSE135251	GSM3998284	2	LOXL2	ENSG00000134013	17	0.801268946063146	20.8743458246046	21216347	0.814396778842386
GSE135251	GSM3998285	4	LOXL2	ENSG00000134013	50	1.92886946645927	49.8910467384257	25921920	1.00218382392628
GSE135251	GSM3998286	0	LOXL2	ENSG00000134013	43	1.39933850340096	35.8837254560165	30728805	1.19831481970026
GSE135251	GSM3998287	2	LOXL2	ENSG00000134013	29	1.03059491589048	25.6213537577954	28139087	1.13186837331641
GSE135251	GSM3998288	0	LOXL2	ENSG00000134013	13	0.533627041657061	14.680572723225	24361584	0.885524035409988
GSE135251	GSM3998289	0	LOXL2	ENSG00000134013	29	1.15893688401755	29.8803275901087	25022933	0.970538221595667
GSE135251	GSM3998290	0	LOXL2	ENSG00000134013	67	1.77176306820706	41.4111577867038	37815440	1.61792143907438
GSE135251	GSM3998291	1	LOXL2	ENSG00000134013	32	1.19626606482521	27.6923219343442	26749902	1.15555496125854
GSE135251	GSM3998292	1	LOXL2	ENSG00000134013	16	0.750778017182118	18.7193389973379	21311226	0.854731035229149
GSE135251	GSM3998293	0	LOXL2	ENSG00000134013	30	1.47404878158076	37.3378960305694	20352108	0.803473232006385
GSE135251	GSM3998294	1	LOXL2	ENSG00000134013	32	1.12159553694704	34.1865235439699	28530784	0.93604136024075
GSE135251	GSM3998295	1	LOXL2	ENSG00000134013	13	0.488455412681512	14.025215554724	26614507	0.926901975180074
GSE135251	GSM3998296	1	LOXL2	ENSG00000134013	31	1.14864870372771	30.2749681583931	26988234	1.02394822804812
GSE135251	GSM3998297	2	LOXL2	ENSG00000134013	22	0.85113244719613	22.6485086107864	25847916	0.97136638787432
GSE135251	GSM3998298	3	LOXL2	ENSG00000134013	33	1.17554737493325	29.438402873814	28072029	1.12098472670044
GSE135251	GSM3998299	2	LOXL2	ENSG00000134013	10	0.359078108609206	9.95118371114722	27849094	1.0049055760872
GSE135251	GSM3998300	1	LOXL2	ENSG00000134013	20	0.676955372901713	17.8592407574369	29544045	1.11986843515012
GSE135251	GSM3998301	3	LOXL2	ENSG00000134013	61	2.0955907499525	52.1589680629974	29108737	1.16950166510818
GSE135251	GSM3998302	1	LOXL2	ENSG00000134013	33	1.22201724014516	31.8394691632016	27004529	1.03644944049946
GSE135251	GSM3998303	0	LOXL2	ENSG00000134013	23	0.953988195350071	22.9680364366279	24109313	1.00139165415643
GSE135251	GSM3998304	0	LOXL2	ENSG00000134013	22	0.739959721974261	22.3788762604537	29731348	0.983069915752508
GSE135251	GSM3998305	0	LOXL2	ENSG00000134013	19	0.649503391416143	15.1820999368995	29253119	1.25147378023914
GSE135251	GSM3998306	1	LOXL2	ENSG00000134013	12	0.45411626307273	12.7863685058524	26424951	0.938499464840823
GSE135251	GSM3998307	0	LOXL2	ENSG00000134013	13	0.468356417360185	10.5657070685728	27756639	1.2303956484529
GSE135251	GSM3998308	3	LOXL2	ENSG00000134013	25	0.845899222679519	20.0471101009571	29554348	1.24706253789699
GSE135251	GSM3998309	3	LOXL2	ENSG00000134013	32	1.13415951655884	29.9967401362673	28214726	1.06678258552871
GSE135251	GSM3998310	1	LOXL2	ENSG00000134013	28	1.2498613435072	33.819355763446	22402485	0.827928249013663
GSE135251	GSM3998311	1	LOXL2	ENSG00000134013	29	0.805692881431124	22.1388681661608	35993864	1.30991339676192
GSE135251	GSM3998312	2	LOXL2	ENSG00000134013	28	0.997187006681794	25.4212039377639	28078986	1.1014427195718
GSE135251	GSM3998313	2	LOXL2	ENSG00000134013	55	2.34345347324518	48.0169829440245	23469636	1.14542806790081
GSE135251	GSM3998314	3	LOXL2	ENSG00000134013	42	1.45460746742138	33.9581225532751	28873769	1.23681749290198
GSE135251	GSM3998315	1	LOXL2	ENSG00000134013	12	0.406991296491125	10.9380628525452	29484660	1.0970864001945
GSE135251	GSM3998316	1	LOXL2	ENSG00000134013	27	0.930446632992769	23.0460942345891	29018322	1.17156511316684
GSE135251	GSM3998317	1	LOXL2	ENSG00000134013	12	0.403143850124555	10.0469230553112	29766050	1.19439553124241
GSE135251	GSM3998318	2	LOXL2	ENSG00000134013	39	1.24973395086854	29.95896579238	31206642	1.30178058449266
GSE135251	GSM3998319	3	LOXL2	ENSG00000134013	20	0.851326291871686	23.3465920074874	23492755	0.856656080407192
GSE135251	GSM3998320	1	LOXL2	ENSG00000134013	26	0.947094672348409	21.3387245470432	27452377	1.2184420836719
GSE135251	GSM3998321	0	LOXL2	ENSG00000134013	31	1.08699413966395	27.5724913071048	28519013	1.12430899532144
GSE135251	GSM3998322	3	LOXL2	ENSG00000134013	20	0.692721012292612	18.0952740029901	28871652	1.10526096464166
GSE135251	GSM3998323	0	LOXL2	ENSG00000134013	25	0.925287135103765	24.7324778906354	27018640	1.01081663190189
GSE135251	GSM3998324	3	LOXL2	ENSG00000134013	54	2.11821648525515	44.7119972961212	25493145	1.20772954163433
GSE135251	GSM3998325	0	LOXL2	ENSG00000134013	17	0.589311674950656	14.492642152454	28847214	1.17300902217623
GSE135251	GSM3998326	0	LOXL2	ENSG00000134013	25	0.988926593363472	24.5628109901203	25279935	1.01779881830526
GSE135251	GSM3998327	3	LOXL2	ENSG00000134013	51	1.98252794237079	38.6456195329177	25724732	1.31968385075465
GSE135251	GSM3998328	3	LOXL2	ENSG00000134013	24	0.818059313799577	18.9436732869906	29337726	1.26691374140631
GSE135251	GSM3998329	3	LOXL2	ENSG00000134013	59	2.36710548255331	50.5785318768052	24924956	1.16650281869998
GSE135251	GSM3998330	3	LOXL2	ENSG00000134013	25	1.10585564275448	31.815088813606	22606929	0.785790671415902
GSE135251	GSM3998331	1	LOXL2	ENSG00000134013	15	0.544631854282658	13.8068804038747	27541540	1.08641485702958
GSE135251	GSM3998332	4	LOXL2	ENSG00000134013	56	2.18259334259922	42.4262241649929	25657551	1.31993834243225
GSE135251	GSM3998333	3	LOXL2	ENSG00000134013	24	0.985556990818551	25.9456517792553	24351712	0.925010487467848
GSE135251	GSM3998334	3	LOXL2	ENSG00000134013	40	1.40741189548756	30.2622107964778	28420962	1.32178049611153
GSE135251	GSM3998335	2	LOXL2	ENSG00000134013	24	1.14603531708386	26.5480569675671	20941763	0.904020962035753
GSE135251	GSM3998336	0	LOXL2	ENSG00000134013	23	1.05295970721494	27.1456309429974	21843191	0.847281835087836
GSE135251	GSM3998337	2	LOXL2	ENSG00000134013	16	0.544048957877621	13.2372573409198	29409118	1.20870959806302
GSE135251	GSM3998338	3	LOXL2	ENSG00000134013	27	1.22645562908384	31.4075282074038	22014657	0.859666504848835
GSE135251	GSM3998339	0	LOXL2	ENSG00000134013	20	0.659123416608414	15.6122271399062	30343331	1.28104720875334
GSE135251	GSM3998340	3	LOXL2	ENSG00000134013	33	1.26609368126406	26.916131545507	26064422	1.2260305662501
GSE135251	GSM3998342	control	LOXL2	ENSG00000134013	43	1.74103053459841	43.2834880725535	24698016	0.993450433752514
GSE135251	GSM3998343	2	LOXL2	ENSG00000134013	23	1.31888167779182	31.6615351285399	17439017	0.726433506986451
GSE135251	GSM3998344	1	LOXL2	ENSG00000134013	25	1.18687661976019	27.7156147829632	21063689	0.902018598388355
GSE135251	GSM3998345	0	LOXL2	ENSG00000134013	39	2.06978772257117	51.6037813787097	18842512	0.755758569585956
GSE135251	GSM3998346	0	LOXL2	ENSG00000134013	42	1.681710636059	39.16901626407	24974570	1.07227609998791
GSE135251	GSM3998347	2	LOXL2	ENSG00000134013	52	2.23438270687473	54.1918253641501	23272647	0.959554317474604
GSE135251	GSM3998348	2	LOXL2	ENSG00000134013	66	2.83667251952437	62.871026735417	23266697	1.04976812734029
GSE135251	GSM3998349	0	LOXL2	ENSG00000134013	39	1.61676480636319	37.1905834433605	24122247	1.04865254559384
GSE135251	GSM3998350	2	LOXL2	ENSG00000134013	76	3.3660127404468	75.0597280993233	22578643	1.01252698250429
GSE135251	GSM3998351	1	LOXL2	ENSG00000134013	28	1.35712436978537	29.4162858380067	20631860	0.951853682487108
GSE135251	GSM3998352	1	LOXL2	ENSG00000134013	27	1.06611180417153	24.8773140013816	25325674	1.08532617301452
GSE135251	GSM3998353	0	LOXL2	ENSG00000134013	38	1.85156040252923	43.9506581965528	20523230	0.86460593673158
GSE135251	GSM3998354	3	LOXL2	ENSG00000134013	60	2.65326050781814	58.1318909961579	22613686	1.03213569990293
GSE135251	GSM3998355	2	LOXL2	ENSG00000134013	138	6.89627807872091	132.811467558401	20010794	1.03906690090084
GSE135251	GSM3998356	2	LOXL2	ENSG00000134013	19	0.914971857873472	20.6382076536391	20765666	0.920622581130479
GSE135251	GSM3998357	1	LOXL2	ENSG00000134013	33	1.42429226270061	36.1046130207547	23169402	0.914010627423979
GSE135251	GSM3998358	1	LOXL2	ENSG00000134013	41	1.74690350701531	38.8342893197303	23470100	1.05576800086231
GSE135251	GSM3998359	4	LOXL2	ENSG00000134013	68	2.97261223064691	55.848399087432	22875503	1.21758190227699
GSE135251	GSM3998360	2	LOXL2	ENSG00000134013	48	2.59988430514842	57.3039573192489	18462360	0.83763848511517
GSE135251	GSM3998361	0	LOXL2	ENSG00000134013	13	0.677826294498319	16.3125248460672	19178955	0.796933652066385
GSE135251	GSM3998362	2	LOXL2	ENSG00000134013	112	7.623068139271	149.871077488484	14692247	0.747308966325446
GSE135251	GSM3998363	1	LOXL2	ENSG00000134013	45	2.11181219625981	48.6930112182623	21308713	0.924157263519631
GSE135251	GSM3998364	3	LOXL2	ENSG00000134013	39	1.69870067691915	38.9975214206482	22958724	1.00006355735599
GSE135251	GSM3998365	3	LOXL2	ENSG00000134013	31	1.3809711969501	30.7143397571813	22447970	1.00930054968061
GSE135251	GSM3998366	0	LOXL2	ENSG00000134013	13	0.551770761828618	14.0213480729862	23560509	0.92715764078677
GSE135251	GSM3998367	1	LOXL2	ENSG00000134013	24	1.10249901154073	22.2766692072704	21768727	1.07736034398568
GSE135251	GSM3998368	2	LOXL2	ENSG00000134013	56	2.12244362088579	51.3461623236506	26384682	1.09063652405052
GSE135251	GSM3998369	3	LOXL2	ENSG00000134013	30	1.59691034045756	43.9555950925215	18786277	0.682506969518976
GSE135251	GSM3998370	2	LOXL2	ENSG00000134013	41	1.80311941417794	32.1873492414666	22738372	1.27379237390509
GSE135251	GSM3998371	2	LOXL2	ENSG00000134013	53	2.33370594838309	50.2537537722202	22710659	1.05464758394422
GSE135251	GSM3998372	3	LOXL2	ENSG00000134013	29	1.22441583120693	25.9973218650769	23684764	1.11549951762365
GSE135251	GSM3998373	3	LOXL2	ENSG00000134013	23	1.07557685758904	22.1137098798309	21383874	1.04007876222422
GSE135251	GSM3998374	3	LOXL2	ENSG00000134013	43	2.60186025747404	46.3367467983616	16526637	0.927989187223657
GSE135251	GSM3998375	1	LOXL2	ENSG00000134013	16	0.766039331523438	15.3249347637633	20886656	1.04405012136384
GSE135251	GSM3998376	2	LOXL2	ENSG00000134013	70	3.79356502983368	68.7355816556534	18452300	1.01839539746213
GSE135251	GSM3998377	1	LOXL2	ENSG00000134013	32	1.31857778859012	26.3968631399328	24268572	1.21226525403281
GSE135251	GSM3998378	3	LOXL2	ENSG00000134013	84	4.08404279396174	77.7799160476153	20567855	1.07997030941223
GSE135251	GSM3998379	3	LOXL2	ENSG00000134013	58	2.24199394592055	46.531365791034	25869829	1.24647104193051
GSE135251	GSM3998380	1	LOXL2	ENSG00000134013	61	2.88883370111501	57.771508854615	21115788	1.05588379478732
GSE135251	GSM3998381	2	LOXL2	ENSG00000134013	47	2.20995348000904	46.5523041883187	21267416	1.00961704945625
GSE135251	GSM3998382	3	LOXL2	ENSG00000134013	93	4.45096486867787	75.8387551702301	20894346	1.22628595091321
GSE135251	GSM3998167	2	LOXL3	ENSG00000115318	11	0.472342682726948	11.0519778844775	23288177	0.995296960867928
GSE135251	GSM3998168	3	LOXL3	ENSG00000115318	27	1.35373766970606	29.9641465712489	19944780	0.901076889869006
GSE135251	GSM3998169	2	LOXL3	ENSG00000115318	21	0.856264539422848	19.1782272887523	24525131	1.09499171554381
GSE135251	GSM3998170	3	LOXL3	ENSG00000115318	18	0.641787260572794	14.6527028578192	28046677	1.22844230000847
GSE135251	GSM3998171	0	LOXL3	ENSG00000115318	20	0.703475580902875	16.2964433852705	28430269	1.22726165011422
GSE135251	GSM3998172	1	LOXL3	ENSG00000115318	38	1.52410080659425	39.5990074600669	24932734	0.959620011646014
GSE135251	GSM3998173	3	LOXL3	ENSG00000115318	28	1.13117515079676	24.3364039515253	24753019	1.15053974513951
GSE135251	GSM3998174	2	LOXL3	ENSG00000115318	25	1.01752598975058	26.3576962584085	24569397	0.948489570366934
GSE135251	GSM3998175	0	LOXL3	ENSG00000115318	16	0.853482818003964	21.7734714075073	18746716	0.734839185748
GSE135251	GSM3998176	2	LOXL3	ENSG00000115318	12	0.498847537476545	12.5741803092088	24055446	0.954336561502283
GSE135251	GSM3998177	1	LOXL3	ENSG00000115318	33	1.23733832628094	30.5454815052465	26670151	1.08035618932155
GSE135251	GSM3998178	2	LOXL3	ENSG00000115318	31	1.24348070144024	31.5354797081473	24930021	0.983019769697401
GSE135251	GSM3998179	3	LOXL3	ENSG00000115318	38	1.72808500577476	41.9463608696787	21989659	0.905918873822226
GSE135251	GSM3998180	2	LOXL3	ENSG00000115318	23	0.984682408884233	23.3471033533967	23357785	0.985132915713666
GSE135251	GSM3998181	1	LOXL3	ENSG00000115318	18	0.785964353372717	20.9125567539226	22901802	0.860726893024389
GSE135251	GSM3998182	2	LOXL3	ENSG00000115318	27	1.04315827836694	29.4054064160702	25882937	0.91819849785325
GSE135251	GSM3998183	1	LOXL3	ENSG00000115318	11	0.502082409615809	12.3766492607166	21908754	0.888770439258868
GSE135251	GSM3998184	2	LOXL3	ENSG00000115318	21	0.793120517948487	19.1985623565719	26477691	1.09383190313786
GSE135251	GSM3998185	3	LOXL3	ENSG00000115318	38	1.3651143938919	34.4573098411823	27836495	1.10281389276024
GSE135251	GSM3998186	2	LOXL3	ENSG00000115318	28	1.09149231636188	25.8900015858825	25652952	1.08149858187989
GSE135251	GSM3998187	2	LOXL3	ENSG00000115318	38	1.66910912969312	35.2672018637333	22766636	1.07748837423581
GSE135251	GSM3998188	3	LOXL3	ENSG00000115318	43	1.57498813356324	35.3035727862177	27301793	1.21800703459642
GSE135251	GSM3998189	0	LOXL3	ENSG00000115318	26	1.02239553486839	25.2355450310283	25430471	1.03029278614874
GSE135251	GSM3998190	3	LOXL3	ENSG00000115318	11	0.509532637673055	12.193133568349	21588411	0.902147092733722
GSE135251	GSM3998191	4	LOXL3	ENSG00000115318	24	0.967021114825457	20.7820999417049	24818486	1.15483998572432
GSE135251	GSM3998192	1	LOXL3	ENSG00000115318	22	1.02910948443205	23.8207156277613	21377706	0.923565871982476
GSE135251	GSM3998193	3	LOXL3	ENSG00000115318	21	1.05441806441078	24.7345340141907	19916199	0.849015388280688
GSE135251	GSM3998194	1	LOXL3	ENSG00000115318	14	0.698206865128976	15.0248474402141	20051364	0.931789827198437
GSE135251	GSM3998195	3	LOXL3	ENSG00000115318	21	0.880474644594313	19.1758783459464	23850772	1.09512584618786
GSE135251	GSM3998196	1	LOXL3	ENSG00000115318	17	0.888510998773123	19.8548261876861	19133134	0.856214999783949
GSE135251	GSM3998197	1	LOXL3	ENSG00000115318	23	0.776262696746734	18.0436816788399	29629145	1.27468442468548
GSE135251	GSM3998198	1	LOXL3	ENSG00000115318	37	1.1470735905062	26.8555666691981	32255995	1.37774043109048
GSE135251	GSM3998199	2	LOXL3	ENSG00000115318	41	1.68923929846304	34.4150612841042	24271280	1.191338863573
GSE135251	GSM3998200	3	LOXL3	ENSG00000115318	16	0.578846677660653	14.4690617208854	27641171	1.10580770948712
GSE135251	GSM3998201	4	LOXL3	ENSG00000115318	29	1.26884236379382	28.2610531722214	22855479	1.02614717941598
GSE135251	GSM3998202	0	LOXL3	ENSG00000115318	14	0.590102970017753	13.8261240886185	23724673	1.01257589692288
GSE135251	GSM3998203	3	LOXL3	ENSG00000115318	9	0.384935127524517	9.49199874785343	23380563	0.948167002448805
GSE135251	GSM3998204	1	LOXL3	ENSG00000115318	14	0.685649728294154	17.3412695598468	20418589	0.807322667563889
GSE135251	GSM3998205	1	LOXL3	ENSG00000115318	12	0.560600099983028	13.9455928494069	21405633	0.860486902893506
GSE135251	GSM3998206	0	LOXL3	ENSG00000115318	12	0.569759177039845	11.626149500406	21061530	1.03215600311874
GSE135251	GSM3998207	3	LOXL3	ENSG00000115318	24	1.14747046590313	24.4463609657646	20915571	0.981741210219806
GSE135251	GSM3998208	4	LOXL3	ENSG00000115318	9	0.37735347500832	10.1446770876635	23850317	0.887164758644169
GSE135251	GSM3998209	3	LOXL3	ENSG00000115318	25	1.15411273613262	24.8834661837412	21661662	1.00468318261605
GSE135251	GSM3998210	3	LOXL3	ENSG00000115318	23	1.20868580538309	26.571891279743	19028932	0.865576324916473
GSE135251	GSM3998211	2	LOXL3	ENSG00000115318	17	0.849406137698828	18.6922822041494	20013983	0.909466260691608
GSE135251	GSM3998212	1	LOXL3	ENSG00000115318	20	0.930420503081157	21.1870767951857	21495657	0.943971657503246
GSE135251	GSM3998213	0	LOXL3	ENSG00000115318	24	0.786211810375539	18.7595644094481	30526125	1.27934740253951
GSE135251	GSM3998214	4	LOXL3	ENSG00000115318	29	1.42522502828826	30.9160657451841	20347664	0.938023623025755
GSE135251	GSM3998215	2	LOXL3	ENSG00000115318	5	0.216127391363134	4.90590347991898	23134504	1.01918026322087
GSE135251	GSM3998216	control	LOXL3	ENSG00000115318	21	0.840747895698097	22.3258217903522	24977761	0.940614871747964
GSE135251	GSM3998217	control	LOXL3	ENSG00000115318	16	0.81276004829217	20.9045874645279	19686007	0.765382240962644
GSE135251	GSM3998218	control	LOXL3	ENSG00000115318	46	2.0066054835206	46.330304352972	22924287	0.992870663001574
GSE135251	GSM3998219	0	LOXL3	ENSG00000115318	28	0.935244724150905	25.0552344098238	29938688	1.11753095349296
GSE135251	GSM3998220	control	LOXL3	ENSG00000115318	17	0.738081076035376	19.3381376789775	23032700	0.87909188993316
GSE135251	GSM3998221	control	LOXL3	ENSG00000115318	11	0.518168299556297	13.4255168045002	21228624	0.819335312016655
GSE135251	GSM3998222	control	LOXL3	ENSG00000115318	13	0.593643602227552	14.6942818975358	21898661	0.884697877082385
GSE135251	GSM3998223	control	LOXL3	ENSG00000115318	14	0.667308140449107	15.9838893899178	20979813	0.875881937022837
GSE135251	GSM3998225	3	LOXL3	ENSG00000115318	92	3.05866346978707	58.6008582244464	30078497	1.56994287775841
GSE135251	GSM3998226	4	LOXL3	ENSG00000115318	36	1.17325219642588	26.2318250228661	30683940	1.37237877915925
GSE135251	GSM3998227	4	LOXL3	ENSG00000115318	42	1.92028960161809	39.9715207905025	21871701	1.05074811189019
GSE135251	GSM3998228	1	LOXL3	ENSG00000115318	32	1.09155994593094	26.1123477055452	29315843	1.22547387775495
GSE135251	GSM3998229	3	LOXL3	ENSG00000115318	28	1.16640636364651	30.5311389107384	24005356	0.917096479167106
GSE135251	GSM3998230	4	LOXL3	ENSG00000115318	31	1.60220256336905	42.2738009540973	19348365	0.733314707936036
GSE135251	GSM3998231	1	LOXL3	ENSG00000115318	21	0.865669846464384	23.5435961531428	24258671	0.891962292565775
GSE135251	GSM3998232	1	LOXL3	ENSG00000115318	45	2.04730484373673	44.638983715141	21980117	1.0080874664881
GSE135251	GSM3998233	3	LOXL3	ENSG00000115318	74	3.19660958947455	65.574416553923	23149527	1.12848888162274
GSE135251	GSM3998234	1	LOXL3	ENSG00000115318	40	1.82241902525276	42.6787668516704	21948849	0.937234202174106
GSE135251	GSM3998235	2	LOXL3	ENSG00000115318	19	0.574804010740364	15.9928301963868	33054745	1.18803237242477
GSE135251	GSM3998236	1	LOXL3	ENSG00000115318	27	1.11526208906929	26.1100828147298	24209556	1.03408327700777
GSE135251	GSM3998237	2	LOXL3	ENSG00000115318	29	1.07651585125045	31.8680129918624	26938758	0.910003394545034
GSE135251	GSM3998238	2	LOXL3	ENSG00000115318	42	1.70617033250904	43.0036464420703	24616534	0.976661364207282
GSE135251	GSM3998239	3	LOXL3	ENSG00000115318	16	0.589167912265828	16.5958908869985	27156944	0.96409407057109
GSE135251	GSM3998240	2	LOXL3	ENSG00000115318	16	0.689379866187059	16.6274177454204	23209265	0.96226607432214
GSE135251	GSM3998241	3	LOXL3	ENSG00000115318	34	1.34329765192361	32.8078820546459	25310846	1.0363363274523
GSE135251	GSM3998242	4	LOXL3	ENSG00000115318	41	2.31609198681319	53.7724236033511	17702233	0.762472606822299
GSE135251	GSM3998243	2	LOXL3	ENSG00000115318	28	1.24736955376735	30.1806159101031	22447237	0.927747799561203
GSE135251	GSM3998244	0	LOXL3	ENSG00000115318	22	0.925349412989878	22.8105366398301	23774803	0.964466568558724
GSE135251	GSM3998245	2	LOXL3	ENSG00000115318	29	1.15373888979287	25.2089458634415	25135670	1.15038527025664
GSE135251	GSM3998246	2	LOXL3	ENSG00000115318	28	1.17994239521227	25.4133767699888	23729972	1.10178195732988
GSE135251	GSM3998247	0	LOXL3	ENSG00000115318	17	0.519677131323542	12.7605249987152	32712619	1.33223358770205
GSE135251	GSM3998248	2	LOXL3	ENSG00000115318	46	1.68760092816584	36.3151562140703	27257629	1.26668875465768
GSE135251	GSM3998249	0	LOXL3	ENSG00000115318	28	0.892204433860917	21.5434850424561	31382942	1.29969686635286
GSE135251	GSM3998250	4	LOXL3	ENSG00000115318	33	1.08544505023242	26.0445269037053	30402276	1.26706083477773
GSE135251	GSM3998251	3	LOXL3	ENSG00000115318	24	0.86471719298099	22.4250553275009	27754739	1.07023147321147
GSE135251	GSM3998252	2	LOXL3	ENSG00000115318	19	0.763535014409714	20.0563139738805	24884255	0.947332596844257
GSE135251	GSM3998253	3	LOXL3	ENSG00000115318	23	0.999159316039826	25.8993701429722	23019352	0.888052484405342
GSE135251	GSM3998254	0	LOXL3	ENSG00000115318	32	1.0911969933158	26.3763385304215	29325594	1.21320857188318
GSE135251	GSM3998255	1	LOXL3	ENSG00000115318	16	0.555275893165612	15.2263994378513	28814505	1.05080653277922
GSE135251	GSM3998256	2	LOXL3	ENSG00000115318	23	1.06638125976811	25.6073901929862	21568271	0.898178214439817
GSE135251	GSM3998257	2	LOXL3	ENSG00000115318	36	1.34122610121369	29.6129211755371	26841112	1.21568553762738
GSE135251	GSM3998258	4	LOXL3	ENSG00000115318	42	1.53574344133339	32.4825863329344	27348318	1.29300048861614
GSE135251	GSM3998259	2	LOXL3	ENSG00000115318	26	1.20734440604367	50.2794037591402	21534866	0.517110348494805
GSE135251	GSM3998260	2	LOXL3	ENSG00000115318	21	0.765806575930014	23.0132322955109	27422068	0.912518490681398
GSE135251	GSM3998261	3	LOXL3	ENSG00000115318	13	0.453260555958938	12.4606073542688	28681075	1.04328782942883
GSE135251	GSM3998262	3	LOXL3	ENSG00000115318	26	0.943154996387172	24.3653591386341	27567049	1.06708872428537
GSE135251	GSM3998263	2	LOXL3	ENSG00000115318	27	0.904661085309842	23.2923126022138	29845431	1.15918073319323
GSE135251	GSM3998264	2	LOXL3	ENSG00000115318	24	0.769891469361928	19.9268300847043	31173225	1.20440631540399
GSE135251	GSM3998265	3	LOXL3	ENSG00000115318	23	0.800977164280347	23.7907540183041	28714926	0.966762128779284
GSE135251	GSM3998266	0	LOXL3	ENSG00000115318	31	1.18362078073078	35.6607455866447	26190821	0.8693031929094
GSE135251	GSM3998267	0	LOXL3	ENSG00000115318	14	0.463814808553315	12.6093091017461	30184461	1.11029080872173
GSE135251	GSM3998268	3	LOXL3	ENSG00000115318	24	1.48869882202364	35.2269752792857	16121461	0.681296075229955
GSE135251	GSM3998269	2	LOXL3	ENSG00000115318	30	1.17093802088446	27.6012211400883	25620485	1.08690843233844
GSE135251	GSM3998270	0	LOXL3	ENSG00000115318	15	0.484659148590873	13.0939031119802	30949586	1.14557132977987
GSE135251	GSM3998271	1	LOXL3	ENSG00000115318	31	0.984053258232082	23.6466683092637	31502360	1.31096692331307
GSE135251	GSM3998272	0	LOXL3	ENSG00000115318	42	1.76976913235256	43.9899570273148	23731909	0.954763378693933
GSE135251	GSM3998273	1	LOXL3	ENSG00000115318	16	0.7978670619832	24.8903620622893	20053466	0.642819094393213
GSE135251	GSM3998274	3	LOXL3	ENSG00000115318	21	0.74858343951633	21.5282136562353	28052985	0.975464120494629
GSE135251	GSM3998275	4	LOXL3	ENSG00000115318	42	1.66710494326385	49.1086863306872	25193375	0.855245846268033
GSE135251	GSM3998276	0	LOXL3	ENSG00000115318	30	1.24688688711821	30.8300941751288	24059921	0.973075198200384
GSE135251	GSM3998277	2	LOXL3	ENSG00000115318	16	0.926201856895793	23.1172219475405	17274852	0.692124686794482
GSE135251	GSM3998278	2	LOXL3	ENSG00000115318	33	1.77851792867335	45.543876615134	18554775	0.724576001267188
GSE135251	GSM3998279	1	LOXL3	ENSG00000115318	22	0.896645579600465	23.940149945732	24535893	0.918958321057722
GSE135251	GSM3998280	3	LOXL3	ENSG00000115318	26	1.73701035264851	51.5863806555709	14968247	0.50400899752195
GSE135251	GSM3998281	0	LOXL3	ENSG00000115318	26	1.08742799815087	23.9614550725055	23909629	1.08507600733453
GSE135251	GSM3998282	3	LOXL3	ENSG00000115318	28	1.03695427272379	25.9171665093776	27002155	1.08036501559184
GSE135251	GSM3998283	1	LOXL3	ENSG00000115318	23	1.28690594463261	30.9842788624254	17872324	0.742311935098547
GSE135251	GSM3998284	2	LOXL3	ENSG00000115318	20	0.942669348309584	24.5580539112995	21216347	0.814396778842386
GSE135251	GSM3998285	4	LOXL3	ENSG00000115318	75	2.89330419968891	74.8365701076385	25921920	1.00218382392628
GSE135251	GSM3998286	0	LOXL3	ENSG00000115318	29	0.943739920898323	24.2006520517321	30728805	1.19831481970026
GSE135251	GSM3998287	2	LOXL3	ENSG00000115318	27	0.95951940444976	23.8543638434646	28139087	1.13186837331641
GSE135251	GSM3998288	0	LOXL3	ENSG00000115318	14	0.574675275630682	15.8098475480885	24361584	0.885524035409988
GSE135251	GSM3998289	0	LOXL3	ENSG00000115318	26	1.03904686153298	26.7892592187181	25022933	0.970538221595667
GSE135251	GSM3998290	0	LOXL3	ENSG00000115318	42	1.11065744574174	25.9592332394263	37815440	1.61792143907438
GSE135251	GSM3998291	1	LOXL3	ENSG00000115318	36	1.34579932292836	31.1538621761372	26749902	1.15555496125854
GSE135251	GSM3998292	1	LOXL3	ENSG00000115318	26	1.22001427792094	30.4189258706741	21311226	0.854731035229149
GSE135251	GSM3998293	0	LOXL3	ENSG00000115318	19	0.93356422833448	23.647334152694	20352108	0.803473232006385
GSE135251	GSM3998294	1	LOXL3	ENSG00000115318	13	0.455648186884735	13.8882751897378	28530784	0.93604136024075
GSE135251	GSM3998295	1	LOXL3	ENSG00000115318	20	0.751469865663865	21.5772546995754	26614507	0.926901975180074
GSE135251	GSM3998296	1	LOXL3	ENSG00000115318	22	0.815170047806759	21.4854612736983	26988234	1.02394822804812
GSE135251	GSM3998297	2	LOXL3	ENSG00000115318	15	0.580317577633725	15.4421649618998	25847916	0.97136638787432
GSE135251	GSM3998298	3	LOXL3	ENSG00000115318	18	0.641207659054499	16.057310658444	28072029	1.12098472670044
GSE135251	GSM3998299	2	LOXL3	ENSG00000115318	27	0.969510893244858	26.8681960200975	27849094	1.0049055760872
GSE135251	GSM3998300	1	LOXL3	ENSG00000115318	34	1.15082413393291	30.3607092876427	29544045	1.11986843515012
GSE135251	GSM3998301	3	LOXL3	ENSG00000115318	37	1.27109602865971	31.6374068578837	29108737	1.16950166510818
GSE135251	GSM3998302	1	LOXL3	ENSG00000115318	15	0.555462381884165	14.4724859832735	27004529	1.03644944049946
GSE135251	GSM3998303	0	LOXL3	ENSG00000115318	9	0.373299728615245	8.98749251868048	24109313	1.00139165415643
GSE135251	GSM3998304	0	LOXL3	ENSG00000115318	5	0.168172664085059	5.0861082410122	29731348	0.983069915752508
GSE135251	GSM3998305	0	LOXL3	ENSG00000115318	23	0.786240947503752	18.3783315025626	29253119	1.25147378023914
GSE135251	GSM3998306	1	LOXL3	ENSG00000115318	8	0.30274417538182	8.52424567056824	26424951	0.938499464840823
GSE135251	GSM3998307	0	LOXL3	ENSG00000115318	21	0.7565757511203	17.0676806492329	27756639	1.2303956484529
GSE135251	GSM3998308	3	LOXL3	ENSG00000115318	23	0.778227284865158	18.4433412928805	29554348	1.24706253789699
GSE135251	GSM3998309	3	LOXL3	ENSG00000115318	13	0.460752303602027	12.1861756803586	28214726	1.06678258552871
GSE135251	GSM3998310	1	LOXL3	ENSG00000115318	16	0.714206482004117	19.3253461505406	22402485	0.827928249013663
GSE135251	GSM3998311	1	LOXL3	ENSG00000115318	15	0.416737697291961	11.4511387066349	35993864	1.30991339676192
GSE135251	GSM3998312	2	LOXL3	ENSG00000115318	26	0.92595936334738	23.6054036564951	28078986	1.1014427195718
GSE135251	GSM3998313	2	LOXL3	ENSG00000115318	29	1.23563910407473	25.3180455523038	23469636	1.14542806790081
GSE135251	GSM3998314	3	LOXL3	ENSG00000115318	21	0.727303733710691	16.9790612766375	28873769	1.23681749290198
GSE135251	GSM3998315	1	LOXL3	ENSG00000115318	19	0.644402886110947	17.3185995165299	29484660	1.0970864001945
GSE135251	GSM3998316	1	LOXL3	ENSG00000115318	18	0.620297755328513	15.3640628230594	29018322	1.17156511316684
GSE135251	GSM3998317	1	LOXL3	ENSG00000115318	9	0.302357887593416	7.53519229148339	29766050	1.19439553124241
GSE135251	GSM3998318	2	LOXL3	ENSG00000115318	25	0.801111506967011	19.2044652515256	31206642	1.30178058449266
GSE135251	GSM3998319	3	LOXL3	ENSG00000115318	17	0.723627348090933	19.8446032063643	23492755	0.856656080407192
GSE135251	GSM3998320	1	LOXL3	ENSG00000115318	19	0.692107645177684	15.5936833228393	27452377	1.2184420836719
GSE135251	GSM3998321	0	LOXL3	ENSG00000115318	26	0.91167250423428	23.1253152898298	28519013	1.12430899532144
GSE135251	GSM3998322	3	LOXL3	ENSG00000115318	21	0.727357062907242	19.0000377031396	28871652	1.10526096464166
GSE135251	GSM3998323	0	LOXL3	ENSG00000115318	5	0.185057427020753	4.94649557812708	27018640	1.01081663190189
GSE135251	GSM3998324	3	LOXL3	ENSG00000115318	32	1.25523939866972	26.4959983977015	25493145	1.20772954163433
GSE135251	GSM3998325	0	LOXL3	ENSG00000115318	13	0.450650104374031	11.0826087048177	28847214	1.17300902217623
GSE135251	GSM3998326	0	LOXL3	ENSG00000115318	10	0.395570637345389	9.82512439604814	25279935	1.01779881830526
GSE135251	GSM3998327	3	LOXL3	ENSG00000115318	41	1.59379697327848	31.0680470754829	25724732	1.31968385075465
GSE135251	GSM3998328	3	LOXL3	ENSG00000115318	25	0.852145118541226	19.7329930072819	29337726	1.26691374140631
GSE135251	GSM3998329	3	LOXL3	ENSG00000115318	74	2.96891196116856	63.4374806590438	24924956	1.16650281869998
GSE135251	GSM3998330	3	LOXL3	ENSG00000115318	20	0.884684514203588	25.4520710508848	22606929	0.785790671415902
GSE135251	GSM3998331	1	LOXL3	ENSG00000115318	32	1.16188128913634	29.4546781949326	27541540	1.08641485702958
GSE135251	GSM3998332	4	LOXL3	ENSG00000115318	66	2.57234215377765	50.0023356230274	25657551	1.31993834243225
GSE135251	GSM3998333	3	LOXL3	ENSG00000115318	15	0.615973119261594	16.2160323620346	24351712	0.925010487467848
GSE135251	GSM3998334	3	LOXL3	ENSG00000115318	25	0.879632434679727	18.9138817477986	28420962	1.32178049611153
GSE135251	GSM3998335	2	LOXL3	ENSG00000115318	21	1.00278090244838	23.2295498466212	20941763	0.904020962035753
GSE135251	GSM3998336	0	LOXL3	ENSG00000115318	5	0.228904284177161	5.90122411804292	21843191	0.847281835087836
GSE135251	GSM3998337	2	LOXL3	ENSG00000115318	13	0.442039778275567	10.7552715894974	29409118	1.20870959806302
GSE135251	GSM3998338	3	LOXL3	ENSG00000115318	20	0.908485651173216	23.264835709188	22014657	0.859666504848835
GSE135251	GSM3998339	0	LOXL3	ENSG00000115318	22	0.725035758269255	17.1734498538968	30343331	1.28104720875334
GSE135251	GSM3998340	3	LOXL3	ENSG00000115318	29	1.11262778050478	23.6535701460516	26064422	1.2260305662501
GSE135251	GSM3998342	control	LOXL3	ENSG00000115318	22	0.890759808399185	22.1450404092134	24698016	0.993450433752514
GSE135251	GSM3998343	2	LOXL3	ENSG00000115318	30	1.72028044929367	41.2976545154869	17439017	0.726433506986451
GSE135251	GSM3998344	1	LOXL3	ENSG00000115318	25	1.18687661976019	27.7156147829632	21063689	0.902018598388355
GSE135251	GSM3998345	0	LOXL3	ENSG00000115318	46	2.44128808303267	60.8659985492473	18842512	0.755758569585956
GSE135251	GSM3998346	0	LOXL3	ENSG00000115318	47	1.88191428320888	43.831994390745	24974570	1.07227609998791
GSE135251	GSM3998347	2	LOXL3	ENSG00000115318	42	1.80469372478343	43.770320486429	23272647	0.959554317474604
GSE135251	GSM3998348	2	LOXL3	ENSG00000115318	37	1.59025580640002	35.2458786244005	23266697	1.04976812734029
GSE135251	GSM3998349	0	LOXL3	ENSG00000115318	42	1.74113132992959	40.0513975543882	24122247	1.04865254559384
GSE135251	GSM3998350	2	LOXL3	ENSG00000115318	49	2.17019242476175	48.3937720640374	22578643	1.01252698250429
GSE135251	GSM3998351	1	LOXL3	ENSG00000115318	37	1.79334291721638	38.8715205716517	20631860	0.951853682487108
GSE135251	GSM3998352	1	LOXL3	ENSG00000115318	37	1.46096802793876	34.0911340018933	25325674	1.08532617301452
GSE135251	GSM3998353	0	LOXL3	ENSG00000115318	28	1.36430766502154	32.3846955132494	20523230	0.86460593673158
GSE135251	GSM3998354	3	LOXL3	ENSG00000115318	24	1.06130420312726	23.2527563984632	22613686	1.03213569990293
GSE135251	GSM3998355	2	LOXL3	ENSG00000115318	62	3.09832783246882	59.6689202073977	20010794	1.03906690090084
GSE135251	GSM3998356	2	LOXL3	ENSG00000115318	14	0.674189790012032	15.2071003763656	20765666	0.920622581130479
GSE135251	GSM3998357	1	LOXL3	ENSG00000115318	28	1.20849040471567	30.6342171085192	23169402	0.914010627423979
GSE135251	GSM3998358	1	LOXL3	ENSG00000115318	56	2.38601454616725	53.0419561440218	23470100	1.05576800086231
GSE135251	GSM3998359	4	LOXL3	ENSG00000115318	67	2.9288973449021	55.0270991008521	22875503	1.21758190227699
GSE135251	GSM3998360	2	LOXL3	ENSG00000115318	70	3.79149794500811	83.5682710905713	18462360	0.83763848511517
GSE135251	GSM3998361	0	LOXL3	ENSG00000115318	32	1.66849549414971	40.1539073133963	19178955	0.796933652066385
GSE135251	GSM3998362	2	LOXL3	ENSG00000115318	48	3.26702920254472	64.2304617807789	14692247	0.747308966325446
GSE135251	GSM3998363	1	LOXL3	ENSG00000115318	32	1.50173311734031	34.6261413107643	21308713	0.924157263519631
GSE135251	GSM3998364	3	LOXL3	ENSG00000115318	37	1.61158782169253	36.9976485272816	22958724	1.00006355735599
GSE135251	GSM3998365	3	LOXL3	ENSG00000115318	44	1.96008815050982	43.5945467521283	22447970	1.00930054968061
GSE135251	GSM3998366	0	LOXL3	ENSG00000115318	15	0.636658571340713	16.1784785457533	23560509	0.92715764078677
GSE135251	GSM3998367	1	LOXL3	ENSG00000115318	52	2.38874785833825	48.2661166157525	21768727	1.07736034398568
GSE135251	GSM3998368	2	LOXL3	ENSG00000115318	25	0.947519473609726	22.9223938944869	26384682	1.09063652405052
GSE135251	GSM3998369	3	LOXL3	ENSG00000115318	40	2.12921378727674	58.6074601233619	18786277	0.682506969518976
GSE135251	GSM3998370	2	LOXL3	ENSG00000115318	76	3.34236769457374	59.6643546914991	22738372	1.27379237390509
GSE135251	GSM3998371	2	LOXL3	ENSG00000115318	53	2.33370594838309	50.2537537722202	22710659	1.05464758394422
GSE135251	GSM3998372	3	LOXL3	ENSG00000115318	34	1.43552200900123	30.479618738366	23684764	1.11549951762365
GSE135251	GSM3998373	3	LOXL3	ENSG00000115318	41	1.91733265918046	39.4200915249159	21383874	1.04007876222422
GSE135251	GSM3998374	3	LOXL3	ENSG00000115318	49	2.96491052595879	52.8023393748772	16526637	0.927989187223657
GSE135251	GSM3998375	1	LOXL3	ENSG00000115318	41	1.96297578702881	39.2701453321434	20886656	1.04405012136384
GSE135251	GSM3998376	2	LOXL3	ENSG00000115318	45	2.43872037632165	44.1871596357772	18452300	1.01839539746213
GSE135251	GSM3998377	1	LOXL3	ENSG00000115318	34	1.400988900377	28.0466670861786	24268572	1.21226525403281
GSE135251	GSM3998378	3	LOXL3	ENSG00000115318	51	2.47959741061963	47.2235204574807	20567855	1.07997030941223
GSE135251	GSM3998379	3	LOXL3	ENSG00000115318	46	1.7781331295232	36.9041866618546	25869829	1.24647104193051
GSE135251	GSM3998380	1	LOXL3	ENSG00000115318	29	1.37337995626779	27.4651435538334	21115788	1.05588379478732
GSE135251	GSM3998381	2	LOXL3	ENSG00000115318	43	2.02187233277423	42.5904059595256	21267416	1.00961704945625
GSE135251	GSM3998382	3	LOXL3	ENSG00000115318	83	3.97236649570176	67.6840503132161	20894346	1.22628595091321
GSE135251	GSM3998167	2	LOXL4	ENSG00000138131	17	0.729984146032555	17.0803294578288	23288177	0.995296960867928
GSE135251	GSM3998168	3	LOXL4	ENSG00000138131	109	5.46508911103557	120.966369491338	19944780	0.901076889869006
GSE135251	GSM3998169	2	LOXL4	ENSG00000138131	119	4.85216572339614	108.67662130293	24525131	1.09499171554381
GSE135251	GSM3998170	3	LOXL4	ENSG00000138131	179	6.38221775791834	145.712989530535	28046677	1.22844230000847
GSE135251	GSM3998171	0	LOXL4	ENSG00000138131	34	1.19590848753489	27.7039537549599	28430269	1.22726165011422
GSE135251	GSM3998172	1	LOXL4	ENSG00000138131	32	1.28345331081621	33.3465325979511	24932734	0.959620011646014
GSE135251	GSM3998173	3	LOXL4	ENSG00000138131	24	0.969578700682935	20.8597748155931	24753019	1.15053974513951
GSE135251	GSM3998174	2	LOXL4	ENSG00000138131	27	1.09892806893063	28.4663119590812	24569397	0.948489570366934
GSE135251	GSM3998175	0	LOXL4	ENSG00000138131	17	0.906825494129212	23.1343133704765	18746716	0.734839185748
GSE135251	GSM3998176	2	LOXL4	ENSG00000138131	26	1.08083633119918	27.244057336619	24055446	0.954336561502283
GSE135251	GSM3998177	1	LOXL4	ENSG00000138131	29	1.08735792309537	26.84299889855	26670151	1.08035618932155
GSE135251	GSM3998178	2	LOXL4	ENSG00000138131	36	1.44404210489835	36.6218474030097	24930021	0.983019769697401
GSE135251	GSM3998179	3	LOXL4	ENSG00000138131	148	6.73043633828064	163.37003707138	21989659	0.905918873822226
GSE135251	GSM3998180	2	LOXL4	ENSG00000138131	27	1.1559315234728	27.4074691539874	23357785	0.985132915713666
GSE135251	GSM3998181	1	LOXL4	ENSG00000138131	23	1.00428778486514	26.7216002966789	22901802	0.860726893024389
GSE135251	GSM3998182	2	LOXL4	ENSG00000138131	29	1.12042926194968	31.5835846691124	25882937	0.91819849785325
GSE135251	GSM3998183	1	LOXL4	ENSG00000138131	23	1.04980867465124	25.8784484542255	21908754	0.888770439258868
GSE135251	GSM3998184	2	LOXL4	ENSG00000138131	90	3.39908793406495	82.2795529567369	26477691	1.09383190313786
GSE135251	GSM3998185	3	LOXL4	ENSG00000138131	166	5.96339445752779	150.52403772727	27836495	1.10281389276024
GSE135251	GSM3998186	2	LOXL4	ENSG00000138131	27	1.05251044792038	24.965358672101	25652952	1.08149858187989
GSE135251	GSM3998187	2	LOXL4	ENSG00000138131	166	7.29137146129099	154.06198708894	22766636	1.07748837423581
GSE135251	GSM3998188	3	LOXL4	ENSG00000138131	257	9.41330117036636	211.000423396697	27301793	1.21800703459642
GSE135251	GSM3998189	0	LOXL4	ENSG00000138131	34	1.33697877636635	33.0003281174985	25430471	1.03029278614874
GSE135251	GSM3998190	3	LOXL4	ENSG00000138131	43	1.99180940181285	47.6640675853643	21588411	0.902147092733722
GSE135251	GSM3998191	4	LOXL4	ENSG00000138131	323	13.0144925036926	279.692428382112	24818486	1.15483998572432
GSE135251	GSM3998192	1	LOXL4	ENSG00000138131	47	2.19855208037757	50.8897106593083	21377706	0.923565871982476
GSE135251	GSM3998193	3	LOXL4	ENSG00000138131	90	4.5189345617605	106.005145775103	19916199	0.849015388280688
GSE135251	GSM3998194	1	LOXL4	ENSG00000138131	64	3.19180281201817	68.6850168695503	20051364	0.931789827198437
GSE135251	GSM3998195	3	LOXL4	ENSG00000138131	73	3.06069757406595	66.6590056787659	23850772	1.09512584618786
GSE135251	GSM3998196	1	LOXL4	ENSG00000138131	45	2.35194087910533	52.5568928497573	19133134	0.856214999783949
GSE135251	GSM3998197	1	LOXL4	ENSG00000138131	62	2.09253422601293	48.6394897429597	29629145	1.27468442468548
GSE135251	GSM3998198	1	LOXL4	ENSG00000138131	51	1.5811014355626	37.0171324359216	32255995	1.37774043109048
GSE135251	GSM3998199	2	LOXL4	ENSG00000138131	114	4.69690926889723	95.6906582045825	24271280	1.191338863573
GSE135251	GSM3998200	3	LOXL4	ENSG00000138131	35	1.26622710738268	31.6510725144368	27641171	1.10580770948712
GSE135251	GSM3998201	4	LOXL4	ENSG00000138131	271	11.8571131237284	264.094669299035	22855479	1.02614717941598
GSE135251	GSM3998202	0	LOXL4	ENSG00000138131	30	1.26450636432376	29.6274087613254	23724673	1.01257589692288
GSE135251	GSM3998203	3	LOXL4	ENSG00000138131	48	2.05298734679742	50.623993321885	23380563	0.948167002448805
GSE135251	GSM3998204	1	LOXL4	ENSG00000138131	30	1.46924941777319	37.1598633425289	20418589	0.807322667563889
GSE135251	GSM3998205	1	LOXL4	ENSG00000138131	30	1.40150024995757	34.8639821235174	21405633	0.860486902893506
GSE135251	GSM3998206	0	LOXL4	ENSG00000138131	17	0.80715883413978	16.4703784589085	21061530	1.03215600311874
GSE135251	GSM3998207	3	LOXL4	ENSG00000138131	192	9.17976372722504	195.570887726117	20915571	0.981741210219806
GSE135251	GSM3998208	4	LOXL4	ENSG00000138131	62	2.59954616116842	69.8855532705706	23850317	0.887164758644169
GSE135251	GSM3998209	3	LOXL4	ENSG00000138131	201	9.27906639850626	200.06306811728	21661662	1.00468318261605
GSE135251	GSM3998210	3	LOXL4	ENSG00000138131	90	4.72964010802078	103.976965877255	19028932	0.865576324916473
GSE135251	GSM3998211	2	LOXL4	ENSG00000138131	107	5.34626216081027	117.65142328494	20013983	0.909466260691608
GSE135251	GSM3998212	1	LOXL4	ENSG00000138131	19	0.883899477927099	20.1277229554264	21495657	0.943971657503246
GSE135251	GSM3998213	0	LOXL4	ENSG00000138131	86	2.81725898717901	67.221772467189	30526125	1.27934740253951
GSE135251	GSM3998214	4	LOXL4	ENSG00000138131	277	13.6133563046844	295.301731428137	20347664	0.938023623025755
GSE135251	GSM3998215	2	LOXL4	ENSG00000138131	115	4.97093000135209	112.835780038136	23134504	1.01918026322087
GSE135251	GSM3998216	control	LOXL4	ENSG00000138131	34	1.3612108787493	36.1465686129511	24977761	0.940614871747964
GSE135251	GSM3998217	control	LOXL4	ENSG00000138131	18	0.914355054328691	23.5176608975939	19686007	0.765382240962644
GSE135251	GSM3998218	control	LOXL4	ENSG00000138131	21	0.916059025085491	21.1507911176611	22924287	0.992870663001574
GSE135251	GSM3998219	0	LOXL4	ENSG00000138131	11	0.367417570202141	9.84312780385934	29938688	1.11753095349296
GSE135251	GSM3998220	control	LOXL4	ENSG00000138131	22	0.955163745457545	25.025825231618	23032700	0.87909188993316
GSE135251	GSM3998221	control	LOXL4	ENSG00000138131	20	0.942124181011449	24.4100305536367	21228624	0.819335312016655
GSE135251	GSM3998222	control	LOXL4	ENSG00000138131	18	0.821968064622764	20.3459287812034	21898661	0.884697877082385
GSE135251	GSM3998223	control	LOXL4	ENSG00000138131	30	1.42994601524809	34.2511915498239	20979813	0.875881937022837
GSE135251	GSM3998225	3	LOXL4	ENSG00000138131	647	21.5103833146982	412.116905121922	30078497	1.56994287775841
GSE135251	GSM3998226	4	LOXL4	ENSG00000138131	827	26.9522101790057	602.603313719729	30683940	1.37237877915925
GSE135251	GSM3998227	4	LOXL4	ENSG00000138131	205	9.37284210313592	195.099089572691	21871701	1.05074811189019
GSE135251	GSM3998228	1	LOXL4	ENSG00000138131	50	1.7055624155171	40.8005432899144	29315843	1.22547387775495
GSE135251	GSM3998229	3	LOXL4	ENSG00000138131	253	10.5393146429488	275.870648014886	24005356	0.917096479167106
GSE135251	GSM3998230	4	LOXL4	ENSG00000138131	461	23.8263026359075	628.652330317382	19348365	0.733314707936036
GSE135251	GSM3998231	1	LOXL4	ENSG00000138131	28	1.15422646195251	31.3914615375237	24258671	0.891962292565775
GSE135251	GSM3998232	1	LOXL4	ENSG00000138131	43	1.95631351734843	42.6550288833569	21980117	1.0080874664881
GSE135251	GSM3998233	3	LOXL4	ENSG00000138131	216	9.3306442071149	191.406405076316	23149527	1.12848888162274
GSE135251	GSM3998234	1	LOXL4	ENSG00000138131	166	7.56303895479895	177.116882434432	21948849	0.937234202174106
GSE135251	GSM3998235	2	LOXL4	ENSG00000138131	70	2.11769898693818	58.9209533551094	33054745	1.18803237242477
GSE135251	GSM3998236	1	LOXL4	ENSG00000138131	155	6.40243051132371	149.891216158634	24209556	1.03408327700777
GSE135251	GSM3998237	2	LOXL4	ENSG00000138131	39	1.44772821375061	42.8569829890563	26938758	0.910003394545034
GSE135251	GSM3998238	2	LOXL4	ENSG00000138131	69	2.80299411769342	70.6488477262583	24616534	0.976661364207282
GSE135251	GSM3998239	3	LOXL4	ENSG00000138131	362	13.3299240150144	375.48203131834	27156944	0.96409407057109
GSE135251	GSM3998240	2	LOXL4	ENSG00000138131	83	3.57615805584537	86.2547295543684	23209265	0.96226607432214
GSE135251	GSM3998241	3	LOXL4	ENSG00000138131	84	3.31873537534067	81.0547674291252	25310846	1.0363363274523
GSE135251	GSM3998242	4	LOXL4	ENSG00000138131	135	7.62615654194587	177.055541132985	17702233	0.762472606822299
GSE135251	GSM3998243	2	LOXL4	ENSG00000138131	42	1.87105433065103	45.2709238651547	22447237	0.927747799561203
GSE135251	GSM3998244	0	LOXL4	ENSG00000138131	31	1.30390144557665	32.1421198106697	23774803	0.964466568558724
GSE135251	GSM3998245	2	LOXL4	ENSG00000138131	101	4.01819406445104	87.7966735243996	25135670	1.15038527025664
GSE135251	GSM3998246	2	LOXL4	ENSG00000138131	50	2.10703999145047	45.3810299464085	23729972	1.10178195732988
GSE135251	GSM3998247	0	LOXL4	ENSG00000138131	52	1.58960063698966	39.0321941137169	32712619	1.33223358770205
GSE135251	GSM3998248	2	LOXL4	ENSG00000138131	78	2.86158418254207	61.5778735803801	27257629	1.26668875465768
GSE135251	GSM3998249	0	LOXL4	ENSG00000138131	22	0.701017769462149	16.9270239619298	31382942	1.29969686635286
GSE135251	GSM3998250	4	LOXL4	ENSG00000138131	164	5.39433297691265	129.433406430535	30402276	1.26706083477773
GSE135251	GSM3998251	3	LOXL4	ENSG00000138131	326	11.7457418713251	304.607001531887	27754739	1.07023147321147
GSE135251	GSM3998252	2	LOXL4	ENSG00000138131	34	1.36632581525949	35.890246058523	24884255	0.947332596844257
GSE135251	GSM3998253	3	LOXL4	ENSG00000138131	308	13.3800464930551	346.826348001541	23019352	0.888052484405342
GSE135251	GSM3998254	0	LOXL4	ENSG00000138131	32	1.0911969933158	26.3763385304215	29325594	1.21320857188318
GSE135251	GSM3998255	1	LOXL4	ENSG00000138131	42	1.45759921955973	39.9692985243597	28814505	1.05080653277922
GSE135251	GSM3998256	2	LOXL4	ENSG00000138131	43	1.99366931174038	47.8746860129742	21568271	0.898178214439817
GSE135251	GSM3998257	2	LOXL4	ENSG00000138131	86	3.20404013067715	70.7419783637831	26841112	1.21568553762738
GSE135251	GSM3998258	4	LOXL4	ENSG00000138131	869	31.7752631075886	672.080179126666	27348318	1.29300048861614
GSE135251	GSM3998259	2	LOXL4	ENSG00000138131	9	0.417926909784347	17.4044089935485	21534866	0.517110348494805
GSE135251	GSM3998260	2	LOXL4	ENSG00000138131	29	1.05754241437954	31.780177931896	27422068	0.912518490681398
GSE135251	GSM3998261	3	LOXL4	ENSG00000138131	80	2.78929572897808	76.6806606416539	28681075	1.04328782942883
GSE135251	GSM3998262	3	LOXL4	ENSG00000138131	34	1.23335653373707	31.8623927197522	27567049	1.06708872428537
GSE135251	GSM3998263	2	LOXL4	ENSG00000138131	52	1.74231023837451	44.8592687153747	29845431	1.15918073319323
GSE135251	GSM3998264	2	LOXL4	ENSG00000138131	196	6.28744699978908	162.735779025085	31173225	1.20440631540399
GSE135251	GSM3998265	3	LOXL4	ENSG00000138131	47	1.63677942265984	48.6158886460997	28714926	0.966762128779284
GSE135251	GSM3998266	0	LOXL4	ENSG00000138131	20	0.763626310148888	23.0069326365449	26190821	0.8693031929094
GSE135251	GSM3998267	0	LOXL4	ENSG00000138131	26	0.861370358741871	23.4172883318142	30184461	1.11029080872173
GSE135251	GSM3998268	3	LOXL4	ENSG00000138131	54	3.34957234955318	79.2606943783928	16121461	0.681296075229955
GSE135251	GSM3998269	2	LOXL4	ENSG00000138131	37	1.44415689242417	34.0415060727756	25620485	1.08690843233844
GSE135251	GSM3998270	0	LOXL4	ENSG00000138131	31	1.0016289070878	27.0607330980925	30949586	1.14557132977987
GSE135251	GSM3998271	1	LOXL4	ENSG00000138131	37	1.17451517918023	28.223442820734	31502360	1.31096692331307
GSE135251	GSM3998272	0	LOXL4	ENSG00000138131	16	0.674197764705739	16.7580788675485	23731909	0.954763378693933
GSE135251	GSM3998273	1	LOXL4	ENSG00000138131	141	7.03120348372695	219.346315673925	20053466	0.642819094393213
GSE135251	GSM3998274	3	LOXL4	ENSG00000138131	350	12.4763906586055	358.803560937254	28052985	0.975464120494629
GSE135251	GSM3998275	4	LOXL4	ENSG00000138131	83	3.29451691168809	97.0481182249295	25193375	0.855245846268033
GSE135251	GSM3998276	0	LOXL4	ENSG00000138131	50	2.07814481186368	51.3834902918814	24059921	0.973075198200384
GSE135251	GSM3998277	2	LOXL4	ENSG00000138131	20	1.15775232111974	28.8965274344256	17274852	0.692124686794482
GSE135251	GSM3998278	2	LOXL4	ENSG00000138131	16	0.862311722993138	22.0818795709741	18554775	0.724576001267188
GSE135251	GSM3998279	1	LOXL4	ENSG00000138131	27	1.1004286658733	29.3810931152166	24535893	0.918958321057722
GSE135251	GSM3998280	3	LOXL4	ENSG00000138131	234	15.6330931738366	464.277425900138	14968247	0.50400899752195
GSE135251	GSM3998281	0	LOXL4	ENSG00000138131	120	5.01889845300402	110.591331103872	23909629	1.08507600733453
GSE135251	GSM3998282	3	LOXL4	ENSG00000138131	113	4.18485117206386	104.594279127131	27002155	1.08036501559184
GSE135251	GSM3998283	1	LOXL4	ENSG00000138131	26	1.4547632417586	35.0257065401331	17872324	0.742311935098547
GSE135251	GSM3998284	2	LOXL4	ENSG00000138131	18	0.848402413478626	22.1022485201696	21216347	0.814396778842386
GSE135251	GSM3998285	4	LOXL4	ENSG00000138131	114	4.39782238352715	113.751586563611	25921920	1.00218382392628
GSE135251	GSM3998286	0	LOXL4	ENSG00000138131	30	0.976282676791369	25.0351572948952	30728805	1.19831481970026
GSE135251	GSM3998287	2	LOXL4	ENSG00000138131	18	0.639679602966507	15.9029092289764	28139087	1.13186837331641
GSE135251	GSM3998288	0	LOXL4	ENSG00000138131	19	0.779916445498782	21.4562216724058	24361584	0.885524035409988
GSE135251	GSM3998289	0	LOXL4	ENSG00000138131	17	0.679376794079255	17.5160541045465	25022933	0.970538221595667
GSE135251	GSM3998290	0	LOXL4	ENSG00000138131	214	5.65906412830315	132.268474124696	37815440	1.61792143907438
GSE135251	GSM3998291	1	LOXL4	ENSG00000138131	50	1.86916572628939	43.2692530224128	26749902	1.15555496125854
GSE135251	GSM3998292	1	LOXL4	ENSG00000138131	56	2.62772306013741	65.5176864906826	21311226	0.854731035229149
GSE135251	GSM3998293	0	LOXL4	ENSG00000138131	28	1.37577886280871	34.8487029618648	20352108	0.803473232006385
GSE135251	GSM3998294	1	LOXL4	ENSG00000138131	41	1.43704428171339	43.8014832907114	28530784	0.93604136024075
GSE135251	GSM3998295	1	LOXL4	ENSG00000138131	40	1.50293973132773	43.1545093991508	26614507	0.926901975180074
GSE135251	GSM3998296	1	LOXL4	ENSG00000138131	28	1.03748915175406	27.3451325301615	26988234	1.02394822804812
GSE135251	GSM3998297	2	LOXL4	ENSG00000138131	46	1.77964057141009	47.3559725498261	25847916	0.97136638787432
GSE135251	GSM3998298	3	LOXL4	ENSG00000138131	56	1.994868272614	49.956077604048	28072029	1.12098472670044
GSE135251	GSM3998299	2	LOXL4	ENSG00000138131	27	0.969510893244858	26.8681960200975	27849094	1.0049055760872
GSE135251	GSM3998300	1	LOXL4	ENSG00000138131	89	3.01245140941262	79.473621370594	29544045	1.11986843515012
GSE135251	GSM3998301	3	LOXL4	ENSG00000138131	741	25.4562745199148	633.603202207886	29108737	1.16950166510818
GSE135251	GSM3998302	1	LOXL4	ENSG00000138131	54	1.99966457478299	52.1009495397845	27004529	1.03644944049946
GSE135251	GSM3998303	0	LOXL4	ENSG00000138131	21	0.871032700102239	20.9708158769211	24109313	1.00139165415643
GSE135251	GSM3998304	0	LOXL4	ENSG00000138131	31	1.04267051732737	31.5338710942756	29731348	0.983069915752508
GSE135251	GSM3998305	0	LOXL4	ENSG00000138131	38	1.29900678283229	30.3641998737991	29253119	1.25147378023914
GSE135251	GSM3998306	1	LOXL4	ENSG00000138131	19	0.719017416531822	20.2450834675996	26424951	0.938499464840823
GSE135251	GSM3998307	0	LOXL4	ENSG00000138131	18	0.648493500960257	14.6294405564854	27756639	1.2303956484529
GSE135251	GSM3998308	3	LOXL4	ENSG00000138131	91	3.07907317055345	72.9714807674837	29554348	1.24706253789699
GSE135251	GSM3998309	3	LOXL4	ENSG00000138131	172	6.09610740150374	161.232478232437	28214726	1.06678258552871
GSE135251	GSM3998310	1	LOXL4	ENSG00000138131	33	1.47305086913349	39.8585264354899	22402485	0.827928249013663
GSE135251	GSM3998311	1	LOXL4	ENSG00000138131	61	1.69473330232064	46.5679640736485	35993864	1.30991339676192
GSE135251	GSM3998312	2	LOXL4	ENSG00000138131	82	2.92033337671097	74.447811532023	28078986	1.1014427195718
GSE135251	GSM3998313	2	LOXL4	ENSG00000138131	108	4.60169045655416	94.2878937809936	23469636	1.14542806790081
GSE135251	GSM3998314	3	LOXL4	ENSG00000138131	326	11.2905246280802	263.579713151611	28873769	1.23681749290198
GSE135251	GSM3998315	1	LOXL4	ENSG00000138131	38	1.28880577222189	34.6371990330599	29484660	1.0970864001945
GSE135251	GSM3998316	1	LOXL4	ENSG00000138131	24	0.82706367377135	20.4854170974126	29018322	1.17156511316684
GSE135251	GSM3998317	1	LOXL4	ENSG00000138131	54	1.8141473255605	45.2111537489003	29766050	1.19439553124241
GSE135251	GSM3998318	2	LOXL4	ENSG00000138131	130	4.16577983622845	99.8632193079332	31206642	1.30178058449266
GSE135251	GSM3998319	3	LOXL4	ENSG00000138131	27	1.14929049402678	31.517899210108	23492755	0.856656080407192
GSE135251	GSM3998320	1	LOXL4	ENSG00000138131	52	1.89418934469682	42.6774490940865	27452377	1.2184420836719
GSE135251	GSM3998321	0	LOXL4	ENSG00000138131	30	1.05192981257802	26.6830561036498	28519013	1.12430899532144
GSE135251	GSM3998322	3	LOXL4	ENSG00000138131	41	1.42007807519985	37.0953117061297	28871652	1.10526096464166
GSE135251	GSM3998323	0	LOXL4	ENSG00000138131	34	1.25839050374112	33.6361699312641	27018640	1.01081663190189
GSE135251	GSM3998324	3	LOXL4	ENSG00000138131	290	11.3756070504443	240.11998547917	25493145	1.20772954163433
GSE135251	GSM3998325	0	LOXL4	ENSG00000138131	24	0.831969423459749	20.4602006858174	28847214	1.17300902217623
GSE135251	GSM3998326	0	LOXL4	ENSG00000138131	34	1.34494016697432	33.4054229465637	25279935	1.01779881830526
GSE135251	GSM3998327	3	LOXL4	ENSG00000138131	508	19.7475332298894	384.94068083769	25724732	1.31968385075465
GSE135251	GSM3998328	3	LOXL4	ENSG00000138131	142	4.84018427331416	112.083400281361	29337726	1.26691374140631
GSE135251	GSM3998329	3	LOXL4	ENSG00000138131	108	4.33300664602979	92.584431232118	24924956	1.16650281869998
GSE135251	GSM3998330	3	LOXL4	ENSG00000138131	30	1.32702677130538	38.1781065763272	22606929	0.785790671415902
GSE135251	GSM3998331	1	LOXL4	ENSG00000138131	35	1.27080765999287	32.2160542757075	27541540	1.08641485702958
GSE135251	GSM3998332	4	LOXL4	ENSG00000138131	482	18.7858926988004	365.168572277261	25657551	1.31993834243225
GSE135251	GSM3998333	3	LOXL4	ENSG00000138131	114	4.68139570638812	123.241845951463	24351712	0.925010487467848
GSE135251	GSM3998334	3	LOXL4	ENSG00000138131	68	2.39260022232886	51.4457583540123	28420962	1.32178049611153
GSE135251	GSM3998335	2	LOXL4	ENSG00000138131	87	4.15437802442898	96.2367065074308	20941763	0.904020962035753
GSE135251	GSM3998336	0	LOXL4	ENSG00000138131	24	1.09874056405037	28.325875766606	21843191	0.847281835087836
GSE135251	GSM3998337	2	LOXL4	ENSG00000138131	40	1.36012239469405	33.0931433522995	29409118	1.20870959806302
GSE135251	GSM3998338	3	LOXL4	ENSG00000138131	40	1.81697130234643	46.529671418376	22014657	0.859666504848835
GSE135251	GSM3998339	0	LOXL4	ENSG00000138131	34	1.1205098082343	26.5407861378405	30343331	1.28104720875334
GSE135251	GSM3998340	3	LOXL4	ENSG00000138131	52	1.99505670987064	42.4132981929201	26064422	1.2260305662501
GSE135251	GSM3998342	control	LOXL4	ENSG00000138131	34	1.37662879479874	34.2241533596934	24698016	0.993450433752514
GSE135251	GSM3998343	2	LOXL4	ENSG00000138131	40	2.2937072657249	55.0635393539825	17439017	0.726433506986451
GSE135251	GSM3998344	1	LOXL4	ENSG00000138131	33	1.56667713808346	36.5846115135114	21063689	0.902018598388355
GSE135251	GSM3998345	0	LOXL4	ENSG00000138131	25	1.32678700164819	33.0793470376344	18842512	0.755758569585956
GSE135251	GSM3998346	0	LOXL4	ENSG00000138131	62	2.48252522465852	57.82092877077	24974570	1.07227609998791
GSE135251	GSM3998347	2	LOXL4	ENSG00000138131	122	5.24220558151378	127.142359508198	23272647	0.959554317474604
GSE135251	GSM3998348	2	LOXL4	ENSG00000138131	73	3.13753172614059	69.5391659346279	23266697	1.04976812734029
GSE135251	GSM3998349	0	LOXL4	ENSG00000138131	29	1.20220972780852	27.6545364066014	24122247	1.04865254559384
GSE135251	GSM3998350	2	LOXL4	ENSG00000138131	143	6.33341870899859	141.230804186885	22578643	1.01252698250429
GSE135251	GSM3998351	1	LOXL4	ENSG00000138131	87	4.21677929183312	91.400602425235	20631860	0.951853682487108
GSE135251	GSM3998352	1	LOXL4	ENSG00000138131	83	3.27730665726804	76.4747060042472	25325674	1.08532617301452
GSE135251	GSM3998353	0	LOXL4	ENSG00000138131	69	3.36204388880308	79.8051425147932	20523230	0.86460593673158
GSE135251	GSM3998354	3	LOXL4	ENSG00000138131	121	5.35074202409992	117.232646842252	22613686	1.03213569990293
GSE135251	GSM3998355	2	LOXL4	ENSG00000138131	275	13.7425831278859	264.660533177974	20010794	1.03906690090084
GSE135251	GSM3998356	2	LOXL4	ENSG00000138131	56	2.69675916004813	60.8284015054625	20765666	0.920622581130479
GSE135251	GSM3998357	1	LOXL4	ENSG00000138131	52	2.24433932304338	56.8921174872499	23169402	0.914010627423979
GSE135251	GSM3998358	1	LOXL4	ENSG00000138131	33	1.40604428613427	31.2568670134414	23470100	1.05576800086231
GSE135251	GSM3998359	4	LOXL4	ENSG00000138131	407	17.7919584981366	334.269094538012	22875503	1.21758190227699
GSE135251	GSM3998360	2	LOXL4	ENSG00000138131	45	2.43739153607664	53.7224599867958	18462360	0.83763848511517
GSE135251	GSM3998361	0	LOXL4	ENSG00000138131	10	0.521404841921784	12.5480960354363	19178955	0.796933652066385
GSE135251	GSM3998362	2	LOXL4	ENSG00000138131	398	27.0891171377666	532.577578932292	14692247	0.747308966325446
GSE135251	GSM3998363	1	LOXL4	ENSG00000138131	47	2.20567051609358	50.8571450501851	21308713	0.924157263519631
GSE135251	GSM3998364	3	LOXL4	ENSG00000138131	73	3.17961921577175	72.99536060788	22958724	1.00006355735599
GSE135251	GSM3998365	3	LOXL4	ENSG00000138131	74	3.29651188949379	73.3181013558521	22447970	1.00930054968061
GSE135251	GSM3998366	0	LOXL4	ENSG00000138131	51	2.16463914255842	55.0068270555612	23560509	0.92715764078677
GSE135251	GSM3998367	1	LOXL4	ENSG00000138131	69	3.1696846581796	64.0454239709024	21768727	1.07736034398568
GSE135251	GSM3998368	2	LOXL4	ENSG00000138131	135	5.11660515749252	123.780927030229	26384682	1.09063652405052
GSE135251	GSM3998369	3	LOXL4	ENSG00000138131	79	4.20519722987157	115.74973374364	18786277	0.682506969518976
GSE135251	GSM3998370	2	LOXL4	ENSG00000138131	45	1.97903350336603	35.3275784357561	22738372	1.27379237390509
GSE135251	GSM3998371	2	LOXL4	ENSG00000138131	132	5.81224877710506	125.160292413832	22710659	1.05464758394422
GSE135251	GSM3998372	3	LOXL4	ENSG00000138131	152	6.41762780494667	136.261824947989	23684764	1.11549951762365
GSE135251	GSM3998373	3	LOXL4	ENSG00000138131	59	2.75908846077189	56.7264731700009	21383874	1.04007876222422
GSE135251	GSM3998374	3	LOXL4	ENSG00000138131	68	4.11456970949383	73.2767158671765	16526637	0.927989187223657
GSE135251	GSM3998375	1	LOXL4	ENSG00000138131	38	1.81934341236816	36.3967200639378	20886656	1.04405012136384
GSE135251	GSM3998376	2	LOXL4	ENSG00000138131	513	27.8014122900668	503.73361984786	18452300	1.01839539746213
GSE135251	GSM3998377	1	LOXL4	ENSG00000138131	59	2.43112779771303	48.669216414251	24268572	1.21226525403281
GSE135251	GSM3998378	3	LOXL4	ENSG00000138131	444	21.5870833395121	411.122413394538	20567855	1.07997030941223
GSE135251	GSM3998379	3	LOXL4	ENSG00000138131	378	14.6116157165167	303.256142569153	25869829	1.24647104193051
GSE135251	GSM3998380	1	LOXL4	ENSG00000138131	44	2.08374889916493	41.6712522885748	21115788	1.05588379478732
GSE135251	GSM3998381	2	LOXL4	ENSG00000138131	56	2.63313606128737	55.4665752031031	21267416	1.00961704945625
GSE135251	GSM3998382	3	LOXL4	ENSG00000138131	257	12.2999781854862	209.57591482526	20894346	1.22628595091321
GSE135251	GSM3998167	2	COL1A1	ENSG00000108821	234	10.0480170689187	235.105711360703	23288177	0.995296960867928
GSE135251	GSM3998168	3	COL1A1	ENSG00000108821	495	24.8185239446111	549.342687139563	19944780	0.901076889869006
GSE135251	GSM3998169	2	COL1A1	ENSG00000108821	501	20.4280254405165	457.53770817452	24525131	1.09499171554381
GSE135251	GSM3998170	3	COL1A1	ENSG00000108821	492	17.542185122323	400.507211447057	28046677	1.22844230000847
GSE135251	GSM3998171	0	COL1A1	ENSG00000108821	364	12.8032555724323	296.595269611923	28430269	1.22726165011422
GSE135251	GSM3998172	1	COL1A1	ENSG00000108821	329	13.1955043518292	342.844038272684	24932734	0.959620011646014
GSE135251	GSM3998173	3	COL1A1	ENSG00000108821	451	18.2199997503335	391.989935076354	24753019	1.15053974513951
GSE135251	GSM3998174	2	COL1A1	ENSG00000108821	230	9.36123910570536	242.490805577358	24569397	0.948489570366934
GSE135251	GSM3998175	0	COL1A1	ENSG00000108821	115	6.13440775440349	156.496825741459	18746716	0.734839185748
GSE135251	GSM3998176	2	COL1A1	ENSG00000108821	136	5.65360542473417	142.507376837699	24055446	0.954336561502283
GSE135251	GSM3998177	1	COL1A1	ENSG00000108821	209	7.83647606644597	193.454716199895	26670151	1.08035618932155
GSE135251	GSM3998178	2	COL1A1	ENSG00000108821	231	9.26593683976439	234.990187502646	24930021	0.983019769697401
GSE135251	GSM3998179	3	COL1A1	ENSG00000108821	392	17.8265611122028	432.709827918791	21989659	0.905918873822226
GSE135251	GSM3998180	2	COL1A1	ENSG00000108821	172	7.36371192730818	174.595729425401	23357785	0.985132915713666
GSE135251	GSM3998181	1	COL1A1	ENSG00000108821	168	7.33566729814536	195.183863036611	22901802	0.860726893024389
GSE135251	GSM3998182	2	COL1A1	ENSG00000108821	118	4.55898803138145	128.512516929492	25882937	0.91819849785325
GSE135251	GSM3998183	1	COL1A1	ENSG00000108821	115	5.24904337325619	129.392242271128	21908754	0.888770439258868
GSE135251	GSM3998184	2	COL1A1	ENSG00000108821	392	14.8049163350384	358.373163989343	26477691	1.09383190313786
GSE135251	GSM3998185	3	COL1A1	ENSG00000108821	641	23.0273243811766	581.240410742049	27836495	1.10281389276024
GSE135251	GSM3998186	2	COL1A1	ENSG00000108821	108	4.21004179168152	99.8614346884038	25652952	1.08149858187989
GSE135251	GSM3998187	2	COL1A1	ENSG00000108821	527	23.1479081933756	489.100404794407	22766636	1.07748837423581
GSE135251	GSM3998188	3	COL1A1	ENSG00000108821	939	34.3933455212996	770.931508052522	27301793	1.21800703459642
GSE135251	GSM3998189	0	COL1A1	ENSG00000108821	175	6.88150840776799	169.854630016537	25430471	1.03029278614874
GSE135251	GSM3998190	3	COL1A1	ENSG00000108821	280	12.9699216862232	310.370672648883	21588411	0.902147092733722
GSE135251	GSM3998191	4	COL1A1	ENSG00000108821	643	25.908107368032	556.787094271511	24818486	1.15483998572432
GSE135251	GSM3998192	1	COL1A1	ENSG00000108821	143	6.68921164880834	154.834651580449	21377706	0.923565871982476
GSE135251	GSM3998193	3	COL1A1	ENSG00000108821	254	12.7534375409685	299.170078076402	19916199	0.849015388280688
GSE135251	GSM3998194	1	COL1A1	ENSG00000108821	99	4.93731997484061	106.247135470086	20051364	0.931789827198437
GSE135251	GSM3998195	3	COL1A1	ENSG00000108821	692	29.013735907584	631.890848352137	23850772	1.09512584618786
GSE135251	GSM3998196	1	COL1A1	ENSG00000108821	415	21.690121440638	484.691345169984	19133134	0.856214999783949
GSE135251	GSM3998197	1	COL1A1	ENSG00000108821	412	13.9052274373763	323.217254420958	29629145	1.27468442468548
GSE135251	GSM3998198	1	COL1A1	ENSG00000108821	224	6.94444552090239	162.585052267577	32255995	1.37774043109048
GSE135251	GSM3998199	2	COL1A1	ENSG00000108821	744	30.6535131233293	624.507453545696	24271280	1.191338863573
GSE135251	GSM3998200	3	COL1A1	ENSG00000108821	412	14.9053019497618	372.578339312799	27641171	1.10580770948712
GSE135251	GSM3998201	4	COL1A1	ENSG00000108821	716	31.3272804302198	697.755657631398	22855479	1.02614717941598
GSE135251	GSM3998202	0	COL1A1	ENSG00000108821	637	26.8496851358078	629.088646032144	23724673	1.01257589692288
GSE135251	GSM3998203	3	COL1A1	ENSG00000108821	251	10.7354130009615	264.721298412357	23380563	0.948167002448805
GSE135251	GSM3998204	1	COL1A1	ENSG00000108821	507	24.8303151603669	628.001690488738	20418589	0.807322667563889
GSE135251	GSM3998205	1	COL1A1	ENSG00000108821	96	4.48480079986422	111.564742795256	21405633	0.860486902893506
GSE135251	GSM3998206	0	COL1A1	ENSG00000108821	114	5.41271218187852	110.448420253857	21061530	1.03215600311874
GSE135251	GSM3998207	3	COL1A1	ENSG00000108821	681	32.5594744700013	693.665492403572	20915571	0.981741210219806
GSE135251	GSM3998208	4	COL1A1	ENSG00000108821	77	3.22846861951562	86.7933484166764	23850317	0.887164758644169
GSE135251	GSM3998209	3	COL1A1	ENSG00000108821	520	24.0055449115585	517.576096621818	21661662	1.00468318261605
GSE135251	GSM3998210	3	COL1A1	ENSG00000108821	960	50.4494944855549	1109.08763602405	19028932	0.865576324916473
GSE135251	GSM3998211	2	COL1A1	ENSG00000108821	357	17.8375288916754	392.537926287137	20013983	0.909466260691608
GSE135251	GSM3998212	1	COL1A1	ENSG00000108821	142	6.60598557187622	150.428245245818	21495657	0.943971657503246
GSE135251	GSM3998213	0	COL1A1	ENSG00000108821	381	12.4811124897117	297.808084999988	30526125	1.27934740253951
GSE135251	GSM3998214	4	COL1A1	ENSG00000108821	1053	51.750412234053	1122.57300791996	20347664	0.938023623025755
GSE135251	GSM3998215	2	COL1A1	ENSG00000108821	375	16.2095543522351	367.942760993923	23134504	1.01918026322087
GSE135251	GSM3998216	control	COL1A1	ENSG00000108821	190	7.60676667536374	201.995530484139	24977761	0.940614871747964
GSE135251	GSM3998217	control	COL1A1	ENSG00000108821	136	6.90846041048345	177.688993448488	19686007	0.765382240962644
GSE135251	GSM3998218	control	COL1A1	ENSG00000108821	431	18.8010209434213	434.094808176759	22924287	0.992870663001574
GSE135251	GSM3998219	0	COL1A1	ENSG00000108821	139	4.64282202346342	124.381342248768	29938688	1.11753095349296
GSE135251	GSM3998220	control	COL1A1	ENSG00000108821	132	5.73098247274527	150.154951389708	23032700	0.87909188993316
GSE135251	GSM3998221	control	COL1A1	ENSG00000108821	199	9.37413560106392	242.879804008685	21228624	0.819335312016655
GSE135251	GSM3998222	control	COL1A1	ENSG00000108821	114	5.20579774261084	128.857548947621	21898661	0.884697877082385
GSE135251	GSM3998223	control	COL1A1	ENSG00000108821	135	6.43475706861639	154.130361974208	20979813	0.875881937022837
GSE135251	GSM3998225	3	COL1A1	ENSG00000108821	4600	152.933173489354	2930.04291122232	30078497	1.56994287775841
GSE135251	GSM3998226	4	COL1A1	ENSG00000108821	1051	34.2524460678779	765.823558306452	30683940	1.37237877915925
GSE135251	GSM3998227	4	COL1A1	ENSG00000108821	1393	63.6896051203334	1325.72210621833	21871701	1.05074811189019
GSE135251	GSM3998228	1	COL1A1	ENSG00000108821	451	15.3841729879642	368.020900475028	29315843	1.22547387775495
GSE135251	GSM3998229	3	COL1A1	ENSG00000108821	686	28.5769559093396	748.01290331309	24005356	0.917096479167106
GSE135251	GSM3998230	4	COL1A1	ENSG00000108821	796	41.1404271110246	1085.48211482134	19348365	0.733314707936036
GSE135251	GSM3998231	1	COL1A1	ENSG00000108821	289	11.9132659822956	324.004728012298	24258671	0.891962292565775
GSE135251	GSM3998232	1	COL1A1	ENSG00000108821	327	14.8770818644869	324.376614996691	21980117	1.0080874664881
GSE135251	GSM3998233	3	COL1A1	ENSG00000108821	2160	93.306442071149	1914.06405076316	23149527	1.12848888162274
GSE135251	GSM3998234	1	COL1A1	ENSG00000108821	588	26.7895596712156	627.377872719555	21948849	0.937234202174106
GSE135251	GSM3998235	2	COL1A1	ENSG00000108821	435	13.1599865616873	366.151638706751	33054745	1.18803237242477
GSE135251	GSM3998236	1	COL1A1	ENSG00000108821	858	35.4405508304242	829.720409445859	24209556	1.03408327700777
GSE135251	GSM3998237	2	COL1A1	ENSG00000108821	506	18.7833455425079	556.041881858012	26938758	0.910003394545034
GSE135251	GSM3998238	2	COL1A1	ENSG00000108821	764	31.0360508104025	782.256806708136	24616534	0.976661364207282
GSE135251	GSM3998239	3	COL1A1	ENSG00000108821	549	20.2158239896212	569.446506060135	27156944	0.96409407057109
GSE135251	GSM3998240	2	COL1A1	ENSG00000108821	525	22.6202768592629	545.587144771607	23209265	0.96226607432214
GSE135251	GSM3998241	3	COL1A1	ENSG00000108821	665	26.273321721447	641.683575480574	25310846	1.0363363274523
GSE135251	GSM3998242	4	COL1A1	ENSG00000108821	1892	106.87917168416	2481.40062091561	17702233	0.762472606822299
GSE135251	GSM3998243	2	COL1A1	ENSG00000108821	839	37.376537700386	904.340598163447	22447237	0.927747799561203
GSE135251	GSM3998244	0	COL1A1	ENSG00000108821	228	9.58998482553147	236.400106994603	23774803	0.964466568558724
GSE135251	GSM3998245	2	COL1A1	ENSG00000108821	655	26.0585852694597	569.374466915661	25135670	1.15038527025664
GSE135251	GSM3998246	2	COL1A1	ENSG00000108821	487	20.5225695167276	442.011231678019	23729972	1.10178195732988
GSE135251	GSM3998247	0	COL1A1	ENSG00000108821	313	9.56817306495698	234.943783799873	32712619	1.33223358770205
GSE135251	GSM3998248	2	COL1A1	ENSG00000108821	1403	51.471828309058	1107.61226452915	27257629	1.26668875465768
GSE135251	GSM3998249	0	COL1A1	ENSG00000108821	156	4.97085327436797	120.027988093684	31382942	1.29969686635286
GSE135251	GSM3998250	4	COL1A1	ENSG00000108821	397	13.0582328770385	313.323550932455	30402276	1.26706083477773
GSE135251	GSM3998251	3	COL1A1	ENSG00000108821	804	28.9680259648632	751.23935347128	27754739	1.07023147321147
GSE135251	GSM3998252	2	COL1A1	ENSG00000108821	483	19.4098637873627	509.852613125489	24884255	0.947332596844257
GSE135251	GSM3998253	3	COL1A1	ENSG00000108821	620	26.9338598236823	698.156934288816	23019352	0.888052484405342
GSE135251	GSM3998254	0	COL1A1	ENSG00000108821	451	15.3790576245446	371.741521163128	29325594	1.21320857188318
GSE135251	GSM3998255	1	COL1A1	ENSG00000108821	242	8.39854788412988	230.299291497501	28814505	1.05080653277922
GSE135251	GSM3998256	2	COL1A1	ENSG00000108821	634	29.395031247521	705.873277493619	21568271	0.898178214439817
GSE135251	GSM3998257	2	COL1A1	ENSG00000108821	965	35.9523107686448	793.790803733148	26841112	1.21568553762738
GSE135251	GSM3998258	4	COL1A1	ENSG00000108821	1251	45.7432153597161	967.517035773831	27348318	1.29300048861614
GSE135251	GSM3998259	2	COL1A1	ENSG00000108821	175	8.12635657914008	338.419063763444	21534866	0.517110348494805
GSE135251	GSM3998260	2	COL1A1	ENSG00000108821	345	12.5811080331359	378.074530569108	27422068	0.912518490681398
GSE135251	GSM3998261	3	COL1A1	ENSG00000108821	208	7.25216889534301	199.3697176683	28681075	1.04328782942883
GSE135251	GSM3998262	3	COL1A1	ENSG00000108821	235	8.52467015965329	220.225361445346	27567049	1.06708872428537
GSE135251	GSM3998263	2	COL1A1	ENSG00000108821	256	8.5775273273822	220.845630598768	29845431	1.15918073319323
GSE135251	GSM3998264	2	COL1A1	ENSG00000108821	352	11.2917415506416	292.260174575662	31173225	1.20440631540399
GSE135251	GSM3998265	3	COL1A1	ENSG00000108821	261	9.08934955987698	269.973339077277	28714926	0.966762128779284
GSE135251	GSM3998266	0	COL1A1	ENSG00000108821	134	5.11629627799755	154.146448664851	26190821	0.8693031929094
GSE135251	GSM3998267	0	COL1A1	ENSG00000108821	264	8.74622210414822	237.775543061498	30184461	1.11029080872173
GSE135251	GSM3998268	3	COL1A1	ENSG00000108821	276	17.1200364532718	405.110215711786	16121461	0.681296075229955
GSE135251	GSM3998269	2	COL1A1	ENSG00000108821	240	9.36750416707568	220.809769120707	25620485	1.08690843233844
GSE135251	GSM3998270	0	COL1A1	ENSG00000108821	200	6.46212198121164	174.585374826403	30949586	1.14557132977987
GSE135251	GSM3998271	1	COL1A1	ENSG00000108821	278	8.82473567059738	212.057219031461	31502360	1.31096692331307
GSE135251	GSM3998272	0	COL1A1	ENSG00000108821	162	6.8262523676456	169.675548533929	23731909	0.954763378693933
GSE135251	GSM3998273	1	COL1A1	ENSG00000108821	131	6.53253656998745	203.789839384994	20053466	0.642819094393213
GSE135251	GSM3998274	3	COL1A1	ENSG00000108821	329	11.7278072190892	337.275347281019	28052985	0.975464120494629
GSE135251	GSM3998275	4	COL1A1	ENSG00000108821	238	9.44692801182851	278.282555873894	25193375	0.855245846268033
GSE135251	GSM3998276	0	COL1A1	ENSG00000108821	617	25.6443069783978	634.072270201816	24059921	0.973075198200384
GSE135251	GSM3998277	2	COL1A1	ENSG00000108821	290	16.7874086562362	418.999647799172	17274852	0.692124686794482
GSE135251	GSM3998278	2	COL1A1	ENSG00000108821	324	17.461812390611	447.158061312225	18554775	0.724576001267188
GSE135251	GSM3998279	1	COL1A1	ENSG00000108821	373	15.2022182359533	405.894360443547	24535893	0.918958321057722
GSE135251	GSM3998280	3	COL1A1	ENSG00000108821	592	39.5503895679968	1174.58220569608	14968247	0.50400899752195
GSE135251	GSM3998281	0	COL1A1	ENSG00000108821	538	22.501394730968	495.817801115691	23909629	1.08507600733453
GSE135251	GSM3998282	3	COL1A1	ENSG00000108821	768	28.4421743375668	710.870852828643	27002155	1.08036501559184
GSE135251	GSM3998283	1	COL1A1	ENSG00000108821	234	13.0928691758274	315.231358861198	17872324	0.742311935098547
GSE135251	GSM3998284	2	COL1A1	ENSG00000108821	302	14.2343071594747	370.826614060623	21216347	0.814396778842386
GSE135251	GSM3998285	4	COL1A1	ENSG00000108821	1036	39.9661753450362	1033.74248842018	25921920	1.00218382392628
GSE135251	GSM3998286	0	COL1A1	ENSG00000108821	138	4.4909003132403	115.161723556518	30728805	1.19831481970026
GSE135251	GSM3998287	2	COL1A1	ENSG00000108821	112	3.98022864068049	98.95143520252	28139087	1.13186837331641
GSE135251	GSM3998288	0	COL1A1	ENSG00000108821	110	4.51530573709821	124.220230734981	24361584	0.885524035409988
GSE135251	GSM3998289	0	COL1A1	ENSG00000108821	205	8.19248486977925	211.223005378354	25022933	0.970538221595667
GSE135251	GSM3998290	0	COL1A1	ENSG00000108821	892	23.5882486095627	551.324667846863	37815440	1.61792143907438
GSE135251	GSM3998291	1	COL1A1	ENSG00000108821	385	14.3925760924283	333.173248272578	26749902	1.15555496125854
GSE135251	GSM3998292	1	COL1A1	ENSG00000108821	183	8.58702357152047	214.102439782052	21311226	0.854731035229149
GSE135251	GSM3998293	0	COL1A1	ENSG00000108821	217	10.6622861867675	270.077447954452	20352108	0.803473232006385
GSE135251	GSM3998294	1	COL1A1	ENSG00000108821	273	9.56861192457943	291.653778984493	28530784	0.93604136024075
GSE135251	GSM3998295	1	COL1A1	ENSG00000108821	155	5.82389145889496	167.22372392171	26614507	0.926901975180074
GSE135251	GSM3998296	1	COL1A1	ENSG00000108821	149	5.52092441469123	145.515169535502	26988234	1.02394822804812
GSE135251	GSM3998297	2	COL1A1	ENSG00000108821	193	7.46675283222059	198.689189176444	25847916	0.97136638787432
GSE135251	GSM3998298	3	COL1A1	ENSG00000108821	301	10.7224169653002	268.513917121758	28072029	1.12098472670044
GSE135251	GSM3998299	2	COL1A1	ENSG00000108821	200	7.18156217218413	199.023674222944	27849094	1.0049055760872
GSE135251	GSM3998300	1	COL1A1	ENSG00000108821	178	6.02490281882525	158.947242741188	29544045	1.11986843515012
GSE135251	GSM3998301	3	COL1A1	ENSG00000108821	658	22.6048969421105	562.632803040201	29108737	1.16950166510818
GSE135251	GSM3998302	1	COL1A1	ENSG00000108821	623	23.0702042609223	601.090584505291	27004529	1.03644944049946
GSE135251	GSM3998303	0	COL1A1	ENSG00000108821	264	10.9501253727139	263.633113881294	24109313	1.00139165415643
GSE135251	GSM3998304	0	COL1A1	ENSG00000108821	293	9.85491811538447	298.045942923315	29731348	0.983069915752508
GSE135251	GSM3998305	0	COL1A1	ENSG00000108821	204	6.97361536046806	163.007809848816	29253119	1.25147378023914
GSE135251	GSM3998306	1	COL1A1	ENSG00000108821	140	5.29802306918185	149.174299234944	26424951	0.938499464840823
GSE135251	GSM3998307	0	COL1A1	ENSG00000108821	277	9.97959443144395	225.130835230358	27756639	1.2303956484529
GSE135251	GSM3998308	3	COL1A1	ENSG00000108821	858	29.0312613223611	688.016818664846	29554348	1.24706253789699
GSE135251	GSM3998309	3	COL1A1	ENSG00000108821	353	12.5111971670397	330.901539628199	28214726	1.06678258552871
GSE135251	GSM3998310	1	COL1A1	ENSG00000108821	143	6.38322043291179	172.720281220456	22402485	0.827928249013663
GSE135251	GSM3998311	1	COL1A1	ENSG00000108821	249	6.91784577504655	190.088902530139	35993864	1.30991339676192
GSE135251	GSM3998312	2	COL1A1	ENSG00000108821	548	19.5163742736294	497.529277067666	28078986	1.1014427195718
GSE135251	GSM3998313	2	COL1A1	ENSG00000108821	1017	43.3325851325517	887.87766643769	23469636	1.14542806790081
GSE135251	GSM3998314	3	COL1A1	ENSG00000108821	772	26.7370705916502	624.182633598294	28873769	1.23681749290198
GSE135251	GSM3998315	1	COL1A1	ENSG00000108821	183	6.20661727148965	166.805458501315	29484660	1.0970864001945
GSE135251	GSM3998316	1	COL1A1	ENSG00000108821	279	9.61461520759195	238.142973757421	29018322	1.17156511316684
GSE135251	GSM3998317	1	COL1A1	ENSG00000108821	219	7.35737526477312	183.356345759429	29766050	1.19439553124241
GSE135251	GSM3998318	2	COL1A1	ENSG00000108821	500	16.0222301393402	384.089305030512	31206642	1.30178058449266
GSE135251	GSM3998319	3	COL1A1	ENSG00000108821	135	5.74645247013388	157.58949605054	23492755	0.856656080407192
GSE135251	GSM3998320	1	COL1A1	ENSG00000108821	343	12.4943643313656	281.507019985994	27452377	1.2184420836719
GSE135251	GSM3998321	0	COL1A1	ENSG00000108821	219	7.67908763181952	194.786309556643	28519013	1.12430899532144
GSE135251	GSM3998322	3	COL1A1	ENSG00000108821	394	13.6466039421644	356.476897858905	28871652	1.10526096464166
GSE135251	GSM3998323	0	COL1A1	ENSG00000108821	148	5.47769983981429	146.416269112562	27018640	1.01081663190189
GSE135251	GSM3998324	3	COL1A1	ENSG00000108821	599	23.4965124938488	495.971970006975	25493145	1.20772954163433
GSE135251	GSM3998325	0	COL1A1	ENSG00000108821	117	4.05585093936628	99.7434783433596	28847214	1.17300902217623
GSE135251	GSM3998326	0	COL1A1	ENSG00000108821	265	10.4826218896528	260.365796495276	25279935	1.01779881830526
GSE135251	GSM3998327	3	COL1A1	ENSG00000108821	1400	54.4223356729236	1060.86014404088	25724732	1.31968385075465
GSE135251	GSM3998328	3	COL1A1	ENSG00000108821	436	14.861410867359	344.143398046996	29337726	1.26691374140631
GSE135251	GSM3998329	3	COL1A1	ENSG00000108821	334	13.4002242571662	286.325926217846	24924956	1.16650281869998
GSE135251	GSM3998330	3	COL1A1	ENSG00000108821	98	4.33495411959758	124.715148149336	22606929	0.785790671415902
GSE135251	GSM3998331	1	COL1A1	ENSG00000108821	215	7.80638991138477	197.898619122203	27541540	1.08641485702958
GSE135251	GSM3998332	4	COL1A1	ENSG00000108821	2844	110.844561899146	2154.646098665	25657551	1.31993834243225
GSE135251	GSM3998333	3	COL1A1	ENSG00000108821	387	15.8921064769491	418.373634940492	24351712	0.925010487467848
GSE135251	GSM3998334	3	COL1A1	ENSG00000108821	521	18.3315399387255	394.165295624123	28420962	1.32178049611153
GSE135251	GSM3998335	2	COL1A1	ENSG00000108821	476	22.7297004554965	526.536463190081	20941763	0.904020962035753
GSE135251	GSM3998336	0	COL1A1	ENSG00000108821	287	13.139105911769	338.730264375663	21843191	0.847281835087836
GSE135251	GSM3998337	2	COL1A1	ENSG00000108821	152	5.1684650998374	125.753944738738	29409118	1.20870959806302
GSE135251	GSM3998338	3	COL1A1	ENSG00000108821	244	11.0835249443132	283.830995652094	22014657	0.859666504848835
GSE135251	GSM3998339	0	COL1A1	ENSG00000108821	350	11.5346597906472	273.213974948358	30343331	1.28104720875334
GSE135251	GSM3998340	3	COL1A1	ENSG00000108821	371	14.2339622954232	302.602569799488	26064422	1.2260305662501
GSE135251	GSM3998342	control	COL1A1	ENSG00000108821	431	17.450794428184	433.841473471408	24698016	0.993450433752514
GSE135251	GSM3998343	2	COL1A1	ENSG00000108821	1037	59.464360863918	1427.522257752	17439017	0.726433506986451
GSE135251	GSM3998344	1	COL1A1	ENSG00000108821	305	14.4798947610744	338.130500352151	21063689	0.902018598388355
GSE135251	GSM3998345	0	COL1A1	ENSG00000108821	575	30.5161010379083	760.824981865591	18842512	0.755758569585956
GSE135251	GSM3998346	0	COL1A1	ENSG00000108821	904	36.1968194046985	843.06644530284	24974570	1.07227609998791
GSE135251	GSM3998347	2	COL1A1	ENSG00000108821	2016	86.6252987896048	2100.97538334859	23272647	0.959554317474604
GSE135251	GSM3998348	2	COL1A1	ENSG00000108821	1473	63.3093730493847	1403.16700577681	23266697	1.04976812734029
GSE135251	GSM3998349	0	COL1A1	ENSG00000108821	546	22.6347072890846	520.668168207047	24122247	1.04865254559384
GSE135251	GSM3998350	2	COL1A1	ENSG00000108821	1984	87.8706483821902	1959.45395459286	22578643	1.01252698250429
GSE135251	GSM3998351	1	COL1A1	ENSG00000108821	1865	90.3941767732042	1959.33475313866	20631860	0.951853682487108
GSE135251	GSM3998352	1	COL1A1	ENSG00000108821	887	35.0237470481536	817.265834045389	25325674	1.08532617301452
GSE135251	GSM3998353	0	COL1A1	ENSG00000108821	561	27.3348785741815	648.850506533318	20523230	0.86460593673158
GSE135251	GSM3998354	3	COL1A1	ENSG00000108821	2174	96.136472399944	2106.31218376079	22613686	1.03213569990293
GSE135251	GSM3998355	2	COL1A1	ENSG00000108821	3611	180.452609726531	3475.2334011115	20010794	1.03906690090084
GSE135251	GSM3998356	2	COL1A1	ENSG00000108821	1012	48.7342905351555	1099.25611292014	20765666	0.920622581130479
GSE135251	GSM3998357	1	COL1A1	ENSG00000108821	1497	64.6110762806912	1637.83653612333	23169402	0.914010627423979
GSE135251	GSM3998358	1	COL1A1	ENSG00000108821	901	38.3892697517267	853.40718724578	23470100	1.05576800086231
GSE135251	GSM3998359	4	COL1A1	ENSG00000108821	2976	130.095499976547	2444.18876006173	22875503	1.21758190227699
GSE135251	GSM3998360	2	COL1A1	ENSG00000108821	1344	72.7967605441558	1604.51080493897	18462360	0.83763848511517
GSE135251	GSM3998361	0	COL1A1	ENSG00000108821	364	18.9791362459529	456.750695689883	19178955	0.796933652066385
GSE135251	GSM3998362	2	COL1A1	ENSG00000108821	5441	370.331372730121	7280.79046977538	14692247	0.747308966325446
GSE135251	GSM3998363	1	COL1A1	ENSG00000108821	1038	48.7124679937263	1123.18545876792	21308713	0.924157263519631
GSE135251	GSM3998364	3	COL1A1	ENSG00000108821	1485	64.6812950057677	1484.90562332468	22958724	1.00006355735599
GSE135251	GSM3998365	3	COL1A1	ENSG00000108821	1488	66.2866174536049	1474.2883083447	22447970	1.00930054968061
GSE135251	GSM3998366	0	COL1A1	ENSG00000108821	626	26.5698843772857	675.181837976105	23560509	0.92715764078677
GSE135251	GSM3998367	1	COL1A1	ENSG00000108821	2527	116.083958423476	2345.54762861551	21768727	1.07736034398568
GSE135251	GSM3998368	2	COL1A1	ENSG00000108821	944	35.7783353235032	865.549593455824	26384682	1.09063652405052
GSE135251	GSM3998369	3	COL1A1	ENSG00000108821	1299	69.1462177418123	1903.27726750618	18786277	0.682506969518976
GSE135251	GSM3998370	2	COL1A1	ENSG00000108821	675	29.6855025504904	529.913676536341	22738372	1.27379237390509
GSE135251	GSM3998371	2	COL1A1	ENSG00000108821	1190	52.3983033693562	1128.33899979136	22710659	1.05464758394422
GSE135251	GSM3998372	3	COL1A1	ENSG00000108821	763	32.2148027314099	683.99850286392	23684764	1.11549951762365
GSE135251	GSM3998373	3	COL1A1	ENSG00000108821	1165	54.4803060474449	1120.10747869578	21383874	1.04007876222422
GSE135251	GSM3998374	3	COL1A1	ENSG00000108821	701	42.4163730346349	755.39673268957	16526637	0.927989187223657
GSE135251	GSM3998375	1	COL1A1	ENSG00000108821	543	25.9974598135767	520.089973545216	20886656	1.04405012136384
GSE135251	GSM3998376	2	COL1A1	ENSG00000108821	1909	103.455937742178	1874.51750543775	18452300	1.01839539746213
GSE135251	GSM3998377	1	COL1A1	ENSG00000108821	866	35.68401140372	714.36510872443	24268572	1.21226525403281
GSE135251	GSM3998378	3	COL1A1	ENSG00000108821	4483	217.961474349173	4151.04004335071	20567855	1.07997030941223
GSE135251	GSM3998379	3	COL1A1	ENSG00000108821	899	34.7509061617686	721.236169761028	25869829	1.24647104193051
GSE135251	GSM3998380	1	COL1A1	ENSG00000108821	688	32.5822555142152	651.586853966805	21115788	1.05588379478732
GSE135251	GSM3998381	2	COL1A1	ENSG00000108821	1302	61.2204134249314	1289.59787347215	21267416	1.00961704945625
GSE135251	GSM3998382	3	COL1A1	ENSG00000108821	4020	192.396545936398	3278.19135251963	20894346	1.22628595091321
GSE135251	GSM3998167	2	COL3A1	ENSG00000168542	1903	81.7152841117619	1911.99217401461	23288177	0.995296960867928
GSE135251	GSM3998168	3	COL3A1	ENSG00000168542	2343	117.474346671159	2600.2220524606	19944780	0.901076889869006
GSE135251	GSM3998169	2	COL3A1	ENSG00000168542	4012	163.587301531641	3663.95466107021	24525131	1.09499171554381
GSE135251	GSM3998170	3	COL3A1	ENSG00000168542	2726	97.1951151289688	2219.07044391194	28046677	1.22844230000847
GSE135251	GSM3998171	0	COL3A1	ENSG00000168542	1884	66.2673997210508	1535.12496689248	28430269	1.22726165011422
GSE135251	GSM3998172	1	COL3A1	ENSG00000168542	2814	112.863675519901	2932.41071033232	24932734	0.959620011646014
GSE135251	GSM3998173	3	COL3A1	ENSG00000168542	2125	85.8481141229682	1846.95922846397	24753019	1.15053974513951
GSE135251	GSM3998174	2	COL3A1	ENSG00000168542	1947	79.2449240817754	2052.73738460485	24569397	0.948489570366934
GSE135251	GSM3998175	0	COL3A1	ENSG00000168542	2517	134.263515807249	3425.23922079349	18746716	0.734839185748
GSE135251	GSM3998176	2	COL3A1	ENSG00000168542	1785	74.203571199636	1870.4093209948	24055446	0.954336561502283
GSE135251	GSM3998177	1	COL3A1	ENSG00000168542	2453	91.97548225355	2270.54745855666	26670151	1.08035618932155
GSE135251	GSM3998178	2	COL3A1	ENSG00000168542	2543	102.005529798792	2586.92660960705	24930021	0.983019769697401
GSE135251	GSM3998179	3	COL3A1	ENSG00000168542	4103	186.587704702469	4529.10312232347	21989659	0.905918873822226
GSE135251	GSM3998180	2	COL3A1	ENSG00000168542	2082	89.1351641433466	2113.42039920748	23357785	0.985132915713666
GSE135251	GSM3998181	1	COL3A1	ENSG00000168542	1898	82.8755745945232	2205.11292883028	22901802	0.860726893024389
GSE135251	GSM3998182	2	COL3A1	ENSG00000168542	1670	64.5212712915849	1818.77884129027	25882937	0.91819849785325
GSE135251	GSM3998183	1	COL3A1	ENSG00000168542	1939	88.5034356586413	2181.66571968449	21908754	0.888770439258868
GSE135251	GSM3998184	2	COL3A1	ENSG00000168542	4336	163.760503134507	3964.04601800457	26477691	1.09383190313786
GSE135251	GSM3998185	3	COL3A1	ENSG00000168542	4662	167.477981692738	4227.36785472611	27836495	1.10281389276024
GSE135251	GSM3998186	2	COL3A1	ENSG00000168542	2096	81.7059962533746	1938.05154728606	25652952	1.08149858187989
GSE135251	GSM3998187	2	COL3A1	ENSG00000168542	6854	301.05457828728	6361.08951510601	22766636	1.07748837423581
GSE135251	GSM3998188	3	COL3A1	ENSG00000168542	7816	286.281563998379	6417.04011388553	27301793	1.21800703459642
GSE135251	GSM3998189	0	COL3A1	ENSG00000168542	2586	101.689032814217	2509.96613270151	25430471	1.03029278614874
GSE135251	GSM3998190	3	COL3A1	ENSG00000168542	2543	117.794681600234	2818.83078766468	21588411	0.902147092733722
GSE135251	GSM3998191	4	COL3A1	ENSG00000168542	7268	292.846227606309	6293.51259901298	24818486	1.15483998572432
GSE135251	GSM3998192	1	COL3A1	ENSG00000168542	1767	82.656202681429	1913.23656882974	21377706	0.923565871982476
GSE135251	GSM3998193	3	COL3A1	ENSG00000168542	3129	157.108291597207	3685.44556811441	19916199	0.849015388280688
GSE135251	GSM3998194	1	COL3A1	ENSG00000168542	1867	93.1108726568427	2003.67072649141	20051364	0.931789827198437
GSE135251	GSM3998195	3	COL3A1	ENSG00000168542	3368	141.211362047317	3075.44563186416	23850772	1.09512584618786
GSE135251	GSM3998196	1	COL3A1	ENSG00000168542	2124	111.011609493771	2480.68534250855	19133134	0.856214999783949
GSE135251	GSM3998197	1	COL3A1	ENSG00000168542	2092	70.6061548519203	1641.19052487535	29629145	1.27468442468548
GSE135251	GSM3998198	1	COL3A1	ENSG00000168542	1912	59.2758028391311	1387.77955328396	32255995	1.37774043109048
GSE135251	GSM3998199	2	COL3A1	ENSG00000168542	5158	212.51454393835	4329.58258788804	24271280	1.191338863573
GSE135251	GSM3998200	3	COL3A1	ENSG00000168542	2174	78.6507923271413	1965.9837613253	27641171	1.10580770948712
GSE135251	GSM3998201	4	COL3A1	ENSG00000168542	4831	211.371636534067	4707.90165086213	22855479	1.02614717941598
GSE135251	GSM3998202	0	COL3A1	ENSG00000168542	2861	120.591756944342	2825.4672155384	23724673	1.01257589692288
GSE135251	GSM3998203	3	COL3A1	ENSG00000168542	1664	71.1702280223107	1754.96510182535	23380563	0.948167002448805
GSE135251	GSM3998204	1	COL3A1	ENSG00000168542	3314	162.303085683345	4104.92623723803	20418589	0.807322667563889
GSE135251	GSM3998205	1	COL3A1	ENSG00000168542	1563	73.0181630227894	1816.41346863525	21405633	0.860486902893506
GSE135251	GSM3998206	0	COL3A1	ENSG00000168542	1589	75.4456110263594	1539.4959630121	21061530	1.03215600311874
GSE135251	GSM3998207	3	COL3A1	ENSG00000168542	4016	192.010057961124	4090.69106827128	20915571	0.981741210219806
GSE135251	GSM3998208	4	COL3A1	ENSG00000168542	1318	55.2613200067739	1485.63160017116	23850317	0.887164758644169
GSE135251	GSM3998209	3	COL3A1	ENSG00000168542	3928	181.334193101157	3909.69020678942	21661662	1.00468318261605
GSE135251	GSM3998210	3	COL3A1	ENSG00000168542	3918	205.896999369171	4526.46391452317	19028932	0.865576324916473
GSE135251	GSM3998211	2	COL3A1	ENSG00000168542	2219	110.872483503159	2439.8926006475	20013983	0.909466260691608
GSE135251	GSM3998212	1	COL3A1	ENSG00000168542	1384	64.3850988132161	1466.14571422685	21495657	0.943971657503246
GSE135251	GSM3998213	0	COL3A1	ENSG00000168542	3665	120.061095209431	2864.74181502614	30526125	1.27934740253951
GSE135251	GSM3998214	4	COL3A1	ENSG00000168542	7236	355.618217403236	7714.09143903972	20347664	0.938023623025755
GSE135251	GSM3998215	2	COL3A1	ENSG00000168542	3645	157.556868303725	3576.40363686093	23134504	1.01918026322087
GSE135251	GSM3998216	control	COL3A1	ENSG00000168542	2167	86.7571757132275	2303.81218189015	24977761	0.940614871747964
GSE135251	GSM3998217	control	COL3A1	ENSG00000168542	1621	82.3427523926005	2117.89601749999	19686007	0.765382240962644
GSE135251	GSM3998218	control	COL3A1	ENSG00000168542	2361	102.991207534612	2377.95322994276	22924287	0.992870663001574
GSE135251	GSM3998219	0	COL3A1	ENSG00000168542	2239	74.7861763347813	2003.52392298555	29938688	1.11753095349296
GSE135251	GSM3998220	control	COL3A1	ENSG00000168542	1763	76.5433492382569	2005.47863106102	23032700	0.87909188993316
GSE135251	GSM3998221	control	COL3A1	ENSG00000168542	2028	95.531391954561	2475.17709813876	21228624	0.819335312016655
GSE135251	GSM3998222	control	COL3A1	ENSG00000168542	1271	58.0400783408629	1436.6486378283	21898661	0.884697877082385
GSE135251	GSM3998223	control	COL3A1	ENSG00000168542	1246	59.3904244999705	1422.56615570269	20979813	0.875881937022837
GSE135251	GSM3998225	3	COL3A1	ENSG00000168542	11917	396.196658363614	7590.72203761661	30078497	1.56994287775841
GSE135251	GSM3998226	4	COL3A1	ENSG00000168542	7663	249.739766144765	5583.73542083952	30683940	1.37237877915925
GSE135251	GSM3998227	4	COL3A1	ENSG00000168542	4536	207.391276974754	4316.92424537427	21871701	1.05074811189019
GSE135251	GSM3998228	1	COL3A1	ENSG00000168542	4158	141.834570474402	3392.97317998928	29315843	1.22547387775495
GSE135251	GSM3998229	3	COL3A1	ENSG00000168542	4029	167.837544254707	4393.2128096916	24005356	0.917096479167106
GSE135251	GSM3998230	4	COL3A1	ENSG00000168542	2253	116.44394758937	3072.35075966391	19348365	0.733314707936036
GSE135251	GSM3998231	1	COL3A1	ENSG00000168542	1939	79.9301824902114	2173.85871147352	24258671	0.891962292565775
GSE135251	GSM3998232	1	COL3A1	ENSG00000168542	878	39.9451922844633	870.956171153195	21980117	1.0080874664881
GSE135251	GSM3998233	3	COL3A1	ENSG00000168542	8583	370.763514952163	7605.74617949083	23149527	1.12848888162274
GSE135251	GSM3998234	1	COL3A1	ENSG00000168542	2332	106.247029172236	2488.17210745239	21948849	0.937234202174106
GSE135251	GSM3998235	2	COL3A1	ENSG00000168542	3765	113.901952654604	3169.10556259981	33054745	1.18803237242477
GSE135251	GSM3998236	1	COL3A1	ENSG00000168542	3698	152.749600199194	3576.11430551374	24209556	1.03408327700777
GSE135251	GSM3998237	2	COL3A1	ENSG00000168542	2590	96.1440018875406	2846.14322927323	26938758	0.910003394545034
GSE135251	GSM3998238	2	COL3A1	ENSG00000168542	2922	118.700707418843	2991.82511675546	24616534	0.976661364207282
GSE135251	GSM3998239	3	COL3A1	ENSG00000168542	3842	141.473944932832	3985.0882992405	27156944	0.96409407057109
GSE135251	GSM3998240	2	COL3A1	ENSG00000168542	2711	116.80680107707	2817.30809423967	23209265	0.96226607432214
GSE135251	GSM3998241	3	COL3A1	ENSG00000168542	4273	168.820907843223	4123.178824103	25310846	1.0363363274523
GSE135251	GSM3998242	4	COL3A1	ENSG00000168542	5513	311.429637153686	7230.42369086035	17702233	0.762472606822299
GSE135251	GSM3998243	2	COL3A1	ENSG00000168542	3911	174.230797313718	4215.58531515762	22447237	0.927747799561203
GSE135251	GSM3998244	0	COL3A1	ENSG00000168542	2506	105.405710406938	2598.32749179156	23774803	0.964466568558724
GSE135251	GSM3998245	2	COL3A1	ENSG00000168542	4237	168.565230208703	3683.11391804833	25135670	1.15038527025664
GSE135251	GSM3998246	2	COL3A1	ENSG00000168542	3052	128.613721078137	2770.05806792878	23729972	1.10178195732988
GSE135251	GSM3998247	0	COL3A1	ENSG00000168542	2876	87.9171429227357	2158.78058213558	32712619	1.33223358770205
GSE135251	GSM3998248	2	COL3A1	ENSG00000168542	5593	205.190260678946	4415.44931968034	27257629	1.26668875465768
GSE135251	GSM3998249	0	COL3A1	ENSG00000168542	2550	81.2543323694764	1961.99595922368	31382942	1.29969686635286
GSE135251	GSM3998250	4	COL3A1	ENSG00000168542	3330	109.531273250726	2628.12953301026	30402276	1.26706083477773
GSE135251	GSM3998251	3	COL3A1	ENSG00000168542	5139	185.157568947054	4801.76497200113	27754739	1.07023147321147
GSE135251	GSM3998252	2	COL3A1	ENSG00000168542	3198	128.514998741172	3375.79432044579	24884255	0.947332596844257
GSE135251	GSM3998253	3	COL3A1	ENSG00000168542	2354	102.261783911207	2650.74423115463	23019352	0.888052484405342
GSE135251	GSM3998254	0	COL3A1	ENSG00000168542	3901	133.023733466405	3215.44051897419	29325594	1.21320857188318
GSE135251	GSM3998255	1	COL3A1	ENSG00000168542	3130	108.625846600523	2978.66439002966	28814505	1.05080653277922
GSE135251	GSM3998256	2	COL3A1	ENSG00000168542	2893	134.132216717789	3220.96434036126	21568271	0.898178214439817
GSE135251	GSM3998257	2	COL3A1	ENSG00000168542	7480	278.676978807733	6152.9069553616	26841112	1.21568553762738
GSE135251	GSM3998258	4	COL3A1	ENSG00000168542	6973	254.969976581375	5392.88272617979	27348318	1.29300048861614
GSE135251	GSM3998259	2	COL3A1	ENSG00000168542	496	23.0324163614485	959.176317866675	21534866	0.517110348494805
GSE135251	GSM3998260	2	COL3A1	ENSG00000168542	985	35.9199751090983	1079.43018147992	27422068	0.912518490681398
GSE135251	GSM3998261	3	COL3A1	ENSG00000168542	3041	106.028103897779	2914.82361264087	28681075	1.04328782942883
GSE135251	GSM3998262	3	COL3A1	ENSG00000168542	2572	93.2997942579926	2410.29629632949	27567049	1.06708872428537
GSE135251	GSM3998263	2	COL3A1	ENSG00000168542	2332	78.1359129978723	2011.76566623565	29845431	1.15918073319323
GSE135251	GSM3998264	2	COL3A1	ENSG00000168542	4821	154.651948908077	4002.80199326497	31173225	1.20440631540399
GSE135251	GSM3998265	3	COL3A1	ENSG00000168542	3403	118.509795219392	3519.99721409952	28714926	0.966762128779284
GSE135251	GSM3998266	0	COL3A1	ENSG00000168542	2391	91.2915253782995	2750.47879669895	26190821	0.8693031929094
GSE135251	GSM3998267	0	COL3A1	ENSG00000168542	3213	106.445498562986	2893.83643885073	30184461	1.11029080872173
GSE135251	GSM3998268	3	COL3A1	ENSG00000168542	1183	73.3804461022484	1736.39632314146	16121461	0.681296075229955
GSE135251	GSM3998269	2	COL3A1	ENSG00000168542	2817	109.951080161051	2591.7546650543	25620485	1.08690843233844
GSE135251	GSM3998270	0	COL3A1	ENSG00000168542	3464	111.923952714586	3023.8186919933	30949586	1.14557132977987
GSE135251	GSM3998271	1	COL3A1	ENSG00000168542	2749	87.2633034477417	2096.92552200535	31502360	1.31096692331307
GSE135251	GSM3998272	0	COL3A1	ENSG00000168542	2410	101.551038308802	2524.18562942449	23731909	0.954763378693933
GSE135251	GSM3998273	1	COL3A1	ENSG00000168542	1513	75.4483040487864	2353.69486251523	20053466	0.642819094393213
GSE135251	GSM3998274	3	COL3A1	ENSG00000168542	2576	91.8262352473364	2640.79420849819	28052985	0.975464120494629
GSE135251	GSM3998275	4	COL3A1	ENSG00000168542	2498	99.1530511493597	2920.79758223944	25193375	0.855245846268033
GSE135251	GSM3998276	0	COL3A1	ENSG00000168542	3191	132.62720189314	3279.29435042787	24059921	0.973075198200384
GSE135251	GSM3998277	2	COL3A1	ENSG00000168542	1737	100.55078908925	2509.66340767987	17274852	0.692124686794482
GSE135251	GSM3998278	2	COL3A1	ENSG00000168542	1893	102.022255726626	2612.56237674087	18554775	0.724576001267188
GSE135251	GSM3998279	1	COL3A1	ENSG00000168542	2486	101.320950494853	2705.23694386772	24535893	0.918958321057722
GSE135251	GSM3998280	3	COL3A1	ENSG00000168542	1118	74.6914451638859	2218.21436818955	14968247	0.50400899752195
GSE135251	GSM3998281	0	COL3A1	ENSG00000168542	3861	161.483057725404	3558.27607826707	23909629	1.08507600733453
GSE135251	GSM3998282	3	COL3A1	ENSG00000168542	4906	181.689202213675	4541.0578176788	27002155	1.08036501559184
GSE135251	GSM3998283	1	COL3A1	ENSG00000168542	2274	127.235831221502	3063.40217970241	17872324	0.742311935098547
GSE135251	GSM3998284	2	COL3A1	ENSG00000168542	1587	74.8008127883655	1948.68157786162	21216347	0.814396778842386
GSE135251	GSM3998285	4	COL3A1	ENSG00000168542	2222	85.7189590894502	2217.15811705564	25921920	1.00218382392628
GSE135251	GSM3998286	0	COL3A1	ENSG00000168542	2315	75.3364798924006	1931.87963792275	30728805	1.19831481970026
GSE135251	GSM3998287	2	COL3A1	ENSG00000168542	2148	76.3350992873365	1897.74716799119	28139087	1.13186837331641
GSE135251	GSM3998288	0	COL3A1	ENSG00000168542	1494	61.3260615565884	1687.13658834601	24361584	0.885524035409988
GSE135251	GSM3998289	0	COL3A1	ENSG00000168542	2675	106.901936715412	2756.20263115657	25022933	0.970538221595667
GSE135251	GSM3998290	0	COL3A1	ENSG00000168542	5330	140.947718709606	3294.35031347957	37815440	1.61792143907438
GSE135251	GSM3998291	1	COL3A1	ENSG00000168542	3054	114.168642561756	2642.88597460897	26749902	1.15555496125854
GSE135251	GSM3998292	1	COL3A1	ENSG00000168542	2607	122.329893174611	3050.08229787874	21311226	0.854731035229149
GSE135251	GSM3998293	0	COL3A1	ENSG00000168542	1868	91.7841041330952	2324.90632617012	20352108	0.803473232006385
GSE135251	GSM3998294	1	COL3A1	ENSG00000168542	2219	77.7756405151713	2370.62174200216	28530784	0.93604136024075
GSE135251	GSM3998295	1	COL3A1	ENSG00000168542	2135	80.2194081596176	2303.37193917968	26614507	0.926901975180074
GSE135251	GSM3998296	1	COL3A1	ENSG00000168542	1924	71.2903259991002	1879.00124957253	26988234	1.02394822804812
GSE135251	GSM3998297	2	COL3A1	ENSG00000168542	1668	64.5313146328702	1717.16874376326	25847916	0.97136638787432
GSE135251	GSM3998298	3	COL3A1	ENSG00000168542	2508	89.3416004949268	2237.31861840987	28072029	1.12098472670044
GSE135251	GSM3998299	2	COL3A1	ENSG00000168542	2029	72.856948236808	2019.09517499177	27849094	1.0049055760872
GSE135251	GSM3998300	1	COL3A1	ENSG00000168542	2218	75.0743508548	1980.58979999975	29544045	1.11986843515012
GSE135251	GSM3998301	3	COL3A1	ENSG00000168542	9058	311.178049394586	7745.17922483001	29108737	1.16950166510818
GSE135251	GSM3998302	1	COL3A1	ENSG00000168542	2448	90.6514607234957	2361.90971247023	27004529	1.03644944049946
GSE135251	GSM3998303	0	COL3A1	ENSG00000168542	1592	66.0325742172745	1589.78756552659	24109313	1.00139165415643
GSE135251	GSM3998304	0	COL3A1	ENSG00000168542	1262	42.446780415069	1283.73372003148	29731348	0.983069915752508
GSE135251	GSM3998305	0	COL3A1	ENSG00000168542	1348	46.0805564015242	1077.13003762845	29253119	1.25147378023914
GSE135251	GSM3998306	1	COL3A1	ENSG00000168542	1477	55.8941433798685	1573.78885692866	26424951	0.938499464840823
GSE135251	GSM3998307	0	COL3A1	ENSG00000168542	1609	57.968113502503	1307.70943641028	27756639	1.2303956484529
GSE135251	GSM3998308	3	COL3A1	ENSG00000168542	3789	128.204486189308	3038.34000690105	29554348	1.24706253789699
GSE135251	GSM3998309	3	COL3A1	ENSG00000168542	3596	127.451175673299	3370.88367281304	28214726	1.06678258552871
GSE135251	GSM3998310	1	COL3A1	ENSG00000168542	1593	71.1081828645349	1924.0797761132	22402485	0.827928249013663
GSE135251	GSM3998311	1	COL3A1	ENSG00000168542	2366	65.7334261195186	1806.22627865988	35993864	1.30991339676192
GSE135251	GSM3998312	2	COL3A1	ENSG00000168542	2979	106.093574746609	2704.63451894996	28078986	1.1014427195718
GSE135251	GSM3998313	2	COL3A1	ENSG00000168542	4770	203.241328497809	4164.38197532722	23469636	1.14542806790081
GSE135251	GSM3998314	3	COL3A1	ENSG00000168542	5434	188.198499475424	4393.53423701183	28873769	1.23681749290198
GSE135251	GSM3998315	1	COL3A1	ENSG00000168542	2259	76.6161115644542	2059.09033199164	29484660	1.0970864001945
GSE135251	GSM3998316	1	COL3A1	ENSG00000168542	2326	80.1562543830067	1985.37834035757	29018322	1.17156511316684
GSE135251	GSM3998317	1	COL3A1	ENSG00000168542	1991	66.8882837998324	1666.95198359371	29766050	1.19439553124241
GSE135251	GSM3998318	2	COL3A1	ENSG00000168542	4351	139.425446672538	3342.34513237552	31206642	1.30178058449266
GSE135251	GSM3998319	3	COL3A1	ENSG00000168542	1506	64.1048697779379	1757.9983781638	23492755	0.856656080407192
GSE135251	GSM3998320	1	COL3A1	ENSG00000168542	2665	97.0772039157119	2187.21926607193	27452377	1.2184420836719
GSE135251	GSM3998321	0	COL3A1	ENSG00000168542	2752	96.49702814049	2447.72567990814	28519013	1.12430899532144
GSE135251	GSM3998322	3	COL3A1	ENSG00000168542	3031	104.981869412945	2742.33877515315	28871652	1.10526096464166
GSE135251	GSM3998323	0	COL3A1	ENSG00000168542	2383	88.1983697180909	2357.49979253537	27018640	1.01081663190189
GSE135251	GSM3998324	3	COL3A1	ENSG00000168542	4996	195.97425111731	4136.68774984114	25493145	1.20772954163433
GSE135251	GSM3998325	0	COL3A1	ENSG00000168542	1494	51.7900966103694	1273.64749269213	28847214	1.17300902217623
GSE135251	GSM3998326	0	COL3A1	ENSG00000168542	2501	98.9322164000817	2457.26361145164	25279935	1.01779881830526
GSE135251	GSM3998327	3	COL3A1	ENSG00000168542	9936	386.243090890121	7529.07599370727	25724732	1.31968385075465
GSE135251	GSM3998328	3	COL3A1	ENSG00000168542	5973	203.59451172187	4714.60668929978	29337726	1.26691374140631
GSE135251	GSM3998329	3	COL3A1	ENSG00000168542	7949	318.917313234174	6814.38559133432	24924956	1.16650281869998
GSE135251	GSM3998330	3	COL3A1	ENSG00000168542	2529	111.868356821044	3218.41438438438	22606929	0.785790671415902
GSE135251	GSM3998331	1	COL3A1	ENSG00000168542	1679	60.9624588893722	1545.45014654037	27541540	1.08641485702958
GSE135251	GSM3998332	4	COL3A1	ENSG00000168542	6172	240.552966259328	4675.97599189886	25657551	1.31993834243225
GSE135251	GSM3998333	3	COL3A1	ENSG00000168542	1554	63.8148151555012	1679.98095270678	24351712	0.925010487467848
GSE135251	GSM3998334	3	COL3A1	ENSG00000168542	3887	136.765250944004	2940.73033414773	28420962	1.32178049611153
GSE135251	GSM3998335	2	COL3A1	ENSG00000168542	3021	144.257195537931	3341.73667079251	20941763	0.904020962035753
GSE135251	GSM3998336	0	COL3A1	ENSG00000168542	1769	80.9863357418795	2087.85309296358	21843191	0.847281835087836
GSE135251	GSM3998337	2	COL3A1	ENSG00000168542	1398	47.5362776945572	1156.60536016287	29409118	1.20870959806302
GSE135251	GSM3998338	3	COL3A1	ENSG00000168542	2034	92.3929907243161	2366.03379162442	22014657	0.859666504848835
GSE135251	GSM3998339	0	COL3A1	ENSG00000168542	1509	49.7308617831048	1177.94253770592	30343331	1.28104720875334
GSE135251	GSM3998340	3	COL3A1	ENSG00000168542	1799	69.0212888664863	1467.33698940506	26064422	1.2260305662501
GSE135251	GSM3998342	control	COL3A1	ENSG00000168542	2272	91.9911947583158	2286.97871862422	24698016	0.993450433752514
GSE135251	GSM3998343	2	COL3A1	ENSG00000168542	2420	138.769289576356	3331.34413091594	17439017	0.726433506986451
GSE135251	GSM3998344	1	COL3A1	ENSG00000168542	1397	66.3226655121997	1548.74855407198	21063689	0.902018598388355
GSE135251	GSM3998345	0	COL3A1	ENSG00000168542	1805	95.7940215189992	2388.3288561172	18842512	0.755758569585956
GSE135251	GSM3998346	0	COL3A1	ENSG00000168542	2884	115.477463676051	2689.60578346614	24974570	1.07227609998791
GSE135251	GSM3998347	2	COL3A1	ENSG00000168542	3648	156.750540666904	3801.76497939269	23272647	0.959554317474604
GSE135251	GSM3998348	2	COL3A1	ENSG00000168542	3246	139.512712096607	3092.11140580551	23266697	1.04976812734029
GSE135251	GSM3998349	0	COL3A1	ENSG00000168542	2107	87.3467550514676	2009.24511064514	24122247	1.04865254559384
GSE135251	GSM3998350	2	COL3A1	ENSG00000168542	4183	185.263569648539	4131.2479294667	22578643	1.01252698250429
GSE135251	GSM3998351	1	COL3A1	ENSG00000168542	4224	204.731904927622	4437.65683499072	20631860	0.951853682487108
GSE135251	GSM3998352	1	COL3A1	ENSG00000168542	2760	108.980317759756	2543.01432014123	25325674	1.08532617301452
GSE135251	GSM3998353	0	COL3A1	ENSG00000168542	1432	69.7745920111016	1656.24585624904	20523230	0.86460593673158
GSE135251	GSM3998354	3	COL3A1	ENSG00000168542	4296	189.973452359779	4162.24339532491	22613686	1.03213569990293
GSE135251	GSM3998355	2	COL3A1	ENSG00000168542	7618	380.694539157217	7331.57796999928	20010794	1.03906690090084
GSE135251	GSM3998356	2	COL3A1	ENSG00000168542	3024	145.624994642599	3284.73368129497	20765666	0.920622581130479
GSE135251	GSM3998357	1	COL3A1	ENSG00000168542	4431	191.243606546254	4847.86485742316	23169402	0.914010627423979
GSE135251	GSM3998358	1	COL3A1	ENSG00000168542	3799	161.865522515882	3598.32841769891	23470100	1.05576800086231
GSE135251	GSM3998359	4	COL3A1	ENSG00000168542	8981	392.603388874116	7376.09517947393	22875503	1.21758190227699
GSE135251	GSM3998360	2	COL3A1	ENSG00000168542	3100	167.909194707502	3700.88057686816	18462360	0.83763848511517
GSE135251	GSM3998361	0	COL3A1	ENSG00000168542	989	51.5669388660644	1241.00669790465	19178955	0.796933652066385
GSE135251	GSM3998362	2	COL3A1	ENSG00000168542	9679	658.782826071465	12951.80499117	14692247	0.747308966325446
GSE135251	GSM3998363	1	COL3A1	ENSG00000168542	2965	139.144959153563	3208.32840582551	21308713	0.924157263519631
GSE135251	GSM3998364	3	COL3A1	ENSG00000168542	2877	125.311842243498	2876.81715710782	22958724	1.00006355735599
GSE135251	GSM3998365	3	COL3A1	ENSG00000168542	3279	146.071114670948	3248.78451818701	22447970	1.00930054968061
GSE135251	GSM3998366	0	COL3A1	ENSG00000168542	1329	56.4079494207871	1433.41319915374	23560509	0.92715764078677
GSE135251	GSM3998367	1	COL3A1	ENSG00000168542	4423	203.181380335194	4105.40449598987	21768727	1.07736034398568
GSE135251	GSM3998368	2	COL3A1	ENSG00000168542	3087	116.999704601329	2830.45719809124	26384682	1.09063652405052
GSE135251	GSM3998369	3	COL3A1	ENSG00000168542	3236	172.253395390689	4741.34352397998	18786277	0.682506969518976
GSE135251	GSM3998370	2	COL3A1	ENSG00000168542	3788	166.590642461123	2973.79704699209	22738372	1.27379237390509
GSE135251	GSM3998371	2	COL3A1	ENSG00000168542	4867	214.304657561896	4614.81169074332	22710659	1.05464758394422
GSE135251	GSM3998372	3	COL3A1	ENSG00000168542	4065	171.629322546765	3644.10735798406	23684764	1.11549951762365
GSE135251	GSM3998373	3	COL3A1	ENSG00000168542	3393	158.670968599983	3262.25294009853	21383874	1.04007876222422
GSE135251	GSM3998374	3	COL3A1	ENSG00000168542	2739	165.732447563288	2951.54301117936	16526637	0.927989187223657
GSE135251	GSM3998375	1	COL3A1	ENSG00000168542	2109	100.973559386433	2020.01796354855	20886656	1.04405012136384
GSE135251	GSM3998376	2	COL3A1	ENSG00000168542	5745	311.343301377064	5641.22738016755	18452300	1.01839539746213
GSE135251	GSM3998377	1	COL3A1	ENSG00000168542	5046	207.923235038304	4162.45535637815	24268572	1.21226525403281
GSE135251	GSM3998378	3	COL3A1	ENSG00000168542	13294	646.348391701517	12309.5976659166	20567855	1.07997030941223
GSE135251	GSM3998379	3	COL3A1	ENSG00000168542	4566	176.499040639194	3663.14165865278	25869829	1.24647104193051
GSE135251	GSM3998380	1	COL3A1	ENSG00000168542	3371	159.643580433749	3192.58616965422	21115788	1.05588379478732
GSE135251	GSM3998381	2	COL3A1	ENSG00000168542	4039	189.914938420352	4000.52673652381	21267416	1.00961704945625
GSE135251	GSM3998382	3	COL3A1	ENSG00000168542	9696	464.048982437641	7906.80182936077	20894346	1.22628595091321
GSE135251	GSM3998167	2	LUM	ENSG00000139329	440	18.8937073090779	442.0791153791	23288177	0.995296960867928
GSE135251	GSM3998168	3	LUM	ENSG00000139329	1397	70.0433897992357	1550.36713926055	19944780	0.901076889869006
GSE135251	GSM3998169	2	LUM	ENSG00000139329	1474	60.1016157671084	1346.12890588671	24525131	1.09499171554381
GSE135251	GSM3998170	3	LUM	ENSG00000139329	1155	41.1813492200876	940.215100043395	28046677	1.22844230000847
GSE135251	GSM3998171	0	LUM	ENSG00000139329	530	18.6421028939262	431.855749709668	28430269	1.22726165011422
GSE135251	GSM3998172	1	LUM	ENSG00000139329	1030	41.3111534418969	1073.34151799655	24932734	0.959620011646014
GSE135251	GSM3998173	3	LUM	ENSG00000139329	709	28.642970782675	616.23251434398	24753019	1.15053974513951
GSE135251	GSM3998174	2	LUM	ENSG00000139329	443	18.0305605383803	467.058377698998	24569397	0.948489570366934
GSE135251	GSM3998175	0	LUM	ENSG00000139329	315	16.802942979453	428.6652183353	18746716	0.734839185748
GSE135251	GSM3998176	2	LUM	ENSG00000139329	334	13.8845897930972	349.981351939644	24055446	0.954336561502283
GSE135251	GSM3998177	1	LUM	ENSG00000139329	431	16.160388443245	398.942500871553	26670151	1.08035618932155
GSE135251	GSM3998178	2	LUM	ENSG00000139329	900	36.1010526224587	915.546185075244	24930021	0.983019769697401
GSE135251	GSM3998179	3	LUM	ENSG00000139329	1218	55.3896720272015	1344.49125103339	21989659	0.905918873822226
GSE135251	GSM3998180	2	LUM	ENSG00000139329	403	17.2533482947976	409.081854409516	23357785	0.985132915713666
GSE135251	GSM3998181	1	LUM	ENSG00000139329	393	17.1602217153043	456.590822460644	22901802	0.860726893024389
GSE135251	GSM3998182	2	LUM	ENSG00000139329	490	18.9313909777704	533.653671995348	25882937	0.91819849785325
GSE135251	GSM3998183	1	LUM	ENSG00000139329	319	14.5603898788585	358.92282856078	21908754	0.888770439258868
GSE135251	GSM3998184	2	LUM	ENSG00000139329	1309	49.437845618789	1196.71038689298	26477691	1.09383190313786
GSE135251	GSM3998185	3	LUM	ENSG00000139329	1461	52.485056038844	1324.7928862623	27836495	1.10281389276024
GSE135251	GSM3998186	2	LUM	ENSG00000139329	543	21.1671545637321	502.081102183364	25652952	1.08149858187989
GSE135251	GSM3998187	2	LUM	ENSG00000139329	1607	70.5857466162326	1491.43140513209	22766636	1.07748837423581
GSE135251	GSM3998188	3	LUM	ENSG00000139329	2645	96.880084029646	2171.5802330127	27301793	1.21800703459642
GSE135251	GSM3998189	0	LUM	ENSG00000139329	1701	66.8882617235049	1650.98700376073	25430471	1.03029278614874
GSE135251	GSM3998190	3	LUM	ENSG00000139329	537	24.874456948221	595.246611473037	21588411	0.902147092733722
GSE135251	GSM3998191	4	LUM	ENSG00000139329	3913	157.664734263001	3388.34821132881	24818486	1.15483998572432
GSE135251	GSM3998192	1	LUM	ENSG00000139329	893	41.7724895271738	966.904502526858	21377706	0.923565871982476
GSE135251	GSM3998193	3	LUM	ENSG00000139329	1061	53.2732174447544	1249.68288519316	19916199	0.849015388280688
GSE135251	GSM3998194	1	LUM	ENSG00000139329	253	12.6175954912593	271.520457312441	20051364	0.931789827198437
GSE135251	GSM3998195	3	LUM	ENSG00000139329	1354	56.7696508943191	1236.38758478149	23850772	1.09512584618786
GSE135251	GSM3998196	1	LUM	ENSG00000139329	688	35.958562773877	803.536495125179	19133134	0.856214999783949
GSE135251	GSM3998197	1	LUM	ENSG00000139329	821	27.7092032186551	644.080985144677	29629145	1.27468442468548
GSE135251	GSM3998198	1	LUM	ENSG00000139329	1017	31.5290227444542	738.165170339849	32255995	1.37774043109048
GSE135251	GSM3998199	2	LUM	ENSG00000139329	1625	66.9515575610351	1364.01157528462	24271280	1.191338863573
GSE135251	GSM3998200	3	LUM	ENSG00000139329	576	20.8384803957835	520.886221951874	27641171	1.10580770948712
GSE135251	GSM3998201	4	LUM	ENSG00000139329	1853	81.0746517279292	1805.78384579746	22855479	1.02614717941598
GSE135251	GSM3998202	0	LUM	ENSG00000139329	457	19.2626469498652	451.324193464191	23724673	1.01257589692288
GSE135251	GSM3998203	3	LUM	ENSG00000139329	450	19.2467563762258	474.599937392672	23380563	0.948167002448805
GSE135251	GSM3998204	1	LUM	ENSG00000139329	587	28.748313607762	727.094659402149	20418589	0.807322667563889
GSE135251	GSM3998205	1	LUM	ENSG00000139329	204	9.53020169971147	237.075078439918	21405633	0.860486902893506
GSE135251	GSM3998206	0	LUM	ENSG00000139329	295	14.0065797688962	285.809508551648	21061530	1.03215600311874
GSE135251	GSM3998207	3	LUM	ENSG00000139329	1035	49.4846638420725	1054.2493166486	20915571	0.981741210219806
GSE135251	GSM3998208	4	LUM	ENSG00000139329	575	24.1086942366426	648.132147267389	23850317	0.887164758644169
GSE135251	GSM3998209	3	LUM	ENSG00000139329	1941	89.6053128333366	1931.95231450567	21661662	1.00468318261605
GSE135251	GSM3998210	3	LUM	ENSG00000139329	1122	58.9628466799923	1296.24617460311	19028932	0.865576324916473
GSE135251	GSM3998211	2	LUM	ENSG00000139329	482	24.0831622571079	529.981177788235	20013983	0.909466260691608
GSE135251	GSM3998212	1	LUM	ENSG00000139329	359	16.7010480303068	380.308028473583	21495657	0.943971657503246
GSE135251	GSM3998213	0	LUM	ENSG00000139329	799	26.174301520419	624.537165131209	30526125	1.27934740253951
GSE135251	GSM3998214	4	LUM	ENSG00000139329	3185	156.529024658555	3395.43687580728	20347664	0.938023623025755
GSE135251	GSM3998215	2	LUM	ENSG00000139329	1601	69.2039907144757	1570.87029427006	23134504	1.01918026322087
GSE135251	GSM3998216	control	LUM	ENSG00000139329	957	38.3140826753847	1017.41959301748	24977761	0.940614871747964
GSE135251	GSM3998217	control	LUM	ENSG00000139329	447	22.7064838491625	584.021912290249	19686007	0.765382240962644
GSE135251	GSM3998218	control	LUM	ENSG00000139329	528	23.0323412021495	531.791319529765	22924287	0.992870663001574
GSE135251	GSM3998219	0	LUM	ENSG00000139329	524	17.5024369805384	468.890815383845	29938688	1.11753095349296
GSE135251	GSM3998220	control	LUM	ENSG00000139329	617	26.7880014066957	701.860643995831	23032700	0.87909188993316
GSE135251	GSM3998221	control	LUM	ENSG00000139329	912	42.9608626541221	1113.09739324583	21228624	0.819335312016655
GSE135251	GSM3998222	control	LUM	ENSG00000139329	196	8.95031892589232	221.54455783977	21898661	0.884697877082385
GSE135251	GSM3998223	control	LUM	ENSG00000139329	299	14.2517952853059	341.370209113245	20979813	0.875881937022837
GSE135251	GSM3998225	3	LUM	ENSG00000139329	2035	67.6563060980075	1296.22550529074	30078497	1.56994287775841
GSE135251	GSM3998226	4	LUM	ENSG00000139329	2876	93.7298143589122	2095.63135460452	30683940	1.37237877915925
GSE135251	GSM3998227	4	LUM	ENSG00000139329	1004	45.9040657148706	955.509687468203	21871701	1.05074811189019
GSE135251	GSM3998228	1	LUM	ENSG00000139329	731	24.93532251486	596.503942898549	29315843	1.22547387775495
GSE135251	GSM3998229	3	LUM	ENSG00000139329	834	34.742246688614	909.391780412707	24005356	0.917096479167106
GSE135251	GSM3998230	4	LUM	ENSG00000139329	246	12.7142525996383	335.46306563574	19348365	0.733314707936036
GSE135251	GSM3998231	1	LUM	ENSG00000139329	305	12.5728239605541	341.94270603374	24258671	0.891962292565775
GSE135251	GSM3998232	1	LUM	ENSG00000139329	53	2.41127014928992	52.5748030422771	21980117	1.0080874664881
GSE135251	GSM3998233	3	LUM	ENSG00000139329	1064	45.9620622054178	942.853773153704	23149527	1.12848888162274
GSE135251	GSM3998234	1	LUM	ENSG00000139329	352	16.0372874222243	375.5731482947	21948849	0.937234202174106
GSE135251	GSM3998235	2	LUM	ENSG00000139329	784	23.7182286537077	659.914677577225	33054745	1.18803237242477
GSE135251	GSM3998236	1	LUM	ENSG00000139329	580	23.9574819133403	560.883260464567	24209556	1.03408327700777
GSE135251	GSM3998237	2	LUM	ENSG00000139329	483	17.9295571087576	530.767250864466	26938758	0.910003394545034
GSE135251	GSM3998238	2	LUM	ENSG00000139329	247	10.0339064792793	252.902396933128	24616534	0.976661364207282
GSE135251	GSM3998239	3	LUM	ENSG00000139329	1177	43.340664546055	1220.83522337482	27156944	0.96409407057109
GSE135251	GSM3998240	2	LUM	ENSG00000139329	402	17.3206691379499	417.763870853688	23209265	0.96226607432214
GSE135251	GSM3998241	3	LUM	ENSG00000139329	963	38.0469305530127	929.235012312471	25310846	1.0363363274523
GSE135251	GSM3998242	4	LUM	ENSG00000139329	1217	68.7483889744305	1596.12291525069	17702233	0.762472606822299
GSE135251	GSM3998243	2	LUM	ENSG00000139329	403	17.953211791723	434.385293277556	22447237	0.927747799561203
GSE135251	GSM3998244	0	LUM	ENSG00000139329	134	5.63621915184744	138.936904988056	23774803	0.964466568558724
GSE135251	GSM3998245	2	LUM	ENSG00000139329	664	26.416642166292	577.19793287328	25135670	1.15038527025664
GSE135251	GSM3998246	2	LUM	ENSG00000139329	155	6.53182397349647	140.681192833866	23729972	1.10178195732988
GSE135251	GSM3998247	0	LUM	ENSG00000139329	631	19.2891923450091	473.640663187604	32712619	1.33223358770205
GSE135251	GSM3998248	2	LUM	ENSG00000139329	1211	44.4279287828006	956.035960331286	27257629	1.26668875465768
GSE135251	GSM3998249	0	LUM	ENSG00000139329	552	17.5891731246867	424.714419408421	31382942	1.29969686635286
GSE135251	GSM3998250	4	LUM	ENSG00000139329	965	31.741044650736	761.605104911382	30402276	1.26706083477773
GSE135251	GSM3998251	3	LUM	ENSG00000139329	926	33.3636716958499	865.233384719409	27754739	1.07023147321147
GSE135251	GSM3998252	2	LUM	ENSG00000139329	319	12.8193510314052	336.734955666731	24884255	0.947332596844257
GSE135251	GSM3998253	3	LUM	ENSG00000139329	908	39.4450721288766	1022.46209086169	23019352	0.888052484405342
GSE135251	GSM3998254	0	LUM	ENSG00000139329	767	26.1546279335382	632.20786415104	29325594	1.21320857188318
GSE135251	GSM3998255	1	LUM	ENSG00000139329	564	19.5734752340878	536.730580184258	28814505	1.05080653277922
GSE135251	GSM3998256	2	LUM	ENSG00000139329	307	14.2338715977743	341.802990836815	21568271	0.898178214439817
GSE135251	GSM3998257	2	LUM	ENSG00000139329	748	27.8676978807733	615.29069553616	26841112	1.21568553762738
GSE135251	GSM3998258	4	LUM	ENSG00000139329	3060	111.889879297147	2366.58843282808	27348318	1.29300048861614
GSE135251	GSM3998259	2	LUM	ENSG00000139329	64	2.9719246917998	123.764686176345	21534866	0.517110348494805
GSE135251	GSM3998260	2	LUM	ENSG00000139329	100	3.64669798061911	109.586820454814	27422068	0.912518490681398
GSE135251	GSM3998261	3	LUM	ENSG00000139329	682	23.7787460895381	653.702631970099	28681075	1.04328782942883
GSE135251	GSM3998262	3	LUM	ENSG00000139329	613	22.236692799436	574.46019815318	27567049	1.06708872428537
GSE135251	GSM3998263	2	LUM	ENSG00000139329	717	24.0237777098947	618.540301325454	29845431	1.15918073319323
GSE135251	GSM3998264	2	LUM	ENSG00000139329	1098	35.2225347233082	911.65247637522	31173225	1.20440631540399
GSE135251	GSM3998265	3	LUM	ENSG00000139329	1118	38.9344552028447	1156.43752141148	28714926	0.966762128779284
GSE135251	GSM3998266	0	LUM	ENSG00000139329	466	17.7924930264691	536.061530431497	26190821	0.8693031929094
GSE135251	GSM3998267	0	LUM	ENSG00000139329	413	13.6825368523228	371.97461850151	30184461	1.11029080872173
GSE135251	GSM3998268	3	LUM	ENSG00000139329	296	18.3606188049582	434.466028444524	16121461	0.681296075229955
GSE135251	GSM3998269	2	LUM	ENSG00000139329	797	31.1079200881638	733.27244162168	25620485	1.08690843233844
GSE135251	GSM3998270	0	LUM	ENSG00000139329	817	26.3977682932495	713.181256165856	30949586	1.14557132977987
GSE135251	GSM3998271	1	LUM	ENSG00000139329	579	18.379575371496	441.658740356892	31502360	1.31096692331307
GSE135251	GSM3998272	0	LUM	ENSG00000139329	125	5.26717003676358	130.922491152723	23731909	0.954763378693933
GSE135251	GSM3998273	1	LUM	ENSG00000139329	256	12.7658729917312	398.245792996629	20053466	0.642819094393213
GSE135251	GSM3998274	3	LUM	ENSG00000139329	692	24.6676066735857	709.405897624514	28052985	0.975464120494629
GSE135251	GSM3998275	4	LUM	ENSG00000139329	679	26.951529916099	793.92376234611	25193375	0.855245846268033
GSE135251	GSM3998276	0	LUM	ENSG00000139329	394	16.3757811174858	404.901903500025	24059921	0.973075198200384
GSE135251	GSM3998277	2	LUM	ENSG00000139329	222	12.8510507644291	320.751454522125	17274852	0.692124686794482
GSE135251	GSM3998278	2	LUM	ENSG00000139329	184	9.91658481442109	253.941615066202	18554775	0.724576001267188
GSE135251	GSM3998279	1	LUM	ENSG00000139329	381	15.5282711739899	414.599869514723	24535893	0.918958321057722
GSE135251	GSM3998280	3	LUM	ENSG00000139329	144	9.62036503005329	285.709185169316	14968247	0.50400899752195
GSE135251	GSM3998281	0	LUM	ENSG00000139329	2162	90.4238204616224	1992.48714872142	23909629	1.08507600733453
GSE135251	GSM3998282	3	LUM	ENSG00000139329	1622	60.0692796556423	1501.34443136466	27002155	1.08036501559184
GSE135251	GSM3998283	1	LUM	ENSG00000139329	341	19.0797794399878	459.375612699438	17872324	0.742311935098547
GSE135251	GSM3998284	2	LUM	ENSG00000139329	210	9.89802815725063	257.859566068645	21216347	0.814396778842386
GSE135251	GSM3998285	4	LUM	ENSG00000139329	455	17.5527121447794	454.008525319674	25921920	1.00218382392628
GSE135251	GSM3998286	0	LUM	ENSG00000139329	425	13.8306712545444	354.664728344349	30728805	1.19831481970026
GSE135251	GSM3998287	2	LUM	ENSG00000139329	778	27.6483739504413	687.359076674648	28139087	1.13186837331641
GSE135251	GSM3998288	0	LUM	ENSG00000139329	213	8.74327383638108	240.535537695917	24361584	0.885524035409988
GSE135251	GSM3998289	0	LUM	ENSG00000139329	370	14.7864361064308	381.231765804835	25022933	0.970538221595667
GSE135251	GSM3998290	0	LUM	ENSG00000139329	1090	28.824205139488	673.703910261301	37815440	1.61792143907438
GSE135251	GSM3998291	1	LUM	ENSG00000139329	503	18.8038072064713	435.288685405473	26749902	1.15555496125854
GSE135251	GSM3998292	1	LUM	ENSG00000139329	372	17.4555888994842	435.224631688106	21311226	0.854731035229149
GSE135251	GSM3998293	0	LUM	ENSG00000139329	122	5.99446504509508	151.840777190982	20352108	0.803473232006385
GSE135251	GSM3998294	1	LUM	ENSG00000139329	322	11.2860550905296	344.001893161197	28530784	0.93604136024075
GSE135251	GSM3998295	1	LUM	ENSG00000139329	387	14.5409419005958	417.519878436784	26614507	0.926901975180074
GSE135251	GSM3998296	1	LUM	ENSG00000139329	424	15.7105500122757	414.083435456732	26988234	1.02394822804812
GSE135251	GSM3998297	2	LUM	ENSG00000139329	262	10.1362136893357	269.723148001183	25847916	0.97136638787432
GSE135251	GSM3998298	3	LUM	ENSG00000139329	668	23.795928680467	595.904639991144	28072029	1.12098472670044
GSE135251	GSM3998299	2	LUM	ENSG00000139329	351	12.6036416121831	349.286548261267	27849094	1.0049055760872
GSE135251	GSM3998300	1	LUM	ENSG00000139329	611	20.6809866421473	545.599805139696	29544045	1.11986843515012
GSE135251	GSM3998301	3	LUM	ENSG00000139329	3170	108.902011104089	2710.55620917544	29108737	1.16950166510818
GSE135251	GSM3998302	1	LUM	ENSG00000139329	392	14.5160835799062	378.21430036288	27004529	1.03644944049946
GSE135251	GSM3998303	0	LUM	ENSG00000139329	203	8.41998276765497	202.717886810237	24109313	1.00139165415643
GSE135251	GSM3998304	0	LUM	ENSG00000139329	363	12.2093354125753	369.251458297486	29731348	0.983069915752508
GSE135251	GSM3998305	0	LUM	ENSG00000139329	218	7.45219680677469	174.194620328637	29253119	1.25147378023914
GSE135251	GSM3998306	1	LUM	ENSG00000139329	271	10.2554589410592	288.758822090499	26424951	0.938499464840823
GSE135251	GSM3998307	0	LUM	ENSG00000139329	254	9.15096384688362	206.43766118596	27756639	1.2303956484529
GSE135251	GSM3998308	3	LUM	ENSG00000139329	830	28.08385419296	665.564055351775	29554348	1.24706253789699
GSE135251	GSM3998309	3	LUM	ENSG00000139329	1308	46.3587702393424	1226.11675306993	28214726	1.06678258552871
GSE135251	GSM3998310	1	LUM	ENSG00000139329	307	13.703836873454	370.805079263497	22402485	0.827928249013663
GSE135251	GSM3998311	1	LUM	ENSG00000139329	664	18.4475887334575	506.903740080371	35993864	1.30991339676192
GSE135251	GSM3998312	2	LUM	ENSG00000139329	602	21.4395206436586	546.555884661925	28078986	1.1014427195718
GSE135251	GSM3998313	2	LUM	ENSG00000139329	1308	55.7315844182671	1141.93115801426	23469636	1.14542806790081
GSE135251	GSM3998314	3	LUM	ENSG00000139329	2774	96.0733598720693	2242.85314197107	28873769	1.23681749290198
GSE135251	GSM3998315	1	LUM	ENSG00000139329	580	19.671245997071	528.673037873019	29484660	1.0970864001945
GSE135251	GSM3998316	1	LUM	ENSG00000139329	415	14.3013093589629	354.227003976092	29018322	1.17156511316684
GSE135251	GSM3998317	1	LUM	ENSG00000139329	586	19.6868580144158	490.624742534363	29766050	1.19439553124241
GSE135251	GSM3998318	2	LUM	ENSG00000139329	1234	39.5428639838916	947.932404815304	31206642	1.30178058449266
GSE135251	GSM3998319	3	LUM	ENSG00000139329	381	16.2177658601556	444.752577742635	23492755	0.856656080407192
GSE135251	GSM3998320	1	LUM	ENSG00000139329	500	18.2133590836233	410.360087443139	27452377	1.2184420836719
GSE135251	GSM3998321	0	LUM	ENSG00000139329	572	20.0567950931542	508.756936376256	28519013	1.12430899532144
GSE135251	GSM3998322	3	LUM	ENSG00000139329	1291	44.7151413434881	1168.04993689301	28871652	1.10526096464166
GSE135251	GSM3998323	0	LUM	ENSG00000139329	619	22.9101094651692	612.376152572132	27018640	1.01081663190189
GSE135251	GSM3998324	3	LUM	ENSG00000139329	2634	103.321893003001	2180.9518681108	25493145	1.20772954163433
GSE135251	GSM3998325	0	LUM	ENSG00000139329	199	6.89841313618709	169.649164019902	28847214	1.17300902217623
GSE135251	GSM3998326	0	LUM	ENSG00000139329	428	16.9304232783826	420.51532415086	25279935	1.01779881830526
GSE135251	GSM3998327	3	LUM	ENSG00000139329	5790	225.075231104448	4387.41445285478	25724732	1.31968385075465
GSE135251	GSM3998328	3	LUM	ENSG00000139329	2493	84.975911220931	1967.77406268615	29337726	1.26691374140631
GSE135251	GSM3998329	3	LUM	ENSG00000139329	1409	56.5296885579256	1207.88392227828	24924956	1.16650281869998
GSE135251	GSM3998330	3	LUM	ENSG00000139329	1078	47.6844953155734	1371.86662964269	22606929	0.785790671415902
GSE135251	GSM3998331	1	LUM	ENSG00000139329	413	14.9955303879159	380.149440453349	27541540	1.08641485702958
GSE135251	GSM3998332	4	LUM	ENSG00000139329	2504	97.5931023190795	1897.05830909183	25657551	1.31993834243225
GSE135251	GSM3998333	3	LUM	ENSG00000139329	528	21.6822537980081	570.804339143617	24351712	0.925010487467848
GSE135251	GSM3998334	3	LUM	ENSG00000139329	1629	57.316849443731	1232.42853468656	28420962	1.32178049611153
GSE135251	GSM3998335	2	LUM	ENSG00000139329	1123	53.6249025452155	1242.22783227408	20941763	0.904020962035753
GSE135251	GSM3998336	0	LUM	ENSG00000139329	398	18.220781020502	469.737439796216	21843191	0.847281835087836
GSE135251	GSM3998337	2	LUM	ENSG00000139329	489	16.6274962751348	404.563677481862	29409118	1.20870959806302
GSE135251	GSM3998338	3	LUM	ENSG00000139329	483	21.9399284758332	561.84578237689	22014657	0.859666504848835
GSE135251	GSM3998339	0	LUM	ENSG00000139329	310	10.2164129574304	241.989520668546	30343331	1.28104720875334
GSE135251	GSM3998340	3	LUM	ENSG00000139329	395	15.1547576999789	322.17793819622	26064422	1.2260305662501
GSE135251	GSM3998342	control	LUM	ENSG00000139329	463	18.7464450585828	466.052441339355	24698016	0.993450433752514
GSE135251	GSM3998343	2	LUM	ENSG00000139329	206	11.8125924184832	283.57722767301	17439017	0.726433506986451
GSE135251	GSM3998344	1	LUM	ENSG00000139329	193	9.16268750454871	213.964546124476	21063689	0.902018598388355
GSE135251	GSM3998345	0	LUM	ENSG00000139329	87	4.61721876573569	115.116127690968	18842512	0.755758569585956
GSE135251	GSM3998346	0	LUM	ENSG00000139329	177	7.08720910910578	165.069425684295	24974570	1.07227609998791
GSE135251	GSM3998347	2	LUM	ENSG00000139329	309	13.277389546621	322.024500721585	23272647	0.959554317474604
GSE135251	GSM3998348	2	LUM	ENSG00000139329	188	8.0802186919785	179.087167064521	23266697	1.04976812734029
GSE135251	GSM3998349	0	LUM	ENSG00000139329	177	7.33762489041755	168.788032550636	24122247	1.04865254559384
GSE135251	GSM3998350	2	LUM	ENSG00000139329	496	21.9676620955475	489.863488648215	22578643	1.01252698250429
GSE135251	GSM3998351	1	LUM	ENSG00000139329	218	10.566182593329	229.026796881623	20631860	0.951853682487108
GSE135251	GSM3998352	1	LUM	ENSG00000139329	252	9.95037683893428	232.188264012895	25325674	1.08532617301452
GSE135251	GSM3998353	0	LUM	ENSG00000139329	51	2.48498896128923	58.9864096848471	20523230	0.86460593673158
GSE135251	GSM3998354	3	LUM	ENSG00000139329	413	18.2632764954815	400.141183023554	22613686	1.03213569990293
GSE135251	GSM3998355	2	LUM	ENSG00000139329	567	28.3347077582229	545.68189931604	20010794	1.03906690090084
GSE135251	GSM3998356	2	LUM	ENSG00000139329	217	10.4499417451865	235.710055833667	20765666	0.920622581130479
GSE135251	GSM3998357	1	LUM	ENSG00000139329	445	19.2063653606597	486.865236188965	23169402	0.914010627423979
GSE135251	GSM3998358	1	LUM	ENSG00000139329	353	15.0404131213757	334.353759264995	23470100	1.05576800086231
GSE135251	GSM3998359	4	LUM	ENSG00000139329	2045	89.3969413481312	1679.55847255586	22875503	1.21758190227699
GSE135251	GSM3998360	2	LUM	ENSG00000139329	200	10.8328512714518	238.766488830204	18462360	0.83763848511517
GSE135251	GSM3998361	0	LUM	ENSG00000139329	66	3.44127195668377	82.8174338338798	19178955	0.796933652066385
GSE135251	GSM3998362	2	LUM	ENSG00000139329	714	48.5970593878527	955.428118989087	14692247	0.747308966325446
GSE135251	GSM3998363	1	LUM	ENSG00000139329	217	10.183627701964	234.808520763621	21308713	0.924157263519631
GSE135251	GSM3998364	3	LUM	ENSG00000139329	238	10.3664297719682	237.984874310622	22958724	1.00006355735599
GSE135251	GSM3998365	3	LUM	ENSG00000139329	343	15.2797780823834	339.839307635909	22447970	1.00930054968061
GSE135251	GSM3998366	0	LUM	ENSG00000139329	195	8.27656142742926	210.320221094793	23560509	0.92715764078677
GSE135251	GSM3998367	1	LUM	ENSG00000139329	301	13.8271751030733	279.386559641183	21768727	1.07736034398568
GSE135251	GSM3998368	2	LUM	ENSG00000139329	432	16.3731365039761	396.098966496733	26384682	1.09063652405052
GSE135251	GSM3998369	3	LUM	ENSG00000139329	143	7.61193928951436	209.521669941019	18786277	0.682506969518976
GSE135251	GSM3998370	2	LUM	ENSG00000139329	1081	47.5407826030817	848.646939756718	22738372	1.27379237390509
GSE135251	GSM3998371	2	LUM	ENSG00000139329	2249	99.0283901493127	2132.46589120233	22710659	1.05464758394422
GSE135251	GSM3998372	3	LUM	ENSG00000139329	2363	99.7687796255855	2118.33350231644	23684764	1.11549951762365
GSE135251	GSM3998373	3	LUM	ENSG00000139329	551	25.7670803709375	529.767571468991	21383874	1.04007876222422
GSE135251	GSM3998374	3	LUM	ENSG00000139329	738	44.6551830236242	795.267886911416	16526637	0.927989187223657
GSE135251	GSM3998375	1	LUM	ENSG00000139329	361	17.2837624174976	345.768840607409	20886656	1.04405012136384
GSE135251	GSM3998376	2	LUM	ENSG00000139329	1727	93.5926686646109	1695.80499313305	18452300	1.01839539746213
GSE135251	GSM3998377	1	LUM	ENSG00000139329	926	38.1563447573265	763.859227111804	24268572	1.21226525403281
GSE135251	GSM3998378	3	LUM	ENSG00000139329	4088	198.756749306138	3785.28924765061	20567855	1.07997030941223
GSE135251	GSM3998379	3	LUM	ENSG00000139329	1637	63.278346370206	1313.30768620556	25869829	1.24647104193051
GSE135251	GSM3998380	1	LUM	ENSG00000139329	843	39.922734590819	798.383310892466	21115788	1.05588379478732
GSE135251	GSM3998381	2	LUM	ENSG00000139329	674	31.6916733090658	667.579851551634	21267416	1.00961704945625
GSE135251	GSM3998382	3	LUM	ENSG00000139329	1642	78.5858528426781	1339.0025375217	20894346	1.22628595091321
GSE135251	GSM3998167	2	THBS2	ENSG00000186340	79	3.39227926685717	79.3732957157929	23288177	0.995296960867928
GSE135251	GSM3998168	3	THBS2	ENSG00000186340	246	12.3340543239885	273.006668760268	19944780	0.901076889869006
GSE135251	GSM3998169	2	THBS2	ENSG00000186340	310	12.6400955819563	283.107164738725	24525131	1.09499171554381
GSE135251	GSM3998170	3	THBS2	ENSG00000186340	204	7.27358895315834	166.06396572195	28046677	1.22844230000847
GSE135251	GSM3998171	0	THBS2	ENSG00000186340	114	4.00981081114639	92.8897272960419	28430269	1.22726165011422
GSE135251	GSM3998172	1	THBS2	ENSG00000186340	232	9.30503650341756	241.762361335145	24932734	0.959620011646014
GSE135251	GSM3998173	3	THBS2	ENSG00000186340	213	8.60501096856105	185.130501488389	24753019	1.15053974513951
GSE135251	GSM3998174	2	THBS2	ENSG00000186340	108	4.39571227572252	113.865247836325	24569397	0.948489570366934
GSE135251	GSM3998175	0	THBS2	ENSG00000186340	65	3.4672739481411	88.4547275929983	18746716	0.734839185748
GSE135251	GSM3998176	2	THBS2	ENSG00000186340	90	3.74135653107409	94.3063523190657	24055446	0.954336561502283
GSE135251	GSM3998177	1	THBS2	ENSG00000186340	58	2.17471584619075	53.6859977971	26670151	1.08035618932155
GSE135251	GSM3998178	2	THBS2	ENSG00000186340	194	7.78178245417443	197.351066560664	24930021	0.983019769697401
GSE135251	GSM3998179	3	THBS2	ENSG00000186340	191	8.6859009500784	210.835655950227	21989659	0.905918873822226
GSE135251	GSM3998180	2	THBS2	ENSG00000186340	88	3.76748052094837	89.3280476129961	23357785	0.985132915713666
GSE135251	GSM3998181	1	THBS2	ENSG00000186340	53	2.31422837381967	61.5758615532166	22901802	0.860726893024389
GSE135251	GSM3998182	2	THBS2	ENSG00000186340	53	2.04768106494251	57.7217237056193	25882937	0.91819849785325
GSE135251	GSM3998183	1	THBS2	ENSG00000186340	85	3.87972771066762	95.6377442873552	21908754	0.888770439258868
GSE135251	GSM3998184	2	THBS2	ENSG00000186340	219	8.27111397289137	200.213578861393	26477691	1.09383190313786
GSE135251	GSM3998185	3	THBS2	ENSG00000186340	347	12.4656498600129	314.649645128691	27836495	1.10281389276024
GSE135251	GSM3998186	2	THBS2	ENSG00000186340	60	2.33891210648973	55.478574826891	25652952	1.08149858187989
GSE135251	GSM3998187	2	THBS2	ENSG00000186340	426	18.7115918223492	395.363894577642	22766636	1.07748837423581
GSE135251	GSM3998188	3	THBS2	ENSG00000186340	698	25.5660864471429	573.067297785581	27301793	1.21800703459642
GSE135251	GSM3998189	0	THBS2	ENSG00000186340	169	6.64557097664451	164.031042701684	25430471	1.03029278614874
GSE135251	GSM3998190	3	THBS2	ENSG00000186340	109	5.04900522785118	120.822868995458	21588411	0.902147092733722
GSE135251	GSM3998191	4	THBS2	ENSG00000186340	748	30.1388247453934	647.70878151647	24818486	1.15483998572432
GSE135251	GSM3998192	1	THBS2	ENSG00000186340	90	4.20999334540385	97.4483821135691	21377706	0.923565871982476
GSE135251	GSM3998193	3	THBS2	ENSG00000186340	213	10.6948117961665	250.878845001077	19916199	0.849015388280688
GSE135251	GSM3998194	1	THBS2	ENSG00000186340	90	4.48847270440056	96.5883049728051	20051364	0.931789827198437
GSE135251	GSM3998195	3	THBS2	ENSG00000186340	301	12.6201365725185	274.854256291898	23850772	1.09512584618786
GSE135251	GSM3998196	1	THBS2	ENSG00000186340	107	5.59239275698377	124.968611887201	19133134	0.856214999783949
GSE135251	GSM3998197	1	THBS2	ENSG00000186340	130	4.38757176422067	101.986026880399	29629145	1.27468442468548
GSE135251	GSM3998198	1	THBS2	ENSG00000186340	123	3.8132446387098	89.2766135219287	32255995	1.37774043109048
GSE135251	GSM3998199	2	THBS2	ENSG00000186340	380	15.6563642296574	318.968860681942	24271280	1.191338863573
GSE135251	GSM3998200	3	THBS2	ENSG00000186340	176	6.36731345426719	159.159678929739	27641171	1.10580770948712
GSE135251	GSM3998201	4	THBS2	ENSG00000186340	520	22.7516561783719	506.749918950177	22855479	1.02614717941598
GSE135251	GSM3998202	0	THBS2	ENSG00000186340	130	5.47952757873628	128.385437965744	23724673	1.01257589692288
GSE135251	GSM3998203	3	THBS2	ENSG00000186340	110	4.7047626697441	116.01331802932	23380563	0.948167002448805
GSE135251	GSM3998204	1	THBS2	ENSG00000186340	141	6.90547226353398	174.651357709886	20418589	0.807322667563889
GSE135251	GSM3998205	1	THBS2	ENSG00000186340	34	1.58836694995191	39.5125130733197	21405633	0.860486902893506
GSE135251	GSM3998206	0	THBS2	ENSG00000186340	64	3.03871561087917	62.0061306688321	21061530	1.03215600311874
GSE135251	GSM3998207	3	THBS2	ENSG00000186340	310	14.8214935179154	315.765495807793	20915571	0.981741210219806
GSE135251	GSM3998208	4	THBS2	ENSG00000186340	121	5.07330783066741	136.38954751192	23850317	0.887164758644169
GSE135251	GSM3998209	3	THBS2	ENSG00000186340	414	19.1121069103562	412.070200002755	21661662	1.00468318261605
GSE135251	GSM3998210	3	THBS2	ENSG00000186340	269	14.1363687673065	310.775598010907	19028932	0.865576324916473
GSE135251	GSM3998211	2	THBS2	ENSG00000186340	178	8.89378191237596	195.719190137564	20013983	0.909466260691608
GSE135251	GSM3998212	1	THBS2	ENSG00000186340	57	2.6516984337813	60.3831688662792	21495657	0.943971657503246
GSE135251	GSM3998213	0	THBS2	ENSG00000186340	249	8.15694753264622	194.630480748024	30526125	1.27934740253951
GSE135251	GSM3998214	4	THBS2	ENSG00000186340	584	28.7010833282877	622.585599834051	20347664	0.938023623025755
GSE135251	GSM3998215	2	THBS2	ENSG00000186340	186	8.0399389587086	182.499609452986	23134504	1.01918026322087
GSE135251	GSM3998216	control	THBS2	ENSG00000186340	115	4.6040956192991	122.260452661452	24977761	0.940614871747964
GSE135251	GSM3998217	control	THBS2	ENSG00000186340	98	4.97815529578954	128.040598220234	19686007	0.765382240962644
GSE135251	GSM3998218	control	THBS2	ENSG00000186340	301	13.1301793595587	303.161339353143	22924287	0.992870663001574
GSE135251	GSM3998219	0	THBS2	ENSG00000186340	68	2.27130861579505	60.8484264238578	29938688	1.11753095349296
GSE135251	GSM3998220	control	THBS2	ENSG00000186340	140	6.07831474382074	159.255251473932	23032700	0.87909188993316
GSE135251	GSM3998221	control	THBS2	ENSG00000186340	120	5.6527450860687	146.46018332182	21228624	0.819335312016655
GSE135251	GSM3998222	control	THBS2	ENSG00000186340	79	3.60752650584435	89.2960207619481	21898661	0.884697877082385
GSE135251	GSM3998223	control	THBS2	ENSG00000186340	101	4.81415158466856	115.312344884407	20979813	0.875881937022837
GSE135251	GSM3998225	3	THBS2	ENSG00000186340	837	27.8271883066498	533.140416672409	30078497	1.56994287775841
GSE135251	GSM3998226	4	THBS2	ENSG00000186340	709	23.106550201832	516.621220589224	30683940	1.37237877915925
GSE135251	GSM3998227	4	THBS2	ENSG00000186340	413	18.8828477492446	393.053287773275	21871701	1.05074811189019
GSE135251	GSM3998228	1	THBS2	ENSG00000186340	238	8.11847709786139	194.210586059993	29315843	1.22547387775495
GSE135251	GSM3998229	3	THBS2	ENSG00000186340	243	10.1227409416465	264.96666983248	24005356	0.917096479167106
GSE135251	GSM3998230	4	THBS2	ENSG00000186340	232	11.9906772484393	316.37167165647	19348365	0.733314707936036
GSE135251	GSM3998231	1	THBS2	ENSG00000186340	63	2.59700953939315	70.6307884594283	24258671	0.891962292565775
GSE135251	GSM3998232	1	THBS2	ENSG00000186340	57	2.59325280206652	56.5427127058452	21980117	1.0080874664881
GSE135251	GSM3998233	3	THBS2	ENSG00000186340	606	26.1776406921835	537.001303130775	23149527	1.12848888162274
GSE135251	GSM3998234	1	THBS2	ENSG00000186340	111	5.05721279507641	118.433578013385	21948849	0.937234202174106
GSE135251	GSM3998235	2	THBS2	ENSG00000186340	165	4.99171904064	138.885104337044	33054745	1.18803237242477
GSE135251	GSM3998236	1	THBS2	ENSG00000186340	209	8.63295468946229	202.111381788094	24209556	1.03408327700777
GSE135251	GSM3998237	2	THBS2	ENSG00000186340	120	4.45454835000188	131.867639966327	26938758	0.910003394545034
GSE135251	GSM3998238	2	THBS2	ENSG00000186340	110	4.46854134704748	112.62859782447	24616534	0.976661364207282
GSE135251	GSM3998239	3	THBS2	ENSG00000186340	256	9.42668659625324	265.534254191975	27156944	0.96409407057109
GSE135251	GSM3998240	2	THBS2	ENSG00000186340	128	5.51503892949648	133.019341963363	23209265	0.96226607432214
GSE135251	GSM3998241	3	THBS2	ENSG00000186340	271	10.7068724609205	261.498118729678	25310846	1.0363363274523
GSE135251	GSM3998242	4	THBS2	ENSG00000186340	429	24.2342307888502	562.64316404482	17702233	0.762472606822299
GSE135251	GSM3998243	2	THBS2	ENSG00000186340	187	8.33064666266053	201.563399113903	22447237	0.927747799561203
GSE135251	GSM3998244	0	THBS2	ENSG00000186340	58	2.43955754333695	60.1368693231885	23774803	0.964466568558724
GSE135251	GSM3998245	2	THBS2	ENSG00000186340	168	6.68372874086905	146.038031208902	25135670	1.15038527025664
GSE135251	GSM3998246	2	THBS2	ENSG00000186340	104	4.38264318221699	94.3925422885298	23729972	1.10178195732988
GSE135251	GSM3998247	0	THBS2	ENSG00000186340	189	5.77758693059703	141.86701322101	32712619	1.33223358770205
GSE135251	GSM3998248	2	THBS2	ENSG00000186340	211	7.74095208354329	166.576042634105	27257629	1.26668875465768
GSE135251	GSM3998249	0	THBS2	ENSG00000186340	78	2.48542663718398	60.0139940468421	31382942	1.29969686635286
GSE135251	GSM3998250	4	THBS2	ENSG00000186340	229	7.53233080312803	180.733232149955	30402276	1.26706083477773
GSE135251	GSM3998251	3	THBS2	ENSG00000186340	319	11.493532690039	298.066360394699	27754739	1.07023147321147
GSE135251	GSM3998252	2	THBS2	ENSG00000186340	131	5.26437299408803	138.283006872545	24884255	0.947332596844257
GSE135251	GSM3998253	3	THBS2	ENSG00000186340	169	7.34164888742307	190.304067572274	23019352	0.888052484405342
GSE135251	GSM3998254	0	THBS2	ENSG00000186340	164	5.5923845907435	135.17873496841	29325594	1.21320857188318
GSE135251	GSM3998255	1	THBS2	ENSG00000186340	154	5.34453047171902	146.554094589319	28814505	1.05080653277922
GSE135251	GSM3998256	2	THBS2	ENSG00000186340	49	2.27185572733206	54.5548747589705	21568271	0.898178214439817
GSE135251	GSM3998257	2	THBS2	ENSG00000186340	282	10.5062711261739	231.967882541707	26841112	1.21568553762738
GSE135251	GSM3998258	4	THBS2	ENSG00000186340	856	31.2999139471758	662.02604526171	27348318	1.29300048861614
GSE135251	GSM3998259	2	THBS2	ENSG00000186340	29	1.34665337597178	56.0808734236564	21534866	0.517110348494805
GSE135251	GSM3998260	2	THBS2	ENSG00000186340	45	1.6410140912786	49.3140692046662	27422068	0.912518490681398
GSE135251	GSM3998261	3	THBS2	ENSG00000186340	116	4.04447880701822	111.186957930398	28681075	1.04328782942883
GSE135251	GSM3998262	3	THBS2	ENSG00000186340	154	5.58637959398556	144.317896436525	27567049	1.06708872428537
GSE135251	GSM3998263	2	THBS2	ENSG00000186340	110	3.68565627348454	94.8946068979079	29845431	1.15918073319323
GSE135251	GSM3998264	2	THBS2	ENSG00000186340	308	9.88027385681141	255.727652753705	31173225	1.20440631540399
GSE135251	GSM3998265	3	THBS2	ENSG00000186340	165	5.74614052635901	170.672800566095	28714926	0.966762128779284
GSE135251	GSM3998266	0	THBS2	ENSG00000186340	62	2.36724156146155	71.3214911732893	26190821	0.8693031929094
GSE135251	GSM3998267	0	THBS2	ENSG00000186340	156	5.16822215245122	140.503729990885	30184461	1.11029080872173
GSE135251	GSM3998268	3	THBS2	ENSG00000186340	88	5.45856234742	129.165576024048	16121461	0.681296075229955
GSE135251	GSM3998269	2	THBS2	ENSG00000186340	114	4.44956447936095	104.884640332336	25620485	1.08690843233844
GSE135251	GSM3998270	0	THBS2	ENSG00000186340	110	3.5541670896664	96.0219561545216	30949586	1.14557132977987
GSE135251	GSM3998271	1	THBS2	ENSG00000186340	144	4.57108610275548	109.842588275289	31502360	1.31096692331307
GSE135251	GSM3998272	0	THBS2	ENSG00000186340	91	3.83449978676389	95.3115735591821	23731909	0.954763378693933
GSE135251	GSM3998273	1	THBS2	ENSG00000186340	93	4.63760229777735	144.675229487057	20053466	0.642819094393213
GSE135251	GSM3998274	3	THBS2	ENSG00000186340	191	6.80854461655328	195.804228968616	28052985	0.975464120494629
GSE135251	GSM3998275	4	THBS2	ENSG00000186340	117	4.64407805623502	136.802769064057	25193375	0.855245846268033
GSE135251	GSM3998276	0	THBS2	ENSG00000186340	305	12.6766833523684	313.439290780476	24059921	0.973075198200384
GSE135251	GSM3998277	2	THBS2	ENSG00000186340	49	2.83649318674337	70.7964922143428	17274852	0.692124686794482
GSE135251	GSM3998278	2	THBS2	ENSG00000186340	109	5.87449861289075	150.432804577261	18554775	0.724576001267188
GSE135251	GSM3998279	1	THBS2	ENSG00000186340	88	3.58658231840186	95.760599782928	24535893	0.918958321057722
GSE135251	GSM3998280	3	THBS2	ENSG00000186340	251	16.7688307121068	498.006982482627	14968247	0.50400899752195
GSE135251	GSM3998281	0	THBS2	ENSG00000186340	311	13.0073118240354	286.615866444201	23909629	1.08507600733453
GSE135251	GSM3998282	3	THBS2	ENSG00000186340	375	13.887780438265	347.104908607736	27002155	1.08036501559184
GSE135251	GSM3998283	1	THBS2	ENSG00000186340	140	7.8333405325463	188.599958293024	17872324	0.742311935098547
GSE135251	GSM3998284	2	THBS2	ENSG00000186340	61	2.87514151234423	74.9020644294636	21216347	0.814396778842386
GSE135251	GSM3998285	4	THBS2	ENSG00000186340	515	19.8673555045305	513.877781405784	25921920	1.00218382392628
GSE135251	GSM3998286	0	THBS2	ENSG00000186340	115	3.74241692770025	95.9681029637651	30728805	1.19831481970026
GSE135251	GSM3998287	2	THBS2	ENSG00000186340	79	2.80748270190856	69.7961016160632	28139087	1.13186837331641
GSE135251	GSM3998288	0	THBS2	ENSG00000186340	53	2.17555640060187	59.8515657177635	24361584	0.885524035409988
GSE135251	GSM3998289	0	THBS2	ENSG00000186340	92	3.67662735619362	94.7927633893102	25022933	0.970538221595667
GSE135251	GSM3998290	0	THBS2	ENSG00000186340	325	8.59437309204917	200.875019114608	37815440	1.61792143907438
GSE135251	GSM3998291	1	THBS2	ENSG00000186340	208	7.77572942136386	180.000092573237	26749902	1.15555496125854
GSE135251	GSM3998292	1	THBS2	ENSG00000186340	109	5.11467524205318	127.525496919364	21311226	0.854731035229149
GSE135251	GSM3998293	0	THBS2	ENSG00000186340	50	2.45674796930126	62.2298267176157	20352108	0.803473232006385
GSE135251	GSM3998294	1	THBS2	ENSG00000186340	134	4.69668131096573	143.156067340374	28530784	0.93604136024075
GSE135251	GSM3998295	1	THBS2	ENSG00000186340	57	2.14168911714202	61.4951758937899	26614507	0.926901975180074
GSE135251	GSM3998296	1	THBS2	ENSG00000186340	82	3.03836108727974	80.0821738383302	26988234	1.02394822804812
GSE135251	GSM3998297	2	THBS2	ENSG00000186340	76	2.94027572667754	78.2403024736257	25847916	0.97136638787432
GSE135251	GSM3998298	3	THBS2	ENSG00000186340	161	5.73524628376524	143.623723111638	28072029	1.12098472670044
GSE135251	GSM3998299	2	THBS2	ENSG00000186340	45	1.61585148874143	44.7803267001625	27849094	1.0049055760872
GSE135251	GSM3998300	1	THBS2	ENSG00000186340	96	3.24938578992822	85.7243556356969	29544045	1.11986843515012
GSE135251	GSM3998301	3	THBS2	ENSG00000186340	787	27.0365560690593	672.936194517688	29108737	1.16950166510818
GSE135251	GSM3998302	1	THBS2	ENSG00000186340	110	4.07339080048387	106.131563877339	27004529	1.03644944049946
GSE135251	GSM3998303	0	THBS2	ENSG00000186340	42	1.74206540020448	41.9416317538422	24109313	1.00139165415643
GSE135251	GSM3998304	0	THBS2	ENSG00000186340	49	1.64809210803358	49.8438607619196	29731348	0.983069915752508
GSE135251	GSM3998305	0	THBS2	ENSG00000186340	58	1.98269456327033	46.3453577021144	29253119	1.25147378023914
GSE135251	GSM3998306	1	THBS2	ENSG00000186340	43	1.62724994267728	45.8178204793043	26424951	0.938499464840823
GSE135251	GSM3998307	0	THBS2	ENSG00000186340	59	2.12561758648084	47.9520551573687	27756639	1.2303956484529
GSE135251	GSM3998308	3	THBS2	ENSG00000186340	208	7.0378815326936	166.791956039963	29554348	1.24706253789699
GSE135251	GSM3998309	3	THBS2	ENSG00000186340	217	7.6910192216646	203.415394049063	28214726	1.06678258552871
GSE135251	GSM3998310	1	THBS2	ENSG00000186340	64	2.85682592801647	77.3013846021623	22402485	0.827928249013663
GSE135251	GSM3998311	1	THBS2	ENSG00000186340	179	4.97306985435073	136.65025523251	35993864	1.30991339676192
GSE135251	GSM3998312	2	THBS2	ENSG00000186340	118	4.20243095673042	107.132216594862	28078986	1.1014427195718
GSE135251	GSM3998313	2	THBS2	ENSG00000186340	360	15.3389681885139	314.292979269979	23469636	1.14542806790081
GSE135251	GSM3998314	3	THBS2	ENSG00000186340	426	14.7538757409883	344.432385897504	28873769	1.23681749290198
GSE135251	GSM3998315	1	THBS2	ENSG00000186340	116	3.9342491994142	105.734607574604	29484660	1.0970864001945
GSE135251	GSM3998316	1	THBS2	ENSG00000186340	112	3.85963047759964	95.5986131212586	29018322	1.17156511316684
GSE135251	GSM3998317	1	THBS2	ENSG00000186340	106	3.56110400943357	88.7478203219155	29766050	1.19439553124241
GSE135251	GSM3998318	2	THBS2	ENSG00000186340	219	7.01773680103101	168.231115603364	31206642	1.30178058449266
GSE135251	GSM3998319	3	THBS2	ENSG00000186340	86	3.66070305504825	100.390345632196	23492755	0.856656080407192
GSE135251	GSM3998320	1	THBS2	ENSG00000186340	113	4.11621915289885	92.7413797621494	27452377	1.2184420836719
GSE135251	GSM3998321	0	THBS2	ENSG00000186340	130	4.5583625211714	115.626576449149	28519013	1.12430899532144
GSE135251	GSM3998322	3	THBS2	ENSG00000186340	199	6.89257407231148	180.047976329752	28871652	1.10526096464166
GSE135251	GSM3998323	0	THBS2	ENSG00000186340	112	4.14528636526487	110.801500950047	27018640	1.01081663190189
GSE135251	GSM3998324	3	THBS2	ENSG00000186340	487	19.1031745985048	403.235975615019	25493145	1.20772954163433
GSE135251	GSM3998325	0	THBS2	ENSG00000186340	41	1.4212810984104	34.9528428382713	28847214	1.17300902217623
GSE135251	GSM3998326	0	THBS2	ENSG00000186340	92	3.63924986357758	90.3911444436429	25279935	1.01779881830526
GSE135251	GSM3998327	3	THBS2	ENSG00000186340	1159	45.0539193177989	878.240647816699	25724732	1.31968385075465
GSE135251	GSM3998328	3	THBS2	ENSG00000186340	340	11.5891736121607	268.368704899033	29337726	1.26691374140631
GSE135251	GSM3998329	3	THBS2	ENSG00000186340	620	24.8746677827636	531.503216332529	24924956	1.16650281869998
GSE135251	GSM3998330	3	THBS2	ENSG00000186340	167	7.38711569359996	212.524793274888	22606929	0.785790671415902
GSE135251	GSM3998331	1	THBS2	ENSG00000186340	87	3.15886475483942	80.079906342473	27541540	1.08641485702958
GSE135251	GSM3998332	4	THBS2	ENSG00000186340	607	23.6577528385308	459.869965502691	25657551	1.31993834243225
GSE135251	GSM3998333	3	THBS2	ENSG00000186340	114	4.68139570638812	123.241845951463	24351712	0.925010487467848
GSE135251	GSM3998334	3	THBS2	ENSG00000186340	244	8.58521256247414	184.599485858515	28420962	1.32178049611153
GSE135251	GSM3998335	2	THBS2	ENSG00000186340	141	6.73295748786766	155.969834684457	20941763	0.904020962035753
GSE135251	GSM3998336	0	THBS2	ENSG00000186340	95	4.34918139936605	112.123258242815	21843191	0.847281835087836
GSE135251	GSM3998337	2	THBS2	ENSG00000186340	75	2.55022949005135	62.0496437855616	29409118	1.20870959806302
GSE135251	GSM3998338	3	THBS2	ENSG00000186340	147	6.67736953612314	170.996542462532	22014657	0.859666504848835
GSE135251	GSM3998339	0	THBS2	ENSG00000186340	116	3.8229158163288	90.5509174114558	30343331	1.28104720875334
GSE135251	GSM3998340	3	THBS2	ENSG00000186340	78	2.99258506480596	63.6199472893802	26064422	1.2260305662501
GSE135251	GSM3998342	control	THBS2	ENSG00000186340	188	7.61194745359303	189.239436224187	24698016	0.993450433752514
GSE135251	GSM3998343	2	THBS2	ENSG00000186340	105	6.02098157252786	144.541790804204	17439017	0.726433506986451
GSE135251	GSM3998344	1	THBS2	ENSG00000186340	89	4.22528076634629	98.6675886273489	21063689	0.902018598388355
GSE135251	GSM3998345	0	THBS2	ENSG00000186340	53	2.81278844349416	70.1282157197849	18842512	0.755758569585956
GSE135251	GSM3998346	0	THBS2	ENSG00000186340	63	2.5225659540885	58.753524396105	24974570	1.07227609998791
GSE135251	GSM3998347	2	THBS2	ENSG00000186340	145	6.23049024032376	151.111820726957	23272647	0.959554317474604
GSE135251	GSM3998348	2	THBS2	ENSG00000186340	112	4.81374730585953	106.690227187374	23266697	1.04976812734029
GSE135251	GSM3998349	0	THBS2	ENSG00000186340	80	3.31644062843731	76.2883762940728	24122247	1.04865254559384
GSE135251	GSM3998350	2	THBS2	ENSG00000186340	306	13.5526302444305	302.214168399907	22578643	1.01252698250429
GSE135251	GSM3998351	1	THBS2	ENSG00000186340	97	4.70146656675646	101.906418795952	20631860	0.951853682487108
GSE135251	GSM3998352	1	THBS2	ENSG00000186340	69	2.72450794399391	63.5753580035308	25325674	1.08532617301452
GSE135251	GSM3998353	0	THBS2	ENSG00000186340	46	2.24136259253539	53.2034283431954	20523230	0.86460593673158
GSE135251	GSM3998354	3	THBS2	ENSG00000186340	252	11.1436941328362	244.153942183863	22613686	1.03213569990293
GSE135251	GSM3998355	2	THBS2	ENSG00000186340	359	17.9403176105856	345.502296039609	20010794	1.03906690090084
GSE135251	GSM3998356	2	THBS2	ENSG00000186340	107	5.15273625223482	116.225695733652	20765666	0.920622581130479
GSE135251	GSM3998357	1	THBS2	ENSG00000186340	113	4.87712199045966	123.630947616524	23169402	0.914010627423979
GSE135251	GSM3998358	1	THBS2	ENSG00000186340	202	8.60669532724616	191.329913233793	23470100	1.05576800086231
GSE135251	GSM3998359	4	THBS2	ENSG00000186340	470	20.5459963000595	386.010993692545	22875503	1.21758190227699
GSE135251	GSM3998360	2	THBS2	ENSG00000186340	114	6.1747252247275	136.096898633216	18462360	0.83763848511517
GSE135251	GSM3998361	0	THBS2	ENSG00000186340	56	2.91986711476199	70.2693377984435	19178955	0.796933652066385
GSE135251	GSM3998362	2	THBS2	ENSG00000186340	511	34.780248385424	683.786791041209	14692247	0.747308966325446
GSE135251	GSM3998363	1	THBS2	ENSG00000186340	111	5.2091367507742	120.109427671714	21308713	0.924157263519631
GSE135251	GSM3998364	3	THBS2	ENSG00000186340	135	5.88011772779707	134.991420302244	22958724	1.00006355735599
GSE135251	GSM3998365	3	THBS2	ENSG00000186340	127	5.65752716169881	125.829714489098	22447970	1.00930054968061
GSE135251	GSM3998366	0	THBS2	ENSG00000186340	51	2.16463914255842	55.0068270555612	23560509	0.92715764078677
GSE135251	GSM3998367	1	THBS2	ENSG00000186340	238	10.9331151977789	220.910302972098	21768727	1.07736034398568
GSE135251	GSM3998368	2	THBS2	ENSG00000186340	143	5.41981138904763	131.116093076465	26384682	1.09063652405052
GSE135251	GSM3998369	3	THBS2	ENSG00000186340	120	6.38764136183023	175.822380370086	18786277	0.682506969518976
GSE135251	GSM3998370	2	THBS2	ENSG00000186340	223	9.8072104722361	175.067777581636	22738372	1.27379237390509
GSE135251	GSM3998371	2	THBS2	ENSG00000186340	401	17.6569072698419	380.221797408685	22710659	1.05464758394422
GSE135251	GSM3998372	3	THBS2	ENSG00000186340	273	11.5263973075687	244.733409281586	23684764	1.11549951762365
GSE135251	GSM3998373	3	THBS2	ENSG00000186340	109	5.09729902074806	104.799755517459	21383874	1.04007876222422
GSE135251	GSM3998374	3	THBS2	ENSG00000186340	139	8.41066455323004	149.786228022611	16526637	0.927989187223657
GSE135251	GSM3998375	1	THBS2	ENSG00000186340	97	4.64411344736084	92.9074170053149	20886656	1.04405012136384
GSE135251	GSM3998376	2	THBS2	ENSG00000186340	579	31.3782021753386	568.541453980333	18452300	1.01839539746213
GSE135251	GSM3998377	1	THBS2	ENSG00000186340	206	8.48834451404887	169.929806463317	24268572	1.21226525403281
GSE135251	GSM3998378	3	THBS2	ENSG00000186340	1363	66.2684562877364	1262.07173301071	20567855	1.07997030941223
GSE135251	GSM3998379	3	THBS2	ENSG00000186340	426	16.4670589821061	341.764859085871	25869829	1.24647104193051
GSE135251	GSM3998380	1	THBS2	ENSG00000186340	159	7.52991079470963	150.584752588259	21115788	1.05588379478732
GSE135251	GSM3998381	2	THBS2	ENSG00000186340	162	7.61728646300989	160.45687826612	21267416	1.00961704945625
GSE135251	GSM3998382	3	THBS2	ENSG00000186340	563	26.9450883985553	459.109883449888	20894346	1.22628595091321
GSE135251	GSM3998167	2	ALB	ENSG00000163631	3547755	152341.464941631	3564519.07268586	23288177	0.995296960867928
GSE135251	GSM3998168	3	ALB	ENSG00000163631	3091362	154996.044077699	3430741.63232552	19944780	0.901076889869006
GSE135251	GSM3998169	2	ALB	ENSG00000163631	3667287	149531.800666019	3349145.88662317	24525131	1.09499171554381
GSE135251	GSM3998170	3	ALB	ENSG00000163631	4749437	169340.453416282	3866227.17238511	28046677	1.22844230000847
GSE135251	GSM3998171	0	ALB	ENSG00000163631	4177039	146922.246848948	3403543.97907835	28430269	1.22726165011422
GSE135251	GSM3998172	1	ALB	ENSG00000163631	5195662	208387.174868187	5414291.00784174	24932734	0.959620011646014
GSE135251	GSM3998173	3	ALB	ENSG00000163631	3478443	140526.010180819	3023314.07036984	24753019	1.15053974513951
GSE135251	GSM3998174	2	ALB	ENSG00000163631	3861182	157154.121446285	4070874.49417737	24569397	0.948489570366934
GSE135251	GSM3998175	0	ALB	ENSG00000163631	3467423	184961.622078235	4718614.72176457	18746716	0.734839185748
GSE135251	GSM3998176	2	ALB	ENSG00000163631	3845354	159853.781135465	4029347.87906143	24055446	0.954336561502283
GSE135251	GSM3998177	1	ALB	ENSG00000163631	4009172	150324.308250073	3710972.39931371	26670151	1.08035618932155
GSE135251	GSM3998178	2	ALB	ENSG00000163631	4812407	193036.620386321	4895534.299866	24930021	0.983019769697401
GSE135251	GSM3998179	3	ALB	ENSG00000163631	3784701	172112.764458967	4177748.26131142	21989659	0.905918873822226
GSE135251	GSM3998180	2	ALB	ENSG00000163631	4097156	175408.584332804	4158988.02552128	23357785	0.985132915713666
GSE135251	GSM3998181	1	ALB	ENSG00000163631	4076404	177994.901885887	4736001.66677317	22901802	0.860726893024389
GSE135251	GSM3998182	2	ALB	ENSG00000163631	4524908	174822.045890696	4928028.10130842	25882937	0.91819849785325
GSE135251	GSM3998183	1	ALB	ENSG00000163631	3151492	143846.245204086	3545901.01199583	21908754	0.888770439258868
GSE135251	GSM3998184	2	ALB	ENSG00000163631	4255987	160738.600658192	3890896.75277426	26477691	1.09383190313786
GSE135251	GSM3998185	3	ALB	ENSG00000163631	4475158	160765.857914224	4057944.88932226	27836495	1.10281389276024
GSE135251	GSM3998186	2	ALB	ENSG00000163631	2354942	91800.0392313524	2177480.43266647	25652952	1.08149858187989
GSE135251	GSM3998187	2	ALB	ENSG00000163631	2720931	119513.967720132	2525253.23248131	22766636	1.07748837423581
GSE135251	GSM3998188	3	ALB	ENSG00000163631	4402630	161257.907127199	3614617.87571595	27301793	1.21800703459642
GSE135251	GSM3998189	0	ALB	ENSG00000163631	4437477	174494.487341583	4307005.79452509	25430471	1.03029278614874
GSE135251	GSM3998190	3	ALB	ENSG00000163631	3703754	171562.140446557	4105487.92966426	21588411	0.902147092733722
GSE135251	GSM3998191	4	ALB	ENSG00000163631	3272864	131872.024748004	2834041.11431701	24818486	1.15483998572432
GSE135251	GSM3998192	1	ALB	ENSG00000163631	2741413	128237.005411151	2968291.79505673	21377706	0.923565871982476
GSE135251	GSM3998193	3	ALB	ENSG00000163631	3332225	167312.296889582	3924811.07644936	19916199	0.849015388280688
GSE135251	GSM3998194	1	ALB	ENSG00000163631	2580877	128713.288532391	2769805.94192554	20051364	0.931789827198437
GSE135251	GSM3998195	3	ALB	ENSG00000163631	3595024	150729.879938477	3282749.66070274	23850772	1.09512584618786
GSE135251	GSM3998196	1	ALB	ENSG00000163631	2866519	149819.627040714	3347896.26521763	19133134	0.856214999783949
GSE135251	GSM3998197	1	ALB	ENSG00000163631	4486311	151415.472839328	3519546.41722947	29629145	1.27468442468548
GSE135251	GSM3998198	1	ALB	ENSG00000163631	5290967	164030.500376752	3840322.08143316	32255995	1.37774043109048
GSE135251	GSM3998199	2	ALB	ENSG00000163631	3225722	132902.838251629	2707644.39793862	24271280	1.191338863573
GSE135251	GSM3998200	3	ALB	ENSG00000163631	4408227	159480.472082749	3986431.78391709	27641171	1.10580770948712
GSE135251	GSM3998201	4	ALB	ENSG00000163631	2319849	101500.782372577	2260737.1013974	22855479	1.02614717941598
GSE135251	GSM3998202	0	ALB	ENSG00000163631	2828287	119212.897054472	2793160.50144476	23724673	1.01257589692288
GSE135251	GSM3998203	3	ALB	ENSG00000163631	3550828	151870.936555292	3744939.43664921	23380563	0.948167002448805
GSE135251	GSM3998204	1	ALB	ENSG00000163631	3052202	149481.533714205	3780646.97379311	20418589	0.807322667563889
GSE135251	GSM3998205	1	ALB	ENSG00000163631	2893191	135160.263655833	3362271.97679738	21405633	0.860486902893506
GSE135251	GSM3998206	0	ALB	ENSG00000163631	2208008	104836.068414783	2139219.25884104	21061530	1.03215600311874
GSE135251	GSM3998207	3	ALB	ENSG00000163631	2557355	122270.388888737	2604917.64365013	20915571	0.981741210219806
GSE135251	GSM3998208	4	ALB	ENSG00000163631	3487714	146233.444192796	3931303.58934702	23850317	0.887164758644169
GSE135251	GSM3998209	3	ALB	ENSG00000163631	2880016	132954.525834629	2866591.22978535	21661662	1.00468318261605
GSE135251	GSM3998210	3	ALB	ENSG00000163631	2482373	130452.565598532	2867884.5857291	19028932	0.865576324916473
GSE135251	GSM3998211	2	ALB	ENSG00000163631	2581329	128976.276236469	2838290.00763263	20013983	0.909466260691608
GSE135251	GSM3998212	1	ALB	ENSG00000163631	3410737	158670.981770876	3613177.33735906	21495657	0.943971657503246
GSE135251	GSM3998213	0	ALB	ENSG00000163631	4935956	161696.120945584	3858182.68767507	30526125	1.27934740253951
GSE135251	GSM3998214	4	ALB	ENSG00000163631	2416743	118772.50381174	2576420.18886943	20347664	0.938023623025755
GSE135251	GSM3998215	2	ALB	ENSG00000163631	3448377	149057.745089326	3383480.94487451	23134504	1.01918026322087
GSE135251	GSM3998216	control	ALB	ENSG00000163631	3710759	148562.515271085	3945035.43528311	24977761	0.940614871747964
GSE135251	GSM3998217	control	ALB	ENSG00000163631	2433974	123639.801611368	3180076.39808668	19686007	0.765382240962644
GSE135251	GSM3998218	control	ALB	ENSG00000163631	2208600	96343.2363239912	2224458.9172603	22924287	0.992870663001574
GSE135251	GSM3998219	0	ALB	ENSG00000163631	5536766	184936.828227075	4954463.21436937	29938688	1.11753095349296
GSE135251	GSM3998220	control	ALB	ENSG00000163631	3677274	159654.491223348	4183037.11148967	23032700	0.87909188993316
GSE135251	GSM3998221	control	ALB	ENSG00000163631	2354918	110931.259604956	2874181.01656545	21228624	0.819335312016655
GSE135251	GSM3998222	control	ALB	ENSG00000163631	3116520	142315.550708785	3522694.10917755	21898661	0.884697877082385
GSE135251	GSM3998223	control	ALB	ENSG00000163631	2578013	122880.647220259	2943333.90269787	20979813	0.875881937022837
GSE135251	GSM3998225	3	ALB	ENSG00000163631	3490973	116062.082490358	2223630.58519968	30078497	1.56994287775841
GSE135251	GSM3998226	4	ALB	ENSG00000163631	4025209	131182.925008979	2933016.06023516	30683940	1.37237877915925
GSE135251	GSM3998227	4	ALB	ENSG00000163631	2714948	124130.628888901	2583823.81969365	21871701	1.05074811189019
GSE135251	GSM3998228	1	ALB	ENSG00000163631	3857796	131594.237286644	3148003.45403317	29315843	1.22547387775495
GSE135251	GSM3998229	3	ALB	ENSG00000163631	3367759	140291.983172422	3672197.06596033	24005356	0.917096479167106
GSE135251	GSM3998230	4	ALB	ENSG00000163631	1608840	83151.2120016343	2193928.44925774	19348365	0.733314707936036
GSE135251	GSM3998231	1	ALB	ENSG00000163631	4582863	188916.490932253	5137955.98558002	24258671	0.891962292565775
GSE135251	GSM3998232	1	ALB	ENSG00000163631	1872328	85182.8040769756	1857307.09114228	21980117	1.0080874664881
GSE135251	GSM3998233	3	ALB	ENSG00000163631	2682607	115881.719743129	2377167.41714148	23149527	1.12848888162274
GSE135251	GSM3998234	1	ALB	ENSG00000163631	2947590	134293.60236612	3144987.65960788	21948849	0.937234202174106
GSE135251	GSM3998235	2	ALB	ENSG00000163631	6387008	193225.148159515	5376122.86352444	33054745	1.18803237242477
GSE135251	GSM3998236	1	ALB	ENSG00000163631	2862816	118251.487140037	2768457.88308643	24209556	1.03408327700777
GSE135251	GSM3998237	2	ALB	ENSG00000163631	3735269	138657.80300636	4104675.89724485	26938758	0.910003394545034
GSE135251	GSM3998238	2	ALB	ENSG00000163631	2664143	108225.75590861	2727806.27721706	24616534	0.976661364207282
GSE135251	GSM3998239	3	ALB	ENSG00000163631	2944398	108421.55140873	3054056.74599353	27156944	0.96409407057109
GSE135251	GSM3998240	2	ALB	ENSG00000163631	3261510	140526.207960485	3389405.57817913	23209265	0.96226607432214
GSE135251	GSM3998241	3	ALB	ENSG00000163631	4074467	160977.116292359	3931606.84622197	25310846	1.0363363274523
GSE135251	GSM3998242	4	ALB	ENSG00000163631	1587936	89702.5815895656	2082613.83529295	17702233	0.762472606822299
GSE135251	GSM3998243	2	ALB	ENSG00000163631	2933838	130699.292745918	3162322.77930233	22447237	0.927747799561203
GSE135251	GSM3998244	0	ALB	ENSG00000163631	3337736	140389.638559781	3460706.78736727	23774803	0.964466568558724
GSE135251	GSM3998245	2	ALB	ENSG00000163631	3840127	152775.995229091	3338122.53971517	25135670	1.15038527025664
GSE135251	GSM3998246	2	ALB	ENSG00000163631	2756348	116154.709327091	2501718.22261447	23729972	1.10178195732988
GSE135251	GSM3998247	0	ALB	ENSG00000163631	4294351	131275.059328023	3223421.9581622	32712619	1.33223358770205
GSE135251	GSM3998248	2	ALB	ENSG00000163631	3701146	135783.857062549	2921906.41654525	27257629	1.26668875465768
GSE135251	GSM3998249	0	ALB	ENSG00000163631	4568115	145560.444906663	3514754.18481141	31382942	1.29969686635286
GSE135251	GSM3998250	4	ALB	ENSG00000163631	4764990	156731.35787597	3760663.94699657	30402276	1.26706083477773
GSE135251	GSM3998251	3	ALB	ENSG00000163631	4079770	146993.635933669	3812044.49889493	27754739	1.07023147321147
GSE135251	GSM3998252	2	ALB	ENSG00000163631	3699467	148666.978376487	3905140.61515841	24884255	0.947332596844257
GSE135251	GSM3998253	3	ALB	ENSG00000163631	2932411	127388.946482942	3302069.4739271	23019352	0.888052484405342
GSE135251	GSM3998254	0	ALB	ENSG00000163631	5014725	171001.65132205	4133440.13240524	29325594	1.21320857188318
GSE135251	GSM3998255	1	ALB	ENSG00000163631	5559886	192954.416534311	5291065.31655733	28814505	1.05080653277922
GSE135251	GSM3998256	2	ALB	ENSG00000163631	2488360	115371.324850286	2770452.41133126	21568271	0.898178214439817
GSE135251	GSM3998257	2	ALB	ENSG00000163631	4337873	161613.013648615	3568252.53384697	26841112	1.21568553762738
GSE135251	GSM3998258	4	ALB	ENSG00000163631	2994535	109496.130621269	2315958.1348689	27348318	1.29300048861614
GSE135251	GSM3998259	2	ALB	ENSG00000163631	964963	44809.3338495814	1866067.85729351	21534866	0.517110348494805
GSE135251	GSM3998260	2	ALB	ENSG00000163631	1675372	61095.756891858	1835986.90559022	27422068	0.912518490681398
GSE135251	GSM3998261	3	ALB	ENSG00000163631	6334694	220866.686482288	6071856.51103401	28681075	1.04328782942883
GSE135251	GSM3998262	3	ALB	ENSG00000163631	4927286	178738.246520329	4617503.57572168	27567049	1.06708872428537
GSE135251	GSM3998263	2	ALB	ENSG00000163631	5212275	174642.309571606	4496516.24698903	29845431	1.15918073319323
GSE135251	GSM3998264	2	ALB	ENSG00000163631	4558708	146237.933354666	3785024.98840758	31173225	1.20440631540399
GSE135251	GSM3998265	3	ALB	ENSG00000163631	5817696	202601.810640222	6017711.93431617	28714926	0.966762128779284
GSE135251	GSM3998266	0	ALB	ENSG00000163631	5157340	196914.025719163	5932728.69818793	26190821	0.8693031929094
GSE135251	GSM3998267	0	ALB	ENSG00000163631	6108708	202379.230823436	5501899.09887923	30184461	1.11029080872173
GSE135251	GSM3998268	3	ALB	ENSG00000163631	1617601	100338.362633511	2374299.60161449	16121461	0.681296075229955
GSE135251	GSM3998269	2	ALB	ENSG00000163631	4074467	159031.610837968	3748675.48983308	25620485	1.08690843233844
GSE135251	GSM3998270	0	ALB	ENSG00000163631	5225338	168833.857745302	4561337.96662323	30949586	1.14557132977987
GSE135251	GSM3998271	1	ALB	ENSG00000163631	4671981	148305.745982206	3563767.25981232	31502360	1.31096692331307
GSE135251	GSM3998272	0	ALB	ENSG00000163631	2753023	116005.122048968	2883461.03488594	23731909	0.954763378693933
GSE135251	GSM3998273	1	ALB	ENSG00000163631	3185249	158837.828832183	4955125.05428406	20053466	0.642819094393213
GSE135251	GSM3998274	3	ALB	ENSG00000163631	5341661	190413.284005249	5476019.96605616	28052985	0.975464120494629
GSE135251	GSM3998275	4	ALB	ENSG00000163631	4861867	192981.964504557	5684759.55915522	25193375	0.855245846268033
GSE135251	GSM3998276	0	ALB	ENSG00000163631	2281494	94825.4983879623	2344622.49599971	24059921	0.973075198200384
GSE135251	GSM3998277	2	ALB	ENSG00000163631	2017906	116811.767765073	2915523.8044546	17274852	0.692124686794482
GSE135251	GSM3998278	2	ALB	ENSG00000163631	1977963	106601.292659167	2729821.29761516	18554775	0.724576001267188
GSE135251	GSM3998279	1	ALB	ENSG00000163631	4460275	181785.721025112	4853620.55905454	24535893	0.918958321057722
GSE135251	GSM3998280	3	ALB	ENSG00000163631	710186	47446.1705502321	1409074.05124066	14968247	0.50400899752195
GSE135251	GSM3998281	0	ALB	ENSG00000163631	4319795	180671.770356621	3981098.99288208	23909629	1.08507600733453
GSE135251	GSM3998282	3	ALB	ENSG00000163631	4747906	175834.33618539	4394723.94188832	27002155	1.08036501559184
GSE135251	GSM3998283	1	ALB	ENSG00000163631	2051403	114780.987632051	2763532.28744418	17872324	0.742311935098547
GSE135251	GSM3998284	2	ALB	ENSG00000163631	2998364	141323.291893746	3681699.23788499	21216347	0.814396778842386
GSE135251	GSM3998285	4	ALB	ENSG00000163631	1738318	67059.7702639311	1734530.09168493	25921920	1.00218382392628
GSE135251	GSM3998286	0	ALB	ENSG00000163631	6305392	205194.832665963	5261882.68419914	30728805	1.19831481970026
GSE135251	GSM3998287	2	ALB	ENSG00000163631	5324674	189226.96390256	4704322.62754949	28139087	1.13186837331641
GSE135251	GSM3998288	0	ALB	ENSG00000163631	4579776	187991.71679477	5171825.74031389	24361584	0.885524035409988
GSE135251	GSM3998289	0	ALB	ENSG00000163631	4367273	174530.819388758	4499846.47984264	25022933	0.970538221595667
GSE135251	GSM3998290	0	ALB	ENSG00000163631	5918238	156503.216675517	3657926.68115323	37815440	1.61792143907438
GSE135251	GSM3998291	1	ALB	ENSG00000163631	4363351	163116.522819411	3775978.76889196	26749902	1.15555496125854
GSE135251	GSM3998292	1	ALB	ENSG00000163631	3266358	153269.361415434	3821503.91804166	21311226	0.854731035229149
GSE135251	GSM3998293	0	ALB	ENSG00000163631	2976022	146226.720101918	3703946.66735624	20352108	0.803473232006385
GSE135251	GSM3998294	1	ALB	ENSG00000163631	6041192	211742.937032505	6453979.76692633	28530784	0.93604136024075
GSE135251	GSM3998295	1	ALB	ENSG00000163631	5370206	201777.399070364	5793715.13255941	26614507	0.926901975180074
GSE135251	GSM3998296	1	ALB	ENSG00000163631	4769205	176714.230356829	4657662.24244675	26988234	1.02394822804812
GSE135251	GSM3998297	2	ALB	ENSG00000163631	3645075	141020.072952883	3752523.29656646	25847916	0.97136638787432
GSE135251	GSM3998298	3	ALB	ENSG00000163631	4821260	171746.046571838	4300914.97695165	28072029	1.12098472670044
GSE135251	GSM3998299	2	ALB	ENSG00000163631	5194117	186509.370825493	5168761.24841929	27849094	1.0049055760872
GSE135251	GSM3998300	1	ALB	ENSG00000163631	5361732	181482.664272952	4787823.13324267	29544045	1.11986843515012
GSE135251	GSM3998301	3	ALB	ENSG00000163631	4095141	140684.255727069	3501611.94479461	29108737	1.16950166510818
GSE135251	GSM3998302	1	ALB	ENSG00000163631	3494962	129421.327807643	3372052.57047156	27004529	1.03644944049946
GSE135251	GSM3998303	0	ALB	ENSG00000163631	3282452	136148.715643619	3277890.31032531	24109313	1.00139165415643
GSE135251	GSM3998304	0	ALB	ENSG00000163631	4724861	158918.492360319	4806230.89394743	29731348	0.983069915752508
GSE135251	GSM3998305	0	ALB	ENSG00000163631	4655229	159136.159122041	3719797.46879752	29253119	1.25147378023914
GSE135251	GSM3998306	1	ALB	ENSG00000163631	3979552	150598.273578634	4240334.86335015	26424951	0.938499464840823
GSE135251	GSM3998307	0	ALB	ENSG00000163631	4248122	153048.86157146	3452647.12642765	27756639	1.2303956484529
GSE135251	GSM3998308	3	ALB	ENSG00000163631	4765807	161255.697469624	3821626.30595648	29554348	1.24706253789699
GSE135251	GSM3998309	3	ALB	ENSG00000163631	4370346	154895.922079839	4096754.16461173	28214726	1.06678258552871
GSE135251	GSM3998310	1	ALB	ENSG00000163631	4309427	192363.793570222	5205073.03034285	22402485	0.827928249013663
GSE135251	GSM3998311	1	ALB	ENSG00000163631	5841293	162285.799601843	4459297.09127303	35993864	1.30991339676192
GSE135251	GSM3998312	2	ALB	ENSG00000163631	5294157	188545.163276195	4806565.88484073	28078986	1.1014427195718
GSE135251	GSM3998313	2	ALB	ENSG00000163631	3530541	150430.1557979	3082289.58145781	23469636	1.14542806790081
GSE135251	GSM3998314	3	ALB	ENSG00000163631	5874068	203439.599450976	4749340.97691122	28873769	1.23681749290198
GSE135251	GSM3998315	1	ALB	ENSG00000163631	6973101	236499.284712796	6356018.08459549	29484660	1.0970864001945
GSE135251	GSM3998316	1	ALB	ENSG00000163631	4864210	167625.474691473	4151890.44580855	29018322	1.17156511316684
GSE135251	GSM3998317	1	ALB	ENSG00000163631	5225306	175545.831576578	4374853.94353799	29766050	1.19439553124241
GSE135251	GSM3998318	2	ALB	ENSG00000163631	5793373	185645.51097808	4450345.21870507	31206642	1.30178058449266
GSE135251	GSM3998319	3	ALB	ENSG00000163631	4083632	173825.164396428	4766944.51063598	23492755	0.856656080407192
GSE135251	GSM3998320	1	ALB	ENSG00000163631	4169184	151869.690555393	3421733.42161307	27452377	1.2184420836719
GSE135251	GSM3998321	0	ALB	ENSG00000163631	4391744	153993.548093688	3906171.71816224	28519013	1.12430899532144
GSE135251	GSM3998322	3	ALB	ENSG00000163631	5949904	206081.176096193	5383257.15857435	28871652	1.10526096464166
GSE135251	GSM3998323	0	ALB	ENSG00000163631	5669986	209854.604080738	5609312.13540849	27018640	1.01081663190189
GSE135251	GSM3998324	3	ALB	ENSG00000163631	4124120	161773.684651305	3414771.15349777	25493145	1.20772954163433
GSE135251	GSM3998325	0	ALB	ENSG00000163631	4974463	172441.713088827	4240771.30350721	28847214	1.17300902217623
GSE135251	GSM3998326	0	ALB	ENSG00000163631	4231680	167392.835464173	4157678.2404269	25279935	1.01779881830526
GSE135251	GSM3998327	3	ALB	ENSG00000163631	4218673	163992.884357357	3196730.03317241	25724732	1.31968385075465
GSE135251	GSM3998328	3	ALB	ENSG00000163631	5446221	185638.825585869	4298809.63636446	29337726	1.26691374140631
GSE135251	GSM3998329	3	ALB	ENSG00000163631	4134084	165861.235622643	3543998.29449814	24924956	1.16650281869998
GSE135251	GSM3998330	3	ALB	ENSG00000163631	4547441	201152.531597724	5787089.57158533	22606929	0.785790671415902
GSE135251	GSM3998331	1	ALB	ENSG00000163631	3470400	126006.025806836	3194359.85024044	27541540	1.08641485702958
GSE135251	GSM3998332	4	ALB	ENSG00000163631	2658963	103632.766821744	2014460.00507897	25657551	1.31993834243225
GSE135251	GSM3998333	3	ALB	ENSG00000163631	3162370	129862.327543953	3418739.61738182	24351712	0.925010487467848
GSE135251	GSM3998334	3	ALB	ENSG00000163631	4170052	146724.519740043	3154874.81640685	28420962	1.32178049611153
GSE135251	GSM3998335	2	ALB	ENSG00000163631	3112048	148604.871519174	3442451.14957514	20941763	0.904020962035753
GSE135251	GSM3998336	0	ALB	ENSG00000163631	3401781	155736.448946493	4014934.41630003	21843191	0.847281835087836
GSE135251	GSM3998337	2	ALB	ENSG00000163631	4634282	157579.768288189	3834073.96402454	29409118	1.20870959806302
GSE135251	GSM3998338	3	ALB	ENSG00000163631	3130192	142186.72587086	3641170.13091073	22014657	0.859666504848835
GSE135251	GSM3998339	0	ALB	ENSG00000163631	3165921	104336.633311616	2471353.88794994	30343331	1.28104720875334
GSE135251	GSM3998340	3	ALB	ENSG00000163631	1839281	70566.7288536074	1500191.79833793	26064422	1.2260305662501
GSE135251	GSM3998342	control	ALB	ENSG00000163631	2445271	99006.7785201856	2461392.05029444	24698016	0.993450433752514
GSE135251	GSM3998343	2	ALB	ENSG00000163631	2518218	144401.37308198	3466549.89862268	17439017	0.726433506986451
GSE135251	GSM3998344	1	ALB	ENSG00000163631	2487408	118089.855960179	2757601.67744243	21063689	0.902018598388355
GSE135251	GSM3998345	0	ALB	ENSG00000163631	2319615	123105.401233126	3069253.98314809	18842512	0.755758569585956
GSE135251	GSM3998346	0	ALB	ENSG00000163631	3138676	125674.87648436	2927115.50694396	24974570	1.07227609998791
GSE135251	GSM3998347	2	ALB	ENSG00000163631	2916888	125335.463559431	3039836.25197664	23272647	0.959554317474604
GSE135251	GSM3998348	2	ALB	ENSG00000163631	2677096	115061.282656494	2550178.39680724	23266697	1.04976812734029
GSE135251	GSM3998349	0	ALB	ENSG00000163631	2372697	98361.3591221415	2262615.01959772	24122247	1.04865254559384
GSE135251	GSM3998350	2	ALB	ENSG00000163631	2564831	113595.445040696	2533098.91421994	22578643	1.01252698250429
GSE135251	GSM3998351	1	ALB	ENSG00000163631	2252681	109184.58151616	2366625.29278024	20631860	0.951853682487108
GSE135251	GSM3998352	1	ALB	ENSG00000163631	3038753	119987.053454135	2799852.3168015	25325674	1.08532617301452
GSE135251	GSM3998353	0	ALB	ENSG00000163631	2686723	130911.313667488	3107453.79583728	20523230	0.86460593673158
GSE135251	GSM3998354	3	ALB	ENSG00000163631	2267728	100281.219081224	2197121.94841559	22613686	1.03213569990293
GSE135251	GSM3998355	2	ALB	ENSG00000163631	1696612	84784.8416209772	1632822.67824054	20010794	1.03906690090084
GSE135251	GSM3998356	2	ALB	ENSG00000163631	2503622	120565.456460679	2719487.93274837	20765666	0.920622581130479
GSE135251	GSM3998357	1	ALB	ENSG00000163631	3187775	137585.553567589	3487678.26582535	23169402	0.914010627423979
GSE135251	GSM3998358	1	ALB	ENSG00000163631	3251282	138528.681173067	3079542.09385442	23470100	1.05576800086231
GSE135251	GSM3998359	4	ALB	ENSG00000163631	2444163	106846.306286686	2007391.03909905	22875503	1.21758190227699
GSE135251	GSM3998360	2	ALB	ENSG00000163631	2157860	116878.882223074	2576123.27793572	18462360	0.83763848511517
GSE135251	GSM3998361	0	ALB	ENSG00000163631	1636266	85315.7015071989	2053202.29075193	19178955	0.796933652066385
GSE135251	GSM3998362	2	ALB	ENSG00000163631	1518273	103338.379759066	2031653.66456851	14692247	0.747308966325446
GSE135251	GSM3998363	1	ALB	ENSG00000163631	2747084	128918.344341115	2972528.71176687	21308713	0.924157263519631
GSE135251	GSM3998364	3	ALB	ENSG00000163631	3038204	132333.312600474	3038010.91205895	22958724	1.00006355735599
GSE135251	GSM3998365	3	ALB	ENSG00000163631	2814539	125380.55779654	2788603.45502701	22447970	1.00930054968061
GSE135251	GSM3998366	0	ALB	ENSG00000163631	2376505	100868.151872271	2563215.6770917	23560509	0.92715764078677
GSE135251	GSM3998367	1	ALB	ENSG00000163631	2068441	95018.9232470966	1919915.66382315	21768727	1.07736034398568
GSE135251	GSM3998368	2	ALB	ENSG00000163631	2861131	108439.093561939	2623358.87062908	26384682	1.09063652405052
GSE135251	GSM3998369	3	ALB	ENSG00000163631	1847174	98325.7087074783	2706454.41364777	18786277	0.682506969518976
GSE135251	GSM3998370	2	ALB	ENSG00000163631	2326194	102302.574696201	1826195.57759523	22738372	1.27379237390509
GSE135251	GSM3998371	2	ALB	ENSG00000163631	3411189	150202.114346396	3234434.94483974	22710659	1.05464758394422
GSE135251	GSM3998372	3	ALB	ENSG00000163631	3213239	135666.920725915	2880538.22456613	23684764	1.11549951762365
GSE135251	GSM3998373	3	ALB	ENSG00000163631	2817134	131741.049353359	2708577.5638525	21383874	1.04007876222422
GSE135251	GSM3998374	3	ALB	ENSG00000163631	1044250	63185.8738108667	1125282.5080044	16526637	0.927989187223657
GSE135251	GSM3998375	1	ALB	ENSG00000163631	2585355	123780.225996924	2476274.79476058	20886656	1.04405012136384
GSE135251	GSM3998376	2	ALB	ENSG00000163631	2188885	118623.965576107	2149346.90931907	18452300	1.01839539746213
GSE135251	GSM3998377	1	ALB	ENSG00000163631	3543593	146015.719425107	2923116.85764449	24268572	1.21226525403281
GSE135251	GSM3998378	3	ALB	ENSG00000163631	2227487	108299.431321351	2062544.66496613	20567855	1.07997030941223
GSE135251	GSM3998379	3	ALB	ENSG00000163631	3897741	150667.443530454	3127020.90051226	25869829	1.24647104193051
GSE135251	GSM3998380	1	ALB	ENSG00000163631	3415521	161752.002814198	3234750.84745284	21115788	1.05588379478732
GSE135251	GSM3998381	2	ALB	ENSG00000163631	2745419	129090.388790063	2719267.66834872	21267416	1.00961704945625
GSE135251	GSM3998382	3	ALB	ENSG00000163631	1857594	88904.1466050194	1514813.08141601	20894346	1.22628595091321
GSE162694	GSM4957321	0	LOX	ENSG00000113083	52	1.61772066145362	53.9418841446642	32143992	0.964000439075202
GSE162694	GSM4957322	1	LOX	ENSG00000113083	88	2.97717169027739	88.227401742282	29558255	0.997422549709146
GSE162694	GSM4957323	control	LOX	ENSG00000113083	64	2.91447765866166	79.8367404294087	21959338	0.801635934229911
GSE162694	GSM4957324	3	LOX	ENSG00000113083	164	5.65082770671115	136.833787444564	29022297	1.19853439024658
GSE162694	GSM4957325	1	LOX	ENSG00000113083	17	0.408373795969918	12.682383780603	41628528	1.34044200949041
GSE162694	GSM4957326	control	LOX	ENSG00000113083	133	5.4788446360731	172.20421068013	24275191	0.772338838142859
GSE162694	GSM4957327	0	LOX	ENSG00000113083	124	4.95627050556997	149.562332694288	25018812	0.829085758199972
GSE162694	GSM4957328	2	LOX	ENSG00000113083	45	2.0263576900477	49.5746751100353	22207333	0.90772153120759
GSE162694	GSM4957329	1	LOX	ENSG00000113083	35	1.38838223956052	41.6185406347769	25209196	0.840971342727805
GSE162694	GSM4957330	control	LOX	ENSG00000113083	73	2.42842952464656	112.071546476601	30060580	0.651369614277979
GSE162694	GSM4957331	control	LOX	ENSG00000113083	52	2.30826773561954	61.8950650157392	22527716	0.840131599938977
GSE162694	GSM4957332	1	LOX	ENSG00000113083	74	2.3868797991202	71.7829509302625	31002818	1.03088545456833
GSE162694	GSM4957333	2	LOX	ENSG00000113083	41	1.65563188018523	44.8809230480923	24763959	0.913528448514001
GSE162694	GSM4957334	2	LOX	ENSG00000113083	112	4.40453221645932	124.571401753613	25428353	0.899082762362444
GSE162694	GSM4957335	4	LOX	ENSG00000113083	370	5.87962111403724	323.112037331785	62929225	1.14511363629597
GSE162694	GSM4957336	control	LOX	ENSG00000113083	69	1.91250749411904	60.5145830019682	36078290	1.14022102734734
GSE162694	GSM4957337	4	LOX	ENSG00000113083	396	6.08709835353674	304.555727018681	65055627	1.30025464921141
GSE162694	GSM4957338	4	LOX	ENSG00000113083	478	7.8573817487882	316.452053837872	60834514	1.51049738563206
GSE162694	GSM4957339	4	LOX	ENSG00000113083	105	1.70080027026202	96.2664160052444	61735644	1.09072306165714
GSE162694	GSM4957340	4	LOX	ENSG00000113083	320	6.10344379759172	242.454559333204	52429417	1.31983494507202
GSE162694	GSM4957341	4	LOX	ENSG00000113083	63	1.09843281359851	66.1432352698029	57354441	0.952478356146605
GSE162694	GSM4957342	4	LOX	ENSG00000113083	73	1.35960259374925	85.356699292214	53692160	0.855234569814942
GSE162694	GSM4957343	2	LOX	ENSG00000113083	83	1.63842321150611	72.5216635124357	50658462	1.14448560581856
GSE162694	GSM4957344	2	LOX	ENSG00000113083	76	1.7457382337645	52.9499032665614	43534591	1.43531895832556
GSE162694	GSM4957345	3	LOX	ENSG00000113083	44	1.19124876171045	59.9212115919668	36936030	0.734297568941326
GSE162694	GSM4957346	2	LOX	ENSG00000113083	134	2.85005430416903	114.976686480823	47016648	1.16545365935859
GSE162694	GSM4957347	1	LOX	ENSG00000113083	82	3.87559161851323	110.66245341585	21158060	0.740992066133386
GSE162694	GSM4957348	2	LOX	ENSG00000113083	47	1.17258901042095	42.5647267379959	40082245	1.10420067511076
GSE162694	GSM4957349	4	LOX	ENSG00000113083	140	3.50116755184935	110.957598087835	39986661	1.26174324618288
GSE162694	GSM4957350	2	LOX	ENSG00000113083	113	2.75748033648093	117.408483058813	40979440	0.962451750129463
GSE162694	GSM4957351	2	LOX	ENSG00000113083	47	0.837309588896135	47.3197446653964	56132165	0.993242891151308
GSE162694	GSM4957352	2	LOX	ENSG00000113083	78	2.18582787670361	89.1428799702579	35684420	0.874999775933022
GSE162694	GSM4957353	2	LOX	ENSG00000113083	64	1.52008231815784	73.7004694084755	42102983	0.868379815131001
GSE162694	GSM4957354	2	LOX	ENSG00000113083	70	1.47497660054979	59.8749546720483	47458380	1.16910318151236
GSE162694	GSM4957355	3	LOX	ENSG00000113083	115	2.62416193680493	131.770876202363	43823515	0.872726988802841
GSE162694	GSM4957356	3	LOX	ENSG00000113083	75	1.65594446306707	80.2599542297856	45291374	0.934463528165911
GSE162694	GSM4957357	2	LOX	ENSG00000113083	74	1.55004576195914	61.7058675906257	47740526	1.19923765582452
GSE162694	GSM4957358	control	LOX	ENSG00000113083	59	2.24862857477157	57.0965773303512	26238215	1.03333689616167
GSE162694	GSM4957359	1	LOX	ENSG00000113083	78	2.54503795418364	62.2853206508463	30647873	1.25230149230901
GSE162694	GSM4957360	4	LOX	ENSG00000113083	27	0.634546308555052	26.3280488989389	42550086	1.02552225209093
GSE162694	GSM4957361	1	LOX	ENSG00000113083	130	4.70825667778383	116.125240285138	27611069	1.11948099896968
GSE162694	GSM4957362	2	LOX	ENSG00000113083	144	4.74394397665716	129.633748118753	30354490	1.11082185071195
GSE162694	GSM4957363	0	LOX	ENSG00000113083	52	2.16483350369602	53.314461685212	24020323	0.975345119435454
GSE162694	GSM4957364	0	LOX	ENSG00000113083	52	1.60550421183961	46.5990370992685	32388579	1.11590288634561
GSE162694	GSM4957365	1	LOX	ENSG00000113083	100	1.96507488133994	90.1279239601808	50888646	1.10953404456737
GSE162694	GSM4957366	4	LOX	ENSG00000113083	98	2.25540080463035	167.202369809246	43451257	0.586116094597249
GSE162694	GSM4957367	1	LOX	ENSG00000113083	55	1.44206481027304	65.9544110203223	38139756	0.833909349642332
GSE162694	GSM4957368	0	LOX	ENSG00000113083	21	0.514177892231056	21.8845382289132	40841896	0.959581590451627
GSE162694	GSM4957369	0	LOX	ENSG00000113083	110	2.56563734151737	112.795903471461	42874337	0.975212721513702
GSE162694	GSM4957370	1	LOX	ENSG00000113083	78	1.85815506499362	67.6805251325425	41977121	1.15247332740472
GSE162694	GSM4957371	0	LOX	ENSG00000113083	42	1.32490190994074	40.7082257452582	31700460	1.03173251182268
GSE162694	GSM4957372	0	LOX	ENSG00000113083	83	1.94591108049128	89.1966691820616	42653542	0.930528020397114
GSE162694	GSM4957373	0	LOX	ENSG00000113083	54	1.42792500918632	62.3809714205712	37817112	0.86564859075267
GSE162694	GSM4957374	3	LOX	ENSG00000113083	79	1.74686443914032	82.2895150482926	45223887	0.960025101054951
GSE162694	GSM4957375	0	LOX	ENSG00000113083	74	1.83331023114697	73.5160978469837	40364145	1.00658226112631
GSE162694	GSM4957376	1	LOX	ENSG00000113083	110	2.26384621338689	94.7827109790964	48589873	1.16054920632371
GSE162694	GSM4957377	1	LOX	ENSG00000113083	30	0.670515290330103	31.3843703204726	44741709	0.955889816926818
GSE162694	GSM4957378	0	LOX	ENSG00000113083	45	1.25263864851758	55.1383270550762	35924167	0.816129222692062
GSE162694	GSM4957379	0	LOX	ENSG00000113083	61	1.56814471847188	61.0812854461725	38899471	0.998669225024019
GSE162694	GSM4957380	0	LOX	ENSG00000113083	76	2.02142546082715	91.5985887040629	37597231	0.829707106574984
GSE162694	GSM4957381	1	LOX	ENSG00000113083	125	4.68255288287924	125.854245943297	26694840	0.993212418564874
GSE162694	GSM4957382	0	LOX	ENSG00000113083	66	1.71538685898267	79.1096164795935	38475286	0.83428542492081
GSE162694	GSM4957383	1	LOX	ENSG00000113083	23	0.753567527923363	21.8724490959671	30521485	1.05155119571136
GSE162694	GSM4957384	2	LOX	ENSG00000113083	60	1.661506258991	55.2406833265766	36111811	1.08615600653031
GSE162694	GSM4957385	2	LOX	ENSG00000113083	113	4.17147924936409	108.515561187632	27088712	1.04132530637347
GSE162694	GSM4957386	0	LOX	ENSG00000113083	64	1.9461910410927	54.3551162793802	32884747	1.1774420584632
GSE162694	GSM4957387	1	LOX	ENSG00000113083	68	2.004714971689	71.1475059702561	33920034	0.955760839015608
GSE162694	GSM4957388	0	LOX	ENSG00000113083	118	3.01789887690939	107.198602397936	39100051	1.10076061963913
GSE162694	GSM4957389	0	LOX	ENSG00000113083	68	2.33258073302036	64.8701356996602	29152260	1.04824815404781
GSE162694	GSM4957390	2	LOX	ENSG00000113083	86	3.5708342232738	90.7417997764653	24084008	0.947744040914481
GSE162694	GSM4957391	control	LOX	ENSG00000113083	94	3.5335893606782	111.310430916934	26601846	0.844485096550814
GSE162694	GSM4957392	1	LOX	ENSG00000113083	173	5.43546084601911	163.348377960408	31828028	1.05908612108736
GSE162694	GSM4957393	1	LOX	ENSG00000113083	210	6.97557896308882	197.483896193857	30105028	1.06337784521862
GSE162694	GSM4957394	0	LOX	ENSG00000113083	23	0.542609367872354	25.0409262044677	42387768	0.918496377178589
GSE162694	GSM4957395	4	LOX	ENSG00000113083	292	8.03586019122375	235.115045683737	36337118	1.24194518964465
GSE162694	GSM4957396	2	LOX	ENSG00000113083	42	1.76262376451615	40.3748145221803	23828114	1.04025245681133
GSE162694	GSM4957397	0	LOX	ENSG00000113083	114	3.54493517852807	124.407704173967	32158557	0.916341964164751
GSE162694	GSM4957398	control	LOX	ENSG00000113083	103	3.25122660414968	103.066047492638	31680351	0.999359173129805
GSE162694	GSM4957399	0	LOX	ENSG00000113083	107	4.57976170772209	118.36712814688	23363661	0.903967188147247
GSE162694	GSM4957400	2	LOX	ENSG00000113083	93	3.71963949254038	95.6303434943136	25002423	0.972494676917373
GSE162694	GSM4957401	0	LOX	ENSG00000113083	219	9.28217034944192	230.541658450727	23593620	0.949936777030718
GSE162694	GSM4957402	control	LOX	ENSG00000113083	79	2.51980840525154	66.2769611093831	31351590	1.19196774682561
GSE162694	GSM4957403	3	LOX	ENSG00000113083	268	8.32766373763882	248.78158700574	32181895	1.07725014228572
GSE162694	GSM4957404	control	LOX	ENSG00000113083	61	2.46673396941371	71.7878905781064	24729055	0.849725483069195
GSE162694	GSM4957405	0	LOX	ENSG00000113083	47	1.32488119268849	43.1436777701239	35474879	1.08938325217482
GSE162694	GSM4957406	control	LOX	ENSG00000113083	89	3.47934080799989	88.009311168397	25579558	1.01125663658141
GSE162694	GSM4957407	3	LOX	ENSG00000113083	103	4.27264042084596	117.702052006744	24106873	0.875090945688001
GSE162694	GSM4957408	0	LOX	ENSG00000113083	19	0.910980299667449	23.5884501637711	20856653	0.80547894703068
GSE162694	GSM4957409	control	LOX	ENSG00000113083	28	0.940962026133204	30.8182249124093	29756780	0.908553301806993
GSE162694	GSM4957410	0	LOX	ENSG00000113083	51	1.7196747413938	46.1428901615341	29656771	1.10526236699657
GSE162694	GSM4957411	1	LOX	ENSG00000113083	32	0.8886363680543	29.4039067625672	36010230	1.08829075872114
GSE162694	GSM4957412	1	LOX	ENSG00000113083	80	2.77394799582604	72.1802625267666	28839762	1.10833622931662
GSE162694	GSM4957413	control	LOX	ENSG00000113083	64	1.87084744946198	63.6218151771536	34209096	1.00594426332844
GSE162694	GSM4957414	0	LOX	ENSG00000113083	47	1.4687052503869	47.6013619823633	32000975	0.987366706385709
GSE162694	GSM4957415	2	LOX	ENSG00000113083	83	3.62448960199436	89.1350211150134	22899776	0.931171597445439
GSE162694	GSM4957416	0	LOX	ENSG00000113083	115	3.68134177545032	102.897693499407	31238610	1.11761494440751
GSE162694	GSM4957417	1	LOX	ENSG00000113083	73	2.61548410299805	72.2668691277566	27910703	1.01014477147124
GSE162694	GSM4957418	control	LOX	ENSG00000113083	26	1.08506858405519	29.489117214454	23961619	0.881681191434791
GSE162694	GSM4957419	1	LOX	ENSG00000113083	59	2.19821064163459	63.385877291593	26840012	0.930806711542119
GSE162694	GSM4957420	1	LOX	ENSG00000113083	90	2.72264373789218	72.5888227511689	33056106	1.2398603061592
GSE162694	GSM4957421	control	LOX	ENSG00000113083	63	2.08252036531374	55.7812537845035	30251805	1.12941168808045
GSE162694	GSM4957422	0	LOX	ENSG00000113083	22	0.729887558499244	19.6352622657351	30141629	1.12043321358593
GSE162694	GSM4957423	control	LOX	ENSG00000113083	50	1.69147719782174	48.7904982660355	29559961	1.02478969834187
GSE162694	GSM4957424	1	LOX	ENSG00000113083	65	2.03623827471348	55.8006591010569	31921608	1.16486079281399
GSE162694	GSM4957425	control	LOX	ENSG00000113083	75	2.67151081630613	77.932698015027	28074002	0.962368837603165
GSE162694	GSM4957426	1	LOX	ENSG00000113083	125	4.21059623828027	119.958920582406	29687007	1.04202338094674
GSE162694	GSM4957427	control	LOX	ENSG00000113083	80	2.62373948995554	71.4795510809767	30490832	1.1192012091594
GSE162694	GSM4957428	0	LOX	ENSG00000113083	282	11.0744754547211	288.449171391078	25463960	0.977641913963642
GSE162694	GSM4957429	control	LOX	ENSG00000113083	25	0.870335259756606	24.6252521784699	28724563	1.01521802980185
GSE162694	GSM4957430	control	LOX	ENSG00000113083	58	2.01937970852761	54.6065712371865	28721691	1.06214323085905
GSE162694	GSM4957431	1	LOX	ENSG00000113083	49	1.85022419997344	53.0284148120682	26483277	0.924032901486027
GSE162694	GSM4957432	2	LOX	ENSG00000113083	41	1.30081791940773	38.4237728746257	31518631	1.06704773978808
GSE162694	GSM4957433	2	LOX	ENSG00000113083	91	3.07641431133063	79.8132100833255	29579891	1.14016213487711
GSE162694	GSM4957434	control	LOX	ENSG00000113083	75	2.14677807967838	68.7834461374978	34936075	1.09037863340077
GSE162694	GSM4957435	control	LOX	ENSG00000113083	61	2.31385922397031	61.5709431703249	26362883	0.990727067981637
GSE162694	GSM4957436	0	LOX	ENSG00000113083	75	2.45759300392084	67.2869489752293	30517665	1.11462922813769
GSE162694	GSM4957437	control	LOX	ENSG00000113083	43	1.32498481967973	38.0570359987399	32453202	1.12988305241175
GSE162694	GSM4957438	control	LOX	ENSG00000113083	59	1.75488921057231	50.3560442498438	33620356	1.17165676690704
GSE162694	GSM4957439	control	LOX	ENSG00000113083	121	3.46798109073279	108.84395492139	34890617	1.11168323576068
GSE162694	GSM4957440	control	LOX	ENSG00000113083	229	7.08593757010514	177.806072631542	32317530	1.28792001651454
GSE162694	GSM4957441	control	LOX	ENSG00000113083	46	1.91396231766024	59.1245530926295	24033911	0.778018565788269
GSE162694	GSM4957442	0	LOX	ENSG00000113083	160	4.57577739026027	132.021513524193	34966736	1.21192369129051
GSE162694	GSM4957443	1	LOX	ENSG00000113083	31	1.00808588943808	26.7358000292358	30751348	1.15949401050656
GSE162694	GSM4957444	control	LOX	ENSG00000113083	155	5.12109337391971	147.474488617944	30266974	1.05102924209184
GSE162694	GSM4957445	2	LOX	ENSG00000113083	140	4.42783038145696	101.436137035703	31618194	1.38017874192827
GSE162694	GSM4957446	2	LOX	ENSG00000113083	176	5.3111485050837	142.644575902585	33137842	1.23383590919149
GSE162694	GSM4957447	1	LOX	ENSG00000113083	66	2.16019884041181	60.2040114774463	30552743	1.09627246391588
GSE162694	GSM4957448	2	LOX	ENSG00000113083	79	2.24011815120384	56.3036311827675	35265997	1.40310666186978
GSE162694	GSM4957449	0	LOX	ENSG00000113083	54	1.92124284772877	51.8441364538708	28106806	1.04158355589638
GSE162694	GSM4957450	0	LOX	ENSG00000113083	157	4.14399074491137	120.4624929516	37886185	1.30331023502128
GSE162694	GSM4957451	4	LOX	ENSG00000113083	62	1.77893317893724	50.9962583559003	34852349	1.2157754705709
GSE162694	GSM4957452	0	LOX	ENSG00000113083	82	2.14744796759763	74.6586775864607	38184860	1.09833180349381
GSE162694	GSM4957453	control	LOX	ENSG00000113083	79	2.48377325778554	79.82497179894	31806446	0.98966524158608
GSE162694	GSM4957454	1	LOX	ENSG00000113083	64	2.96182553968279	90.8569827958753	21608295	0.704403756657716
GSE162694	GSM4957455	1	LOX	ENSG00000113083	68	2.32818826552028	60.3766981105129	29207260	1.12626231854437
GSE162694	GSM4957456	control	LOX	ENSG00000113083	82	3.48613191217056	89.3029212955937	23521772	0.918223041423013
GSE162694	GSM4957457	2	LOX	ENSG00000113083	81	3.53340844225501	101.691419533568	22924041	0.796527380299396
GSE162694	GSM4957458	3	LOX	ENSG00000113083	51	1.68381388996567	53.6784171169231	30288383	0.950102531691853
GSE162694	GSM4957459	0	LOX	ENSG00000113083	42	1.07372502822363	36.3223581396749	39116160	1.15631258957616
GSE162694	GSM4957460	2	LOX	ENSG00000113083	62	2.41380628675069	71.1699112072603	25685574	0.871154662810302
GSE162694	GSM4957461	0	LOX	ENSG00000113083	89	3.01703004985659	84.4524563186483	29499209	1.05384738206066
GSE162694	GSM4957462	1	LOX	ENSG00000113083	80	2.85279672322063	86.0193353321397	28042657	0.930023461482262
GSE162694	GSM4957463	control	LOX	ENSG00000113083	44	1.04840152958924	76.2283672480523	41968653	0.577212940385054
GSE162694	GSM4957321	0	LOXL1	ENSG00000129038	20	0.62220025440524	20.7468785171786	32143992	0.964000439075202
GSE162694	GSM4957322	1	LOXL1	ENSG00000129038	18	0.608966936647647	18.0465139927395	29558255	0.997422549709146
GSE162694	GSM4957323	control	LOXL1	ENSG00000129038	12	0.546464560999061	14.9693888305141	21959338	0.801635934229911
GSE162694	GSM4957324	3	LOXL1	ENSG00000129038	42	1.44716319318212	35.0427992236078	29022297	1.19853439024658
GSE162694	GSM4957325	1	LOXL1	ENSG00000129038	4	0.0960879519929218	2.98409030131835	41628528	1.34044200949041
GSE162694	GSM4957326	control	LOXL1	ENSG00000129038	1	0.0411943205719782	1.29476850135436	24275191	0.772338838142859
GSE162694	GSM4957327	0	LOXL1	ENSG00000129038	0	0	0	25018812	0.829085758199972
GSE162694	GSM4957328	2	LOXL1	ENSG00000129038	10	0.450301708899488	11.0165944688967	22207333	0.90772153120759
GSE162694	GSM4957329	1	LOXL1	ENSG00000129038	1	0.0396680639874433	1.18910116099362	25209196	0.840971342727805
GSE162694	GSM4957330	control	LOXL1	ENSG00000129038	1	0.0332661578718707	1.53522666406302	30060580	0.651369614277979
GSE162694	GSM4957331	control	LOXL1	ENSG00000129038	3	0.133169292439589	3.57086913552342	22527716	0.840131599938977
GSE162694	GSM4957332	1	LOXL1	ENSG00000129038	13	0.419316721467061	12.6105184066677	31002818	1.03088545456833
GSE162694	GSM4957333	2	LOXL1	ENSG00000129038	8	0.323050122962972	8.75725327767654	24763959	0.913528448514001
GSE162694	GSM4957334	2	LOXL1	ENSG00000129038	5	0.196630902520505	5.561223292572	25428353	0.899082762362444
GSE162694	GSM4957335	4	LOXL1	ENSG00000129038	72	1.14414248705589	62.8758559132122	62929225	1.14511363629597
GSE162694	GSM4957336	control	LOXL1	ENSG00000129038	12	0.332609998977224	10.5242753046901	36078290	1.14022102734734
GSE162694	GSM4957337	4	LOXL1	ENSG00000129038	128	1.96754694255733	98.4422551979576	65055627	1.30025464921141
GSE162694	GSM4957338	4	LOXL1	ENSG00000129038	145	2.38351538404663	95.9948698880574	60834514	1.51049738563206
GSE162694	GSM4957339	4	LOXL1	ENSG00000129038	20	0.323961956240385	18.3364601914751	61735644	1.09072306165714
GSE162694	GSM4957340	4	LOXL1	ENSG00000129038	140	2.67025666144638	106.073869708277	52429417	1.31983494507202
GSE162694	GSM4957341	4	LOXL1	ENSG00000129038	10	0.174354414856907	10.498926233302	57354441	0.952478356146605
GSE162694	GSM4957342	4	LOXL1	ENSG00000129038	9	0.167622237585525	10.523428679862	53692160	0.855234569814942
GSE162694	GSM4957343	2	LOXL1	ENSG00000129038	17	0.335580657778359	14.8538346953181	50658462	1.14448560581856
GSE162694	GSM4957344	2	LOXL1	ENSG00000129038	24	0.551285758030895	16.7210220841773	43534591	1.43531895832556
GSE162694	GSM4957345	3	LOXL1	ENSG00000129038	31	0.839288900295998	42.2172172579766	36936030	0.734297568941326
GSE162694	GSM4957346	2	LOXL1	ENSG00000129038	27	0.574264673228087	23.166944290912	47016648	1.16545365935859
GSE162694	GSM4957347	1	LOXL1	ENSG00000129038	1	0.047263312420893	1.34954211482743	21158060	0.740992066133386
GSE162694	GSM4957348	2	LOXL1	ENSG00000129038	29	0.723512368132074	26.2633420298273	40082245	1.10420067511076
GSE162694	GSM4957349	4	LOXL1	ENSG00000129038	70	1.75058377592468	55.4787990439176	39986661	1.26174324618288
GSE162694	GSM4957350	2	LOXL1	ENSG00000129038	8	0.195219846830508	8.3121049953142	40979440	0.962451750129463
GSE162694	GSM4957351	2	LOXL1	ENSG00000129038	7	0.124705683452616	7.0476215459101	56132165	0.993242891151308
GSE162694	GSM4957352	2	LOXL1	ENSG00000129038	13	0.364304646117269	14.8571466617097	35684420	0.874999775933022
GSE162694	GSM4957353	2	LOXL1	ENSG00000129038	10	0.237512862212162	11.5156983450743	42102983	0.868379815131001
GSE162694	GSM4957354	2	LOXL1	ENSG00000129038	24	0.505706263045641	20.5285558875594	47458380	1.16910318151236
GSE162694	GSM4957355	3	LOXL1	ENSG00000129038	30	0.68456398351433	34.375011183225	43823515	0.872726988802841
GSE162694	GSM4957356	3	LOXL1	ENSG00000129038	25	0.551981487689024	26.7533180765952	45291374	0.934463528165911
GSE162694	GSM4957357	2	LOXL1	ENSG00000129038	11	0.230412207858791	9.17249383103896	47740526	1.19923765582452
GSE162694	GSM4957358	control	LOXL1	ENSG00000129038	7	0.266786441074593	6.77417019173658	26238215	1.03333689616167
GSE162694	GSM4957359	1	LOXL1	ENSG00000129038	9	0.293658225482728	7.18676776740535	30647873	1.25230149230901
GSE162694	GSM4957360	4	LOXL1	ENSG00000129038	12	0.282020581580023	11.7013550661951	42550086	1.02552225209093
GSE162694	GSM4957361	1	LOXL1	ENSG00000129038	10	0.362173590598756	8.93271079116445	27611069	1.11948099896968
GSE162694	GSM4957362	2	LOXL1	ENSG00000129038	17	0.560048941688693	15.3039841529084	30354490	1.11082185071195
GSE162694	GSM4957363	0	LOXL1	ENSG00000129038	9	0.374682721793541	9.227502983979	24020323	0.975345119435454
GSE162694	GSM4957364	0	LOXL1	ENSG00000129038	13	0.401376052959903	11.6497592748171	32388579	1.11590288634561
GSE162694	GSM4957365	1	LOXL1	ENSG00000129038	105	2.06332862540693	94.6343201581898	50888646	1.10953404456737
GSE162694	GSM4957366	4	LOXL1	ENSG00000129038	76	1.74908633828476	129.667143933701	43451257	0.586116094597249
GSE162694	GSM4957367	1	LOXL1	ENSG00000129038	8	0.20975488149426	9.59336887568324	38139756	0.833909349642332
GSE162694	GSM4957368	0	LOXL1	ENSG00000129038	21	0.514177892231056	21.8845382289132	40841896	0.959581590451627
GSE162694	GSM4957369	0	LOXL1	ENSG00000129038	17	0.396507589143594	17.4320941728621	42874337	0.975212721513702
GSE162694	GSM4957370	1	LOXL1	ENSG00000129038	137	3.26368261415546	118.87476850203	41977121	1.15247332740472
GSE162694	GSM4957371	0	LOXL1	ENSG00000129038	4	0.12618113428007	3.87697388050079	31700460	1.03173251182268
GSE162694	GSM4957372	0	LOXL1	ENSG00000129038	20	0.468894236262958	21.4931732968823	42653542	0.930528020397114
GSE162694	GSM4957373	0	LOXL1	ENSG00000129038	19	0.502418058787778	21.9488603146454	37817112	0.86564859075267
GSE162694	GSM4957374	3	LOXL1	ENSG00000129038	24	0.53069299416921	24.9993463437851	45223887	0.960025101054951
GSE162694	GSM4957375	0	LOXL1	ENSG00000129038	61	1.5112422175671	60.6011076846758	40364145	1.00658226112631
GSE162694	GSM4957376	1	LOXL1	ENSG00000129038	62	1.27598604754534	53.4229825518543	48589873	1.16054920632371
GSE162694	GSM4957377	1	LOXL1	ENSG00000129038	35	0.782267838718454	36.615098707218	44741709	0.955889816926818
GSE162694	GSM4957378	0	LOXL1	ENSG00000129038	40	1.11345657646007	49.0118462711788	35924167	0.816129222692062
GSE162694	GSM4957379	0	LOXL1	ENSG00000129038	67	1.72238846127239	67.08928073596	38899471	0.998669225024019
GSE162694	GSM4957380	0	LOXL1	ENSG00000129038	23	0.611747178934534	27.7206255288611	37597231	0.829707106574984
GSE162694	GSM4957381	1	LOXL1	ENSG00000129038	5	0.18730211531517	5.03416983773186	26694840	0.993212418564874
GSE162694	GSM4957382	0	LOXL1	ENSG00000129038	16	0.415851359753375	19.1780888435378	38475286	0.83428542492081
GSE162694	GSM4957383	1	LOXL1	ENSG00000129038	2	0.0655276111237707	1.90195209530148	30521485	1.05155119571136
GSE162694	GSM4957384	2	LOXL1	ENSG00000129038	2	0.0553835419663666	1.84135611088589	36111811	1.08615600653031
GSE162694	GSM4957385	2	LOXL1	ENSG00000129038	28	1.03364087594862	26.888811621714	27088712	1.04132530637347
GSE162694	GSM4957386	0	LOXL1	ENSG00000129038	0	0	0	32884747	1.1774420584632
GSE162694	GSM4957387	1	LOXL1	ENSG00000129038	8	0.235848820198706	8.37029482003013	33920034	0.955760839015608
GSE162694	GSM4957388	0	LOXL1	ENSG00000129038	59	1.5089494384547	53.5993011989679	39100051	1.10076061963913
GSE162694	GSM4957389	0	LOXL1	ENSG00000129038	16	0.548842525416554	15.2635613410965	29152260	1.04824815404781
GSE162694	GSM4957390	2	LOXL1	ENSG00000129038	28	1.16259718897287	29.5438417876864	24084008	0.947744040914481
GSE162694	GSM4957391	control	LOXL1	ENSG00000129038	14	0.526279266483988	16.5781492855009	26601846	0.844485096550814
GSE162694	GSM4957392	1	LOXL1	ENSG00000129038	9	0.282769639388278	8.49789249505013	31828028	1.05908612108736
GSE162694	GSM4957393	1	LOXL1	ENSG00000129038	39	1.29546466457364	36.6755807217162	30105028	1.06337784521862
GSE162694	GSM4957394	0	LOXL1	ENSG00000129038	13	0.306692251406113	14.1535669851339	42387768	0.918496377178589
GSE162694	GSM4957395	4	LOXL1	ENSG00000129038	86	2.36672594673028	69.2462120849362	36337118	1.24194518964465
GSE162694	GSM4957396	2	LOXL1	ENSG00000129038	14	0.587541254838717	13.4582715073934	23828114	1.04025245681133
GSE162694	GSM4957397	0	LOXL1	ENSG00000129038	3	0.0932877678560017	3.27388695194649	32158557	0.916341964164751
GSE162694	GSM4957398	control	LOXL1	ENSG00000129038	9	0.284087761527642	9.00577114013342	31680351	0.999359173129805
GSE162694	GSM4957399	0	LOXL1	ENSG00000129038	25	1.07003778217806	27.6558710623551	23363661	0.903967188147247
GSE162694	GSM4957400	2	LOXL1	ENSG00000129038	21	0.839918595089764	21.593948530974	25002423	0.972494676917373
GSE162694	GSM4957401	0	LOXL1	ENSG00000129038	28	1.18676150586472	29.4756458293167	23593620	0.949936777030718
GSE162694	GSM4957402	control	LOXL1	ENSG00000129038	5	0.159481544636173	4.19474437401159	31351590	1.19196774682561
GSE162694	GSM4957403	3	LOXL1	ENSG00000129038	30	0.932201164661062	27.8486851125829	32181895	1.07725014228572
GSE162694	GSM4957404	control	LOXL1	ENSG00000129038	2	0.0808765235873348	2.35370133042972	24729055	0.849725483069195
GSE162694	GSM4957405	0	LOXL1	ENSG00000129038	3	0.0845668846396911	2.7538517725611	35474879	1.08938325217482
GSE162694	GSM4957406	control	LOXL1	ENSG00000129038	8	0.312749735550552	7.9109493185076	25579558	1.01125663658141
GSE162694	GSM4957407	3	LOXL1	ENSG00000129038	47	1.94965145417243	53.7087033428833	24106873	0.875090945688001
GSE162694	GSM4957408	0	LOXL1	ENSG00000129038	5	0.239731657807223	6.20748688520292	20856653	0.80547894703068
GSE162694	GSM4957409	control	LOXL1	ENSG00000129038	3	0.100817359942843	3.30195266918671	29756780	0.908553301806993
GSE162694	GSM4957410	0	LOXL1	ENSG00000129038	8	0.269752900610791	7.23810041749555	29656771	1.10526236699657
GSE162694	GSM4957411	1	LOXL1	ENSG00000129038	6	0.166619319010181	5.51323251798134	36010230	1.08829075872114
GSE162694	GSM4957412	1	LOXL1	ENSG00000129038	3	0.104023049843477	2.70675984475375	28839762	1.10833622931662
GSE162694	GSM4957413	control	LOXL1	ENSG00000129038	3	0.0876959741935303	2.98227258642907	34209096	1.00594426332844
GSE162694	GSM4957414	0	LOXL1	ENSG00000129038	20	0.624980957611448	20.2558987158993	32000975	0.987366706385709
GSE162694	GSM4957415	2	LOXL1	ENSG00000129038	29	1.26638793322695	31.1435615944023	22899776	0.931171597445439
GSE162694	GSM4957416	0	LOXL1	ENSG00000129038	17	0.544198349414394	15.2109633868688	31238610	1.11761494440751
GSE162694	GSM4957417	1	LOXL1	ENSG00000129038	14	0.501599690985927	13.8593995587478	27910703	1.01014477147124
GSE162694	GSM4957418	control	LOXL1	ENSG00000129038	8	0.333867256632367	9.07357452752431	23961619	0.881681191434791
GSE162694	GSM4957419	1	LOXL1	ENSG00000129038	7	0.260804652397324	7.52035832273138	26840012	0.930806711542119
GSE162694	GSM4957420	1	LOXL1	ENSG00000129038	16	0.484025553403054	12.9046796002078	33056106	1.2398603061592
GSE162694	GSM4957421	control	LOXL1	ENSG00000129038	9	0.297502909330534	7.96875054064335	30251805	1.12941168808045
GSE162694	GSM4957422	0	LOXL1	ENSG00000129038	6	0.199060243227066	5.35507152701865	30141629	1.12043321358593
GSE162694	GSM4957423	control	LOXL1	ENSG00000129038	2	0.0676590879128697	1.95161993064142	29559961	1.02478969834187
GSE162694	GSM4957424	1	LOXL1	ENSG00000129038	6	0.187960456127398	5.15083007086679	31921608	1.16486079281399
GSE162694	GSM4957425	control	LOXL1	ENSG00000129038	14	0.498682019043811	14.547436962805	28074002	0.962368837603165
GSE162694	GSM4957426	1	LOXL1	ENSG00000129038	25	0.842119247656054	23.9917841164813	29687007	1.04202338094674
GSE162694	GSM4957427	control	LOXL1	ENSG00000129038	6	0.196780461746665	5.36096633107326	30490832	1.1192012091594
GSE162694	GSM4957428	0	LOXL1	ENSG00000129038	19	0.746152601559223	19.4345186398244	25463960	0.977641913963642
GSE162694	GSM4957429	control	LOXL1	ENSG00000129038	6	0.208880462341585	5.91006052283278	28724563	1.01521802980185
GSE162694	GSM4957430	control	LOXL1	ENSG00000129038	12	0.417802698316057	11.2979112904524	28721691	1.06214323085905
GSE162694	GSM4957431	1	LOXL1	ENSG00000129038	17	0.641914518358132	18.3976133021461	26483277	0.924032901486027
GSE162694	GSM4957432	2	LOXL1	ENSG00000129038	9	0.28554539694316	8.43448672857637	31518631	1.06704773978808
GSE162694	GSM4957433	2	LOXL1	ENSG00000129038	29	0.980395769544925	25.4349790375433	29579891	1.14016213487711
GSE162694	GSM4957434	control	LOXL1	ENSG00000129038	10	0.286237077290451	9.17112615166638	34936075	1.09037863340077
GSE162694	GSM4957435	control	LOXL1	ENSG00000129038	1	0.0379321184257427	1.00935972410369	26362883	0.990727067981637
GSE162694	GSM4957436	0	LOXL1	ENSG00000129038	10	0.327679067189446	8.97159319669724	30517665	1.11462922813769
GSE162694	GSM4957437	control	LOXL1	ENSG00000129038	20	0.616272009153365	17.7009469761581	32453202	1.12988305241175
GSE162694	GSM4957438	control	LOXL1	ENSG00000129038	5	0.148719424624772	4.26746137710541	33620356	1.17165676690704
GSE162694	GSM4957439	control	LOXL1	ENSG00000129038	5	0.143305003749289	4.49768408766074	34890617	1.11168323576068
GSE162694	GSM4957440	control	LOXL1	ENSG00000129038	71	2.19695007632081	55.1276469730981	32317530	1.28792001651454
GSE162694	GSM4957441	control	LOXL1	ENSG00000129038	0	0	0	24033911	0.778018565788269
GSE162694	GSM4957442	0	LOXL1	ENSG00000129038	5	0.142993043445634	4.12567229763104	34966736	1.21192369129051
GSE162694	GSM4957443	1	LOXL1	ENSG00000129038	16	0.520302394548688	13.7991225957346	30751348	1.15949401050656
GSE162694	GSM4957444	control	LOXL1	ENSG00000129038	1	0.0330393120898046	0.951448313664157	30266974	1.05102924209184
GSE162694	GSM4957445	2	LOXL1	ENSG00000129038	49	1.54974063350993	35.502647962496	31618194	1.38017874192827
GSE162694	GSM4957446	2	LOXL1	ENSG00000129038	32	0.965663364560674	25.9353774368336	33137842	1.23383590919149
GSE162694	GSM4957447	1	LOXL1	ENSG00000129038	9	0.294572569147065	8.20963792874268	30552743	1.09627246391588
GSE162694	GSM4957448	2	LOXL1	ENSG00000129038	32	0.907389630867376	22.8065341499818	35265997	1.40310666186978
GSE162694	GSM4957449	0	LOXL1	ENSG00000129038	12	0.426942855050837	11.5209192119713	28106806	1.04158355589638
GSE162694	GSM4957450	0	LOXL1	ENSG00000129038	33	0.871029901796658	25.3201418305912	37886185	1.30331023502128
GSE162694	GSM4957451	4	LOXL1	ENSG00000129038	24	0.688619295072478	19.7404871055098	34852349	1.2157754705709
GSE162694	GSM4957452	0	LOXL1	ENSG00000129038	8	0.209507118790013	7.28377342306934	38184860	1.09833180349381
GSE162694	GSM4957453	control	LOXL1	ENSG00000129038	2	0.0628803356401404	2.02088536199848	31806446	0.98966524158608
GSE162694	GSM4957454	1	LOXL1	ENSG00000129038	21	0.971849005208416	29.8124474798966	21608295	0.704403756657716
GSE162694	GSM4957455	1	LOXL1	ENSG00000129038	24	0.821713505477748	21.3094228625339	29207260	1.12626231854437
GSE162694	GSM4957456	control	LOXL1	ENSG00000129038	19	0.807762272332204	20.6921403001985	23521772	0.918223041423013
GSE162694	GSM4957457	2	LOXL1	ENSG00000129038	4	0.174489305790371	5.02179849548486	22924041	0.796527380299396
GSE162694	GSM4957458	3	LOXL1	ENSG00000129038	7	0.231111710387445	7.36762587879337	30288383	0.950102531691853
GSE162694	GSM4957459	0	LOXL1	ENSG00000129038	5	0.127824408121861	4.3240902547232	39116160	1.15631258957616
GSE162694	GSM4957460	2	LOXL1	ENSG00000129038	16	0.622917751419532	18.3664286986478	25685574	0.871154662810302
GSE162694	GSM4957461	0	LOXL1	ENSG00000129038	15	0.508488210649987	14.2335600537048	29499209	1.05384738206066
GSE162694	GSM4957462	1	LOXL1	ENSG00000129038	5	0.178299795201289	5.37620845825873	28042657	0.930023461482262
GSE162694	GSM4957463	control	LOXL1	ENSG00000129038	4	0.0953092299626581	6.92985156800476	41968653	0.577212940385054
GSE162694	GSM4957321	0	LOXL2	ENSG00000134013	72	2.23992091585886	74.6887626618428	32143992	0.964000439075202
GSE162694	GSM4957322	1	LOXL2	ENSG00000134013	84	2.84184570435569	84.217065299451	29558255	0.997422549709146
GSE162694	GSM4957323	control	LOXL2	ENSG00000134013	44	2.00370339032989	54.8877590452185	21959338	0.801635934229911
GSE162694	GSM4957324	3	LOXL2	ENSG00000134013	109	3.75573304897266	90.9444075088868	29022297	1.19853439024658
GSE162694	GSM4957325	1	LOXL2	ENSG00000134013	115	2.7625286197965	85.7925961629024	41628528	1.34044200949041
GSE162694	GSM4957326	control	LOXL2	ENSG00000134013	73	3.00718540175441	94.5181005988686	24275191	0.772338838142859
GSE162694	GSM4957327	0	LOXL2	ENSG00000134013	54	2.15837586532886	65.1319835926737	25018812	0.829085758199972
GSE162694	GSM4957328	2	LOXL2	ENSG00000134013	91	4.09774555098534	100.25100966696	22207333	0.90772153120759
GSE162694	GSM4957329	1	LOXL2	ENSG00000134013	60	2.3800838392466	71.3460696596175	25209196	0.840971342727805
GSE162694	GSM4957330	control	LOXL2	ENSG00000134013	34	1.1310493676436	52.1977065781428	30060580	0.651369614277979
GSE162694	GSM4957331	control	LOXL2	ENSG00000134013	30	1.33169292439589	35.7086913552342	22527716	0.840131599938977
GSE162694	GSM4957332	1	LOXL2	ENSG00000134013	73	2.35462466669965	70.8129110528265	31002818	1.03088545456833
GSE162694	GSM4957333	2	LOXL2	ENSG00000134013	68	2.74592604518526	74.4366528602506	24763959	0.913528448514001
GSE162694	GSM4957334	2	LOXL2	ENSG00000134013	45	1.76967812268455	50.051009633148	25428353	0.899082762362444
GSE162694	GSM4957335	4	LOXL2	ENSG00000134013	118	1.87512240934161	103.046541635542	62929225	1.14511363629597
GSE162694	GSM4957336	control	LOXL2	ENSG00000134013	63	1.74620249463043	55.2524453496232	36078290	1.14022102734734
GSE162694	GSM4957337	4	LOXL2	ENSG00000134013	174	2.67463412503887	133.819940659724	65055627	1.30025464921141
GSE162694	GSM4957338	4	LOXL2	ENSG00000134013	108	1.77530801018645	71.4996272269669	60834514	1.51049738563206
GSE162694	GSM4957339	4	LOXL2	ENSG00000134013	33	0.534537227796636	30.2551593159339	61735644	1.09072306165714
GSE162694	GSM4957340	4	LOXL2	ENSG00000134013	112	2.1362053291571	84.8590957666213	52429417	1.31983494507202
GSE162694	GSM4957341	4	LOXL2	ENSG00000134013	42	0.73228854239901	44.0954901798686	57354441	0.952478356146605
GSE162694	GSM4957342	4	LOXL2	ENSG00000134013	49	0.912609960187856	57.294222812582	53692160	0.855234569814942
GSE162694	GSM4957343	2	LOXL2	ENSG00000134013	79	1.55946305673473	69.0266435841255	50658462	1.14448560581856
GSE162694	GSM4957344	2	LOXL2	ENSG00000134013	63	1.4471251148311	43.8926829709654	43534591	1.43531895832556
GSE162694	GSM4957345	3	LOXL2	ENSG00000134013	56	1.51613478763148	76.2633602079577	36936030	0.734297568941326
GSE162694	GSM4957346	2	LOXL2	ENSG00000134013	59	1.25487465631323	50.6240634505115	47016648	1.16545365935859
GSE162694	GSM4957347	1	LOXL2	ENSG00000134013	56	2.64674549557001	75.5743584303363	21158060	0.740992066133386
GSE162694	GSM4957348	2	LOXL2	ENSG00000134013	80	1.99589618795055	72.4505987029718	40082245	1.10420067511076
GSE162694	GSM4957349	4	LOXL2	ENSG00000134013	146	3.65121758978575	115.712923720171	39986661	1.26174324618288
GSE162694	GSM4957350	2	LOXL2	ENSG00000134013	63	1.53735629379025	65.4578268380993	40979440	0.962451750129463
GSE162694	GSM4957351	2	LOXL2	ENSG00000134013	51	0.908569979440487	51.346956977345	56132165	0.993242891151308
GSE162694	GSM4957352	2	LOXL2	ENSG00000134013	36	1.00884363540167	41.1428676785806	35684420	0.874999775933022
GSE162694	GSM4957353	2	LOXL2	ENSG00000134013	87	2.06636190124581	100.186575602146	42102983	0.868379815131001
GSE162694	GSM4957354	2	LOXL2	ENSG00000134013	108	2.27567818370539	92.3785014940174	47458380	1.16910318151236
GSE162694	GSM4957355	3	LOXL2	ENSG00000134013	78	1.77986635713726	89.3750290763851	43823515	0.872726988802841
GSE162694	GSM4957356	3	LOXL2	ENSG00000134013	74	1.63386520355951	79.1898215067218	45291374	0.934463528165911
GSE162694	GSM4957357	2	LOXL2	ENSG00000134013	73	1.52909919760834	60.8720045150767	47740526	1.19923765582452
GSE162694	GSM4957358	control	LOXL2	ENSG00000134013	82	3.12521259544523	79.3545651032	26238215	1.03333689616167
GSE162694	GSM4957359	1	LOXL2	ENSG00000134013	99	3.23024048031	79.0544454414588	30647873	1.25230149230901
GSE162694	GSM4957360	4	LOXL2	ENSG00000134013	48	1.12808232632009	46.8054202647802	42550086	1.02552225209093
GSE162694	GSM4957361	1	LOXL2	ENSG00000134013	62	2.24547626171229	55.3828069052196	27611069	1.11948099896968
GSE162694	GSM4957362	2	LOXL2	ENSG00000134013	126	4.15095097957501	113.429529603909	30354490	1.11082185071195
GSE162694	GSM4957363	0	LOXL2	ENSG00000134013	74	3.08072460141356	75.870580090494	24020323	0.975345119435454
GSE162694	GSM4957364	0	LOXL2	ENSG00000134013	49	1.51287896884886	43.9106311127723	32388579	1.11590288634561
GSE162694	GSM4957365	1	LOXL2	ENSG00000134013	147	2.88866007556971	132.488048221466	50888646	1.10953404456737
GSE162694	GSM4957366	4	LOXL2	ENSG00000134013	318	7.31854546808623	542.554628564695	43451257	0.586116094597249
GSE162694	GSM4957367	1	LOXL2	ENSG00000134013	57	1.4945035306466	68.3527532392431	38139756	0.833909349642332
GSE162694	GSM4957368	0	LOXL2	ENSG00000134013	72	1.76289563050648	75.0327024991311	40841896	0.959581590451627
GSE162694	GSM4957369	0	LOXL2	ENSG00000134013	74	1.72597421156623	75.8808805171644	42874337	0.975212721513702
GSE162694	GSM4957370	1	LOXL2	ENSG00000134013	94	2.23931507832564	81.5637097751154	41977121	1.15247332740472
GSE162694	GSM4957371	0	LOXL2	ENSG00000134013	50	1.57726417850088	48.4621735062598	31700460	1.03173251182268
GSE162694	GSM4957372	0	LOXL2	ENSG00000134013	57	1.33634857334943	61.2555438961146	42653542	0.930528020397114
GSE162694	GSM4957373	0	LOXL2	ENSG00000134013	100	2.64430557256725	115.520317445502	37817112	0.86564859075267
GSE162694	GSM4957374	3	LOXL2	ENSG00000134013	90	1.99009872813454	93.7475487891941	45223887	0.960025101054951
GSE162694	GSM4957375	0	LOXL2	ENSG00000134013	118	2.92338658480193	117.228372242488	40364145	1.00658226112631
GSE162694	GSM4957376	1	LOXL2	ENSG00000134013	85	1.74933571034442	73.2411857565745	48589873	1.16054920632371
GSE162694	GSM4957377	1	LOXL2	ENSG00000134013	68	1.51983465808157	71.1379060597379	44741709	0.955889816926818
GSE162694	GSM4957378	0	LOXL2	ENSG00000134013	71	1.97638542321663	86.9960271313424	35924167	0.816129222692062
GSE162694	GSM4957379	0	LOXL2	ENSG00000134013	58	1.49102284707162	58.0772878012788	38899471	0.998669225024019
GSE162694	GSM4957380	0	LOXL2	ENSG00000134013	75	1.99482775739522	90.3933441158515	37597231	0.829707106574984
GSE162694	GSM4957381	1	LOXL2	ENSG00000134013	50	1.8730211531517	50.3416983773186	26694840	0.993212418564874
GSE162694	GSM4957382	0	LOXL2	ENSG00000134013	108	2.80699667833528	129.45209969388	38475286	0.83428542492081
GSE162694	GSM4957383	1	LOXL2	ENSG00000134013	98	3.21085294506476	93.1956526697727	30521485	1.05155119571136
GSE162694	GSM4957384	2	LOXL2	ENSG00000134013	81	2.24303344963785	74.5749224908784	36111811	1.08615600653031
GSE162694	GSM4957385	2	LOXL2	ENSG00000134013	97	3.58082732025059	93.1505259752236	27088712	1.04132530637347
GSE162694	GSM4957386	0	LOXL2	ENSG00000134013	47	1.42923404580245	39.9170385176699	32884747	1.1774420584632
GSE162694	GSM4957387	1	LOXL2	ENSG00000134013	36	1.06131969089418	37.6663266901356	33920034	0.955760839015608
GSE162694	GSM4957388	0	LOXL2	ENSG00000134013	117	2.9923234626983	106.29013966575	39100051	1.10076061963913
GSE162694	GSM4957389	0	LOXL2	ENSG00000134013	57	1.95525149679647	54.3764372776563	29152260	1.04824815404781
GSE162694	GSM4957390	2	LOXL2	ENSG00000134013	78	3.23866359785298	82.3007021228406	24084008	0.947744040914481
GSE162694	GSM4957391	control	LOXL2	ENSG00000134013	71	2.66898770859737	84.0748999478972	26601846	0.844485096550814
GSE162694	GSM4957392	1	LOXL2	ENSG00000134013	50	1.57094244104599	47.2105138613896	31828028	1.05908612108736
GSE162694	GSM4957393	1	LOXL2	ENSG00000134013	54	1.79372030479427	50.7815733069917	30105028	1.06337784521862
GSE162694	GSM4957394	0	LOXL2	ENSG00000134013	55	1.29754414056433	59.8804757063359	42387768	0.918496377178589
GSE162694	GSM4957395	4	LOXL2	ENSG00000134013	230	6.32961590404611	185.193357901574	36337118	1.24194518964465
GSE162694	GSM4957396	2	LOXL2	ENSG00000134013	128	5.37180575852541	123.047053781883	23828114	1.04025245681133
GSE162694	GSM4957397	0	LOXL2	ENSG00000134013	100	3.10959226186672	109.129565064883	32158557	0.916341964164751
GSE162694	GSM4957398	control	LOXL2	ENSG00000134013	58	1.83078779651147	58.0371917919709	31680351	0.999359173129805
GSE162694	GSM4957399	0	LOXL2	ENSG00000134013	74	3.16731183524705	81.8613783445712	23363661	0.903967188147247
GSE162694	GSM4957400	2	LOXL2	ENSG00000134013	90	3.59965112181327	92.5454937041745	25002423	0.972494676917373
GSE162694	GSM4957401	0	LOXL2	ENSG00000134013	112	4.74704602345888	117.902583317267	23593620	0.949936777030718
GSE162694	GSM4957402	control	LOXL2	ENSG00000134013	140	4.46548324981285	117.452842472325	31351590	1.19196774682561
GSE162694	GSM4957403	3	LOXL2	ENSG00000134013	106	3.29377744846908	98.3986873977928	32181895	1.07725014228572
GSE162694	GSM4957404	control	LOXL2	ENSG00000134013	54	2.18366613685804	63.5499359216024	24729055	0.849725483069195
GSE162694	GSM4957405	0	LOXL2	ENSG00000134013	64	1.80409353898008	58.7488378146367	35474879	1.08938325217482
GSE162694	GSM4957406	control	LOXL2	ENSG00000134013	72	2.81474761995497	71.1985438665684	25579558	1.01125663658141
GSE162694	GSM4957407	3	LOXL2	ENSG00000134013	49	2.03261534583934	55.9941800808783	24106873	0.875090945688001
GSE162694	GSM4957408	0	LOXL2	ENSG00000134013	68	3.26035054617824	84.4218216387597	20856653	0.80547894703068
GSE162694	GSM4957409	control	LOXL2	ENSG00000134013	40	1.34423146590458	44.0260355891562	29756780	0.908553301806993
GSE162694	GSM4957410	0	LOXL2	ENSG00000134013	88	2.96728190671871	79.619104592451	29656771	1.10526236699657
GSE162694	GSM4957411	1	LOXL2	ENSG00000134013	45	1.24964489257636	41.3492438848601	36010230	1.08829075872114
GSE162694	GSM4957412	1	LOXL2	ENSG00000134013	68	2.35785579645213	61.3532231477516	28839762	1.10833622931662
GSE162694	GSM4957413	control	LOXL2	ENSG00000134013	45	1.31543961290295	44.7340887964361	34209096	1.00594426332844
GSE162694	GSM4957414	0	LOXL2	ENSG00000134013	53	1.65619953767034	53.6781315971331	32000975	0.987366706385709
GSE162694	GSM4957415	2	LOXL2	ENSG00000134013	92	4.01750654678893	98.8002643684486	22899776	0.931171597445439
GSE162694	GSM4957416	0	LOXL2	ENSG00000134013	65	2.08075839481974	58.1595658909689	31238610	1.11761494440751
GSE162694	GSM4957417	1	LOXL2	ENSG00000134013	63	2.25719860943667	62.3672980143652	27910703	1.01014477147124
GSE162694	GSM4957418	control	LOXL2	ENSG00000134013	59	2.46227101766371	66.9176121404918	23961619	0.881681191434791
GSE162694	GSM4957419	1	LOXL2	ENSG00000134013	47	1.7511169518106	50.493834452625	26840012	0.930806711542119
GSE162694	GSM4957420	1	LOXL2	ENSG00000134013	74	2.23861818448912	59.6841431509611	33056106	1.2398603061592
GSE162694	GSM4957421	control	LOXL2	ENSG00000134013	65	2.14863212294275	57.5520872379798	30251805	1.12941168808045
GSE162694	GSM4957422	0	LOXL2	ENSG00000134013	92	3.05225706281502	82.1110967476194	30141629	1.12043321358593
GSE162694	GSM4957423	control	LOXL2	ENSG00000134013	44	1.48849993408313	42.9356384741113	29559961	1.02478969834187
GSE162694	GSM4957424	1	LOXL2	ENSG00000134013	111	3.47726843835687	95.2903563110356	31921608	1.16486079281399
GSE162694	GSM4957425	control	LOXL2	ENSG00000134013	49	1.74538706665334	50.9160293698176	28074002	0.962368837603165
GSE162694	GSM4957426	1	LOXL2	ENSG00000134013	56	1.88634711474956	53.741596420918	29687007	1.04202338094674
GSE162694	GSM4957427	control	LOXL2	ENSG00000134013	52	1.7054306684711	46.4617082026349	30490832	1.1192012091594
GSE162694	GSM4957428	0	LOXL2	ENSG00000134013	37	1.4530340135627	37.8461678775528	25463960	0.977641913963642
GSE162694	GSM4957429	control	LOXL2	ENSG00000134013	30	1.04440231170793	29.5503026141639	28724563	1.01521802980185
GSE162694	GSM4957430	control	LOXL2	ENSG00000134013	81	2.82016821363338	76.2609012105535	28721691	1.06214323085905
GSE162694	GSM4957431	1	LOXL2	ENSG00000134013	33	1.24606935916579	35.7130140571072	26483277	0.924032901486027
GSE162694	GSM4957432	2	LOXL2	ENSG00000134013	56	1.776726914313	52.4812507555863	31518631	1.06704773978808
GSE162694	GSM4957433	2	LOXL2	ENSG00000134013	94	3.17783456335252	82.4444148113472	29579891	1.14016213487711
GSE162694	GSM4957434	control	LOXL2	ENSG00000134013	86	2.46163886469788	78.8716849043308	34936075	1.09037863340077
GSE162694	GSM4957435	control	LOXL2	ENSG00000134013	73	2.76904464507922	73.6832598595692	26362883	0.990727067981637
GSE162694	GSM4957436	0	LOXL2	ENSG00000134013	102	3.34232648533235	91.5102506063119	30517665	1.11462922813769
GSE162694	GSM4957437	control	LOXL2	ENSG00000134013	47	1.44823922151041	41.5972253939715	32453202	1.12988305241175
GSE162694	GSM4957438	control	LOXL2	ENSG00000134013	57	1.6954014407224	48.6490596990017	33620356	1.17165676690704
GSE162694	GSM4957439	control	LOXL2	ENSG00000134013	82	2.35020206148834	73.7620190376361	34890617	1.11168323576068
GSE162694	GSM4957440	control	LOXL2	ENSG00000134013	79	2.44449374689217	61.3392128292219	32317530	1.28792001651454
GSE162694	GSM4957441	control	LOXL2	ENSG00000134013	23	0.956981158830121	29.5622765463148	24033911	0.778018565788269
GSE162694	GSM4957442	0	LOXL2	ENSG00000134013	103	2.94565669498005	84.9888493311993	34966736	1.21192369129051
GSE162694	GSM4957443	1	LOXL2	ENSG00000134013	65	2.11372847785404	56.0589355451719	30751348	1.15949401050656
GSE162694	GSM4957444	control	LOXL2	ENSG00000134013	50	1.65196560449023	47.5724156832078	30266974	1.05102924209184
GSE162694	GSM4957445	2	LOXL2	ENSG00000134013	119	3.76365582423841	86.2207164803474	31618194	1.38017874192827
GSE162694	GSM4957446	2	LOXL2	ENSG00000134013	45	1.35796410641345	36.4716245205472	33137842	1.23383590919149
GSE162694	GSM4957447	1	LOXL2	ENSG00000134013	65	2.12746855495102	59.2918294853638	30552743	1.09627246391588
GSE162694	GSM4957448	2	LOXL2	ENSG00000134013	107	3.03408407821279	76.2593485640016	35265997	1.40310666186978
GSE162694	GSM4957449	0	LOXL2	ENSG00000134013	58	2.06355713274571	55.6844428578612	28106806	1.04158355589638
GSE162694	GSM4957450	0	LOXL2	ENSG00000134013	81	2.13798248622816	62.1494390387238	37886185	1.30331023502128
GSE162694	GSM4957451	4	LOXL2	ENSG00000134013	59	1.69285576705318	48.5286974677115	34852349	1.2157754705709
GSE162694	GSM4957452	0	LOXL2	ENSG00000134013	76	1.99031762850512	69.1958475191587	38184860	1.09833180349381
GSE162694	GSM4957453	control	LOXL2	ENSG00000134013	47	1.4776878875433	47.4908060069643	31806446	0.98966524158608
GSE162694	GSM4957454	1	LOXL2	ENSG00000134013	83	3.84111749677612	117.830149563401	21608295	0.704403756657716
GSE162694	GSM4957455	1	LOXL2	ENSG00000134013	83	2.84175920644388	73.6950873995966	29207260	1.12626231854437
GSE162694	GSM4957456	control	LOXL2	ENSG00000134013	75	3.18853528552186	81.6795011849943	23521772	0.918223041423013
GSE162694	GSM4957457	2	LOXL2	ENSG00000134013	44	1.91938236369408	55.2397834503334	22924041	0.796527380299396
GSE162694	GSM4957458	3	LOXL2	ENSG00000134013	88	2.90540435915645	92.6215824762595	30288383	0.950102531691853
GSE162694	GSM4957459	0	LOXL2	ENSG00000134013	32	0.818076211979908	27.6741776302285	39116160	1.15631258957616
GSE162694	GSM4957460	2	LOXL2	ENSG00000134013	75	2.91992695977906	86.0926345249117	25685574	0.871154662810302
GSE162694	GSM4957461	0	LOXL2	ENSG00000134013	101	3.42382061837658	95.8393043616122	29499209	1.05384738206066
GSE162694	GSM4957462	1	LOXL2	ENSG00000134013	40	1.42639836161031	43.0096676660698	28042657	0.930023461482262
GSE162694	GSM4957463	control	LOXL2	ENSG00000134013	68	1.62025690936519	117.807476656081	41968653	0.577212940385054
GSE162694	GSM4957321	0	LOXL3	ENSG00000115318	84	2.61324106850201	87.1368897721499	32143992	0.964000439075202
GSE162694	GSM4957322	1	LOXL3	ENSG00000115318	67	2.26671026418846	67.1731354174192	29558255	0.997422549709146
GSE162694	GSM4957323	control	LOXL3	ENSG00000115318	27	1.22954526224789	33.6811248686568	21959338	0.801635934229911
GSE162694	GSM4957324	3	LOXL3	ENSG00000115318	88	3.03215145238159	73.4230078970829	29022297	1.19853439024658
GSE162694	GSM4957325	1	LOXL3	ENSG00000115318	86	2.06589096784782	64.1579414783444	41628528	1.34044200949041
GSE162694	GSM4957326	control	LOXL3	ENSG00000115318	26	1.07105233487143	33.6639810352135	24275191	0.772338838142859
GSE162694	GSM4957327	0	LOXL3	ENSG00000115318	44	1.7586766310087	53.070505149586	25018812	0.829085758199972
GSE162694	GSM4957328	2	LOXL3	ENSG00000115318	39	1.756176664708	42.9647184286972	22207333	0.90772153120759
GSE162694	GSM4957329	1	LOXL3	ENSG00000115318	40	1.58672255949773	47.564046439745	25209196	0.840971342727805
GSE162694	GSM4957330	control	LOXL3	ENSG00000115318	11	0.365927736590578	16.8874933046932	30060580	0.651369614277979
GSE162694	GSM4957331	control	LOXL3	ENSG00000115318	32	1.42047245268895	38.0892707789165	22527716	0.840131599938977
GSE162694	GSM4957332	1	LOXL3	ENSG00000115318	44	1.4192258265039	42.6817546071831	31002818	1.03088545456833
GSE162694	GSM4957333	2	LOXL3	ENSG00000115318	57	2.30173212611118	62.3954296034454	24763959	0.913528448514001
GSE162694	GSM4957334	2	LOXL3	ENSG00000115318	45	1.76967812268455	50.051009633148	25428353	0.899082762362444
GSE162694	GSM4957335	4	LOXL3	ENSG00000115318	82	1.30305116581366	71.6086136789361	62929225	1.14511363629597
GSE162694	GSM4957336	control	LOXL3	ENSG00000115318	28	0.776089997613523	24.5566423776103	36078290	1.14022102734734
GSE162694	GSM4957337	4	LOXL3	ENSG00000115318	112	1.72160357473766	86.1369732982129	65055627	1.30025464921141
GSE162694	GSM4957338	4	LOXL3	ENSG00000115318	133	2.18625893847036	88.0504668628389	60834514	1.51049738563206
GSE162694	GSM4957339	4	LOXL3	ENSG00000115318	65	1.05287635778125	59.5934956222941	61735644	1.09072306165714
GSE162694	GSM4957340	4	LOXL3	ENSG00000115318	80	1.52586094939793	60.6136398333009	52429417	1.31983494507202
GSE162694	GSM4957341	4	LOXL3	ENSG00000115318	82	1.42970620182664	86.0911951130768	57354441	0.952478356146605
GSE162694	GSM4957342	4	LOXL3	ENSG00000115318	50	0.931234653252914	58.4634926659	53692160	0.855234569814942
GSE162694	GSM4957343	2	LOXL3	ENSG00000115318	68	1.34232263111344	59.4153387812726	50658462	1.14448560581856
GSE162694	GSM4957344	2	LOXL3	ENSG00000115318	94	2.15920255228767	65.4906698296944	43534591	1.43531895832556
GSE162694	GSM4957345	3	LOXL3	ENSG00000115318	33	0.893436571282837	44.9409086939751	36936030	0.734297568941326
GSE162694	GSM4957346	2	LOXL3	ENSG00000115318	57	1.21233653237041	48.9079935030365	47016648	1.16545365935859
GSE162694	GSM4957347	1	LOXL3	ENSG00000115318	26	1.22884612294322	35.0880949855133	21158060	0.740992066133386
GSE162694	GSM4957348	2	LOXL3	ENSG00000115318	62	1.54681954566168	56.1492139948031	40082245	1.10420067511076
GSE162694	GSM4957349	4	LOXL3	ENSG00000115318	105	2.62587566388701	83.2181985658764	39986661	1.26174324618288
GSE162694	GSM4957350	2	LOXL3	ENSG00000115318	42	1.02490419586017	43.6385512253995	40979440	0.962451750129463
GSE162694	GSM4957351	2	LOXL3	ENSG00000115318	43	0.766049198351783	43.2925323534478	56132165	0.993242891151308
GSE162694	GSM4957352	2	LOXL3	ENSG00000115318	32	0.896749898134816	36.5714379365161	35684420	0.874999775933022
GSE162694	GSM4957353	2	LOXL3	ENSG00000115318	38	0.902548876406216	43.7596537112823	42102983	0.868379815131001
GSE162694	GSM4957354	2	LOXL3	ENSG00000115318	80	1.68568754348547	68.4285196251981	47458380	1.16910318151236
GSE162694	GSM4957355	3	LOXL3	ENSG00000115318	45	1.0268459752715	51.5625167748376	43823515	0.872726988802841
GSE162694	GSM4957356	3	LOXL3	ENSG00000115318	42	0.927328899317561	44.9455743686799	45291374	0.934463528165911
GSE162694	GSM4957357	2	LOXL3	ENSG00000115318	70	1.46625950455594	58.3704152884298	47740526	1.19923765582452
GSE162694	GSM4957358	control	LOXL3	ENSG00000115318	53	2.01995448242192	51.2901457374341	26238215	1.03333689616167
GSE162694	GSM4957359	1	LOXL3	ENSG00000115318	80	2.61029533762425	63.8823801547142	30647873	1.25230149230901
GSE162694	GSM4957360	4	LOXL3	ENSG00000115318	47	1.10458061118842	45.8303073425973	42550086	1.02552225209093
GSE162694	GSM4957361	1	LOXL3	ENSG00000115318	62	2.24547626171229	55.3828069052196	27611069	1.11948099896968
GSE162694	GSM4957362	2	LOXL3	ENSG00000115318	61	2.0095873790006	54.914296078083	30354490	1.11082185071195
GSE162694	GSM4957363	0	LOXL3	ENSG00000115318	29	1.20731099244586	29.733065170599	24020323	0.975345119435454
GSE162694	GSM4957364	0	LOXL3	ENSG00000115318	68	2.09950550779026	60.9372023605819	32388579	1.11590288634561
GSE162694	GSM4957365	1	LOXL3	ENSG00000115318	142	2.79040633150271	127.981652023457	50888646	1.10953404456737
GSE162694	GSM4957366	4	LOXL3	ENSG00000115318	88	2.02525786538235	150.14090350218	43451257	0.586116094597249
GSE162694	GSM4957367	1	LOXL3	ENSG00000115318	49	1.28474864915234	58.7593843635598	38139756	0.833909349642332
GSE162694	GSM4957368	0	LOXL3	ENSG00000115318	54	1.32217172287986	56.2745268743483	40841896	0.959581590451627
GSE162694	GSM4957369	0	LOXL3	ENSG00000115318	89	2.07583384904588	91.2621400814545	42874337	0.975212721513702
GSE162694	GSM4957370	1	LOXL3	ENSG00000115318	111	2.64429759249092	96.314593457849	41977121	1.15247332740472
GSE162694	GSM4957371	0	LOXL3	ENSG00000115318	32	1.00944907424056	31.0157910440063	31700460	1.03173251182268
GSE162694	GSM4957372	0	LOXL3	ENSG00000115318	58	1.35979328516258	62.3302025609587	42653542	0.930528020397114
GSE162694	GSM4957373	0	LOXL3	ENSG00000115318	82	2.16833056950515	94.7266603053118	37817112	0.86564859075267
GSE162694	GSM4957374	3	LOXL3	ENSG00000115318	106	2.34389405758068	110.413779685051	45223887	0.960025101054951
GSE162694	GSM4957375	0	LOXL3	ENSG00000115318	129	3.19590567321567	128.156440841364	40364145	1.00658226112631
GSE162694	GSM4957376	1	LOXL3	ENSG00000115318	97	1.99630075180481	83.581117863385	48589873	1.16054920632371
GSE162694	GSM4957377	1	LOXL3	ENSG00000115318	82	1.83274179356895	85.7839455426251	44741709	0.955889816926818
GSE162694	GSM4957378	0	LOXL3	ENSG00000115318	33	0.918601675579562	40.4347731737225	35924167	0.816129222692062
GSE162694	GSM4957379	0	LOXL3	ENSG00000115318	95	2.44219259434145	95.1265920883014	38899471	0.998669225024019
GSE162694	GSM4957380	0	LOXL3	ENSG00000115318	36	0.957517323549705	43.3888051756087	37597231	0.829707106574984
GSE162694	GSM4957381	1	LOXL3	ENSG00000115318	71	2.65969003747541	71.4852116957924	26694840	0.993212418564874
GSE162694	GSM4957382	0	LOXL3	ENSG00000115318	36	0.935665559445094	43.1506998979601	38475286	0.83428542492081
GSE162694	GSM4957383	1	LOXL3	ENSG00000115318	61	1.99859213927501	58.0095389066953	30521485	1.05155119571136
GSE162694	GSM4957384	2	LOXL3	ENSG00000115318	46	1.27382146522643	42.3511905503754	36111811	1.08615600653031
GSE162694	GSM4957385	2	LOXL3	ENSG00000115318	66	2.43643920759318	63.380770251183	27088712	1.04132530637347
GSE162694	GSM4957386	0	LOXL3	ENSG00000115318	62	1.88537257105855	52.6565188956496	32884747	1.1774420584632
GSE162694	GSM4957387	1	LOXL3	ENSG00000115318	30	0.884433075745148	31.388605575113	33920034	0.955760839015608
GSE162694	GSM4957388	0	LOXL3	ENSG00000115318	60	1.53452485266579	54.5077639311538	39100051	1.10076061963913
GSE162694	GSM4957389	0	LOXL3	ENSG00000115318	56	1.92094883895794	53.4224646938378	29152260	1.04824815404781
GSE162694	GSM4957390	2	LOXL3	ENSG00000115318	56	2.32519437794573	59.0876835753728	24084008	0.947744040914481
GSE162694	GSM4957391	control	LOXL3	ENSG00000115318	27	1.01496715679055	31.9721450506088	26601846	0.844485096550814
GSE162694	GSM4957392	1	LOXL3	ENSG00000115318	81	2.5449267544945	76.4810324554512	31828028	1.05908612108736
GSE162694	GSM4957393	1	LOXL3	ENSG00000115318	100	3.32170426813753	94.0399505685031	30105028	1.06337784521862
GSE162694	GSM4957394	0	LOXL3	ENSG00000115318	25	0.589792791165602	27.2183980483345	42387768	0.918496377178589
GSE162694	GSM4957395	4	LOXL3	ENSG00000115318	129	3.55008892009542	103.869318127404	36337118	1.24194518964465
GSE162694	GSM4957396	2	LOXL3	ENSG00000115318	39	1.63672206705071	37.4908991991674	23828114	1.04025245681133
GSE162694	GSM4957397	0	LOXL3	ENSG00000115318	52	1.6169879761707	56.7473738337392	32158557	0.916341964164751
GSE162694	GSM4957398	control	LOXL3	ENSG00000115318	40	1.26261227345619	40.0256495117041	31680351	0.999359173129805
GSE162694	GSM4957399	0	LOXL3	ENSG00000115318	36	1.5408544063364	39.8244543297914	23363661	0.903967188147247
GSE162694	GSM4957400	2	LOXL3	ENSG00000115318	41	1.63984106660382	42.1596137985684	25002423	0.972494676917373
GSE162694	GSM4957401	0	LOXL3	ENSG00000115318	67	2.8397507461763	70.5310096630077	23593620	0.949936777030718
GSE162694	GSM4957402	control	LOXL3	ENSG00000115318	82	2.61549733203324	68.7938077337901	31351590	1.19196774682561
GSE162694	GSM4957403	3	LOXL3	ENSG00000115318	90	2.79660349398319	83.5460553377486	32181895	1.07725014228572
GSE162694	GSM4957404	control	LOXL3	ENSG00000115318	23	0.93008002125435	27.0675652999418	24729055	0.849725483069195
GSE162694	GSM4957405	0	LOXL3	ENSG00000115318	64	1.80409353898008	58.7488378146367	35474879	1.08938325217482
GSE162694	GSM4957406	control	LOXL3	ENSG00000115318	54	2.11106071496622	53.3989078999263	25579558	1.01125663658141
GSE162694	GSM4957407	3	LOXL3	ENSG00000115318	64	2.65484453334118	73.135255615841	24106873	0.875090945688001
GSE162694	GSM4957408	0	LOXL3	ENSG00000115318	50	2.39731657807223	62.0748688520292	20856653	0.80547894703068
GSE162694	GSM4957409	control	LOXL3	ENSG00000115318	39	1.31062567925696	42.9253846994273	29756780	0.908553301806993
GSE162694	GSM4957410	0	LOXL3	ENSG00000115318	48	1.61851740366475	43.4286025049733	29656771	1.10526236699657
GSE162694	GSM4957411	1	LOXL3	ENSG00000115318	46	1.27741477907806	42.2681159711903	36010230	1.08829075872114
GSE162694	GSM4957412	1	LOXL3	ENSG00000115318	60	2.08046099686953	54.1351968950749	28839762	1.10833622931662
GSE162694	GSM4957413	control	LOXL3	ENSG00000115318	44	1.28620762150511	43.7399979342931	34209096	1.00594426332844
GSE162694	GSM4957414	0	LOXL3	ENSG00000115318	56	1.74994668131205	56.716516404518	32000975	0.987366706385709
GSE162694	GSM4957415	2	LOXL3	ENSG00000115318	68	2.96946136067008	73.0262823592881	22899776	0.931171597445439
GSE162694	GSM4957416	0	LOXL3	ENSG00000115318	56	1.79265338630624	50.1067029214501	31238610	1.11761494440751
GSE162694	GSM4957417	1	LOXL3	ENSG00000115318	67	2.40051280686122	66.3271264597218	27910703	1.01014477147124
GSE162694	GSM4957418	control	LOXL3	ENSG00000115318	37	1.5441360619247	41.9652821897999	23961619	0.881681191434791
GSE162694	GSM4957419	1	LOXL3	ENSG00000115318	49	1.82563256678127	52.6425082591196	26840012	0.930806711542119
GSE162694	GSM4957420	1	LOXL3	ENSG00000115318	64	1.93610221361221	51.6187184008312	33056106	1.2398603061592
GSE162694	GSM4957421	control	LOXL3	ENSG00000115318	44	1.45445866783817	38.9583359764786	30251805	1.12941168808045
GSE162694	GSM4957422	0	LOXL3	ENSG00000115318	51	1.69201206743006	45.5181079796586	30141629	1.12043321358593
GSE162694	GSM4957423	control	LOXL3	ENSG00000115318	48	1.62381810990887	46.8388783353941	29559961	1.02478969834187
GSE162694	GSM4957424	1	LOXL3	ENSG00000115318	70	2.19287198815298	60.0930174934458	31921608	1.16486079281399
GSE162694	GSM4957425	control	LOXL3	ENSG00000115318	49	1.74538706665334	50.9160293698176	28074002	0.962368837603165
GSE162694	GSM4957426	1	LOXL3	ENSG00000115318	96	3.23373791099925	92.128451007288	29687007	1.04202338094674
GSE162694	GSM4957427	control	LOXL3	ENSG00000115318	53	1.73822741209554	47.3552025911471	30490832	1.1192012091594
GSE162694	GSM4957428	0	LOXL3	ENSG00000115318	40	1.57084758222994	40.9147760838408	25463960	0.977641913963642
GSE162694	GSM4957429	control	LOXL3	ENSG00000115318	49	1.70585710912295	48.265494269801	28724563	1.01521802980185
GSE162694	GSM4957430	control	LOXL3	ENSG00000115318	68	2.36754862379099	64.0214973125634	28721691	1.06214323085905
GSE162694	GSM4957431	1	LOXL3	ENSG00000115318	50	1.88798387752392	54.1106273592533	26483277	0.924032901486027
GSE162694	GSM4957432	2	LOXL3	ENSG00000115318	55	1.74499964798598	51.5440855635223	31518631	1.06704773978808
GSE162694	GSM4957433	2	LOXL3	ENSG00000115318	66	2.23124554448155	57.8865040164778	29579891	1.14016213487711
GSE162694	GSM4957434	control	LOXL3	ENSG00000115318	63	1.80329358692984	57.7780947554982	34936075	1.09037863340077
GSE162694	GSM4957435	control	LOXL3	ENSG00000115318	45	1.70694532915842	45.4211875846659	26362883	0.990727067981637
GSE162694	GSM4957436	0	LOXL3	ENSG00000115318	88	2.88357579126712	78.9500201309357	30517665	1.11462922813769
GSE162694	GSM4957437	control	LOXL3	ENSG00000115318	43	1.32498481967973	38.0570359987399	32453202	1.12988305241175
GSE162694	GSM4957438	control	LOXL3	ENSG00000115318	61	1.81437698042222	52.063028800686	33620356	1.17165676690704
GSE162694	GSM4957439	control	LOXL3	ENSG00000115318	42	1.20376203149403	37.7805463363502	34890617	1.11168323576068
GSE162694	GSM4957440	control	LOXL3	ENSG00000115318	107	3.31089659389192	83.0796933256549	32317530	1.28792001651454
GSE162694	GSM4957441	control	LOXL3	ENSG00000115318	18	0.748941776475747	23.1356946884203	24033911	0.778018565788269
GSE162694	GSM4957442	0	LOXL3	ENSG00000115318	67	1.91610678217149	55.2840087882559	34966736	1.21192369129051
GSE162694	GSM4957443	1	LOXL3	ENSG00000115318	96	3.12181436729213	82.7947355744077	30751348	1.15949401050656
GSE162694	GSM4957444	control	LOXL3	ENSG00000115318	52	1.71804422866984	49.4753123105362	30266974	1.05102924209184
GSE162694	GSM4957445	2	LOXL3	ENSG00000115318	116	3.66877374463576	84.0470849724395	31618194	1.38017874192827
GSE162694	GSM4957446	2	LOXL3	ENSG00000115318	53	1.59937994755362	42.9554688797556	33137842	1.23383590919149
GSE162694	GSM4957447	1	LOXL3	ENSG00000115318	85	2.78207426416672	77.5354693270142	30552743	1.09627246391588
GSE162694	GSM4957448	2	LOXL3	ENSG00000115318	101	2.86394852242516	71.98312341088	35265997	1.40310666186978
GSE162694	GSM4957449	0	LOXL3	ENSG00000115318	42	1.49429999267793	40.3232172418995	28106806	1.04158355589638
GSE162694	GSM4957450	0	LOXL3	ENSG00000115318	83	2.19077217724614	63.6839930890626	37886185	1.30331023502128
GSE162694	GSM4957451	4	LOXL3	ENSG00000115318	47	1.34854611951694	38.6584539149567	34852349	1.2157754705709
GSE162694	GSM4957452	0	LOXL3	ENSG00000115318	55	1.44036144168134	50.0759422836017	38184860	1.09833180349381
GSE162694	GSM4957453	control	LOXL3	ENSG00000115318	42	1.32048704844295	42.4385926019681	31806446	0.98966524158608
GSE162694	GSM4957454	1	LOXL3	ENSG00000115318	39	1.8048624382442	55.3659738912365	21608295	0.704403756657716
GSE162694	GSM4957455	1	LOXL3	ENSG00000115318	77	2.63633083007444	68.3677316839631	29207260	1.12626231854437
GSE162694	GSM4957456	control	LOXL3	ENSG00000115318	75	3.18853528552186	81.6795011849943	23521772	0.918223041423013
GSE162694	GSM4957457	2	LOXL3	ENSG00000115318	27	1.177802814085	33.8971398445228	22924041	0.796527380299396
GSE162694	GSM4957458	3	LOXL3	ENSG00000115318	30	0.990478758803334	31.575539480543	30288383	0.950102531691853
GSE162694	GSM4957459	0	LOXL3	ENSG00000115318	86	2.198579819696	74.374352381239	39116160	1.15631258957616
GSE162694	GSM4957460	2	LOXL3	ENSG00000115318	33	1.28476786230279	37.8807591909611	25685574	0.871154662810302
GSE162694	GSM4957461	0	LOXL3	ENSG00000115318	63	2.13565048472995	59.7809522255601	29499209	1.05384738206066
GSE162694	GSM4957462	1	LOXL3	ENSG00000115318	56	1.99695770625444	60.2135347324978	28042657	0.930023461482262
GSE162694	GSM4957463	control	LOXL3	ENSG00000115318	16	0.381236919850632	27.719406272019	41968653	0.577212940385054
GSE162694	GSM4957321	0	LOXL4	ENSG00000138131	72	2.23992091585886	74.6887626618428	32143992	0.964000439075202
GSE162694	GSM4957322	1	LOXL4	ENSG00000138131	91	3.07866617971866	91.2351540744052	29558255	0.997422549709146
GSE162694	GSM4957323	control	LOXL4	ENSG00000138131	51	2.32247438424601	63.6199025296851	21959338	0.801635934229911
GSE162694	GSM4957324	3	LOXL4	ENSG00000138131	211	7.27027223241496	176.048348480506	29022297	1.19853439024658
GSE162694	GSM4957325	1	LOXL4	ENSG00000138131	87	2.08991295584605	64.903964053674	41628528	1.34044200949041
GSE162694	GSM4957326	control	LOXL4	ENSG00000138131	61	2.51285355489067	78.9808785826162	24275191	0.772338838142859
GSE162694	GSM4957327	0	LOXL4	ENSG00000138131	63	2.518105176217	75.9873141914526	25018812	0.829085758199972
GSE162694	GSM4957328	2	LOXL4	ENSG00000138131	93	4.18780589276524	102.45432856074	22207333	0.90772153120759
GSE162694	GSM4957329	1	LOXL4	ENSG00000138131	64	2.53875609519637	76.102474303592	25209196	0.840971342727805
GSE162694	GSM4957330	control	LOXL4	ENSG00000138131	39	1.29738015700296	59.8738398984579	30060580	0.651369614277979
GSE162694	GSM4957331	control	LOXL4	ENSG00000138131	52	2.30826773561954	61.8950650157392	22527716	0.840131599938977
GSE162694	GSM4957332	1	LOXL4	ENSG00000138131	99	3.19325810963378	96.033947866162	31002818	1.03088545456833
GSE162694	GSM4957333	2	LOXL4	ENSG00000138131	85	3.43240755648158	93.0458160753133	24763959	0.913528448514001
GSE162694	GSM4957334	2	LOXL4	ENSG00000138131	89	3.500030064865	98.9897746077816	25428353	0.899082762362444
GSE162694	GSM4957335	4	LOXL4	ENSG00000138131	1086	17.2574825130931	948.377493357617	62929225	1.14511363629597
GSE162694	GSM4957336	control	LOXL4	ENSG00000138131	93	2.57772749207349	81.5631336113485	36078290	1.14022102734734
GSE162694	GSM4957337	4	LOXL4	ENSG00000138131	435	6.68658531259717	334.549851649309	65055627	1.30025464921141
GSE162694	GSM4957338	4	LOXL4	ENSG00000138131	676	11.1121131007967	447.534703753978	60834514	1.51049738563206
GSE162694	GSM4957339	4	LOXL4	ENSG00000138131	440	7.12716303728847	403.402124212453	61735644	1.09072306165714
GSE162694	GSM4957340	4	LOXL4	ENSG00000138131	715	13.637382235244	541.734406010127	52429417	1.31983494507202
GSE162694	GSM4957341	4	LOXL4	ENSG00000138131	44	0.767159425370391	46.195275426529	57354441	0.952478356146605
GSE162694	GSM4957342	4	LOXL4	ENSG00000138131	77	1.43410136600949	90.033778705486	53692160	0.855234569814942
GSE162694	GSM4957343	2	LOXL4	ENSG00000138131	256	5.05344990536823	223.68127541185	50658462	1.14448560581856
GSE162694	GSM4957344	2	LOXL4	ENSG00000138131	152	3.491476467529	105.899806533123	43534591	1.43531895832556
GSE162694	GSM4957345	3	LOXL4	ENSG00000138131	73	1.97638999101961	99.4147374139449	36936030	0.734297568941326
GSE162694	GSM4957346	2	LOXL4	ENSG00000138131	111	2.36086587882658	95.2418820848606	47016648	1.16545365935859
GSE162694	GSM4957347	1	LOXL4	ENSG00000138131	57	2.6940088079909	76.9239005451638	21158060	0.740992066133386
GSE162694	GSM4957348	2	LOXL4	ENSG00000138131	132	3.29322871011841	119.543487859903	40082245	1.10420067511076
GSE162694	GSM4957349	4	LOXL4	ENSG00000138131	235	5.8769598191757	186.250253933152	39986661	1.26174324618288
GSE162694	GSM4957350	2	LOXL4	ENSG00000138131	65	1.58616125549788	67.5358530869278	40979440	0.962451750129463
GSE162694	GSM4957351	2	LOXL4	ENSG00000138131	72	1.28268702979833	72.4898216150754	56132165	0.993242891151308
GSE162694	GSM4957352	2	LOXL4	ENSG00000138131	57	1.59733575605264	65.1428738244193	35684420	0.874999775933022
GSE162694	GSM4957353	2	LOXL4	ENSG00000138131	88	2.09011318746703	101.338145436654	42102983	0.868379815131001
GSE162694	GSM4957354	2	LOXL4	ENSG00000138131	132	2.78138444675103	112.907057381577	47458380	1.16910318151236
GSE162694	GSM4957355	3	LOXL4	ENSG00000138131	197	4.4953034917441	225.729240103178	43823515	0.872726988802841
GSE162694	GSM4957356	3	LOXL4	ENSG00000138131	151	3.33396818564171	161.590041182635	45291374	0.934463528165911
GSE162694	GSM4957357	2	LOXL4	ENSG00000138131	140	2.93251900911188	116.74083057686	47740526	1.19923765582452
GSE162694	GSM4957358	control	LOXL4	ENSG00000138131	75	2.85842615437064	72.5803949114634	26238215	1.03333689616167
GSE162694	GSM4957359	1	LOXL4	ENSG00000138131	93	3.03446832998819	74.2632669298552	30647873	1.25230149230901
GSE162694	GSM4957360	4	LOXL4	ENSG00000138131	55	1.29259433224177	53.6312107200607	42550086	1.02552225209093
GSE162694	GSM4957361	1	LOXL4	ENSG00000138131	124	4.49095252342457	110.765613810439	27611069	1.11948099896968
GSE162694	GSM4957362	2	LOXL4	ENSG00000138131	170	5.60048941688693	153.039841529084	30354490	1.11082185071195
GSE162694	GSM4957363	0	LOXL4	ENSG00000138131	89	3.7051958044028	91.249751730459	24020323	0.975345119435454
GSE162694	GSM4957364	0	LOXL4	ENSG00000138131	83	2.562631722744	74.3792322930632	32388579	1.11590288634561
GSE162694	GSM4957365	1	LOXL4	ENSG00000138131	260	5.10919469148383	234.33260229647	50888646	1.10953404456737
GSE162694	GSM4957366	4	LOXL4	ENSG00000138131	631	14.5220194665485	1076.57852397586	43451257	0.586116094597249
GSE162694	GSM4957367	1	LOXL4	ENSG00000138131	66	1.73047777232765	79.1452932243867	38139756	0.833909349642332
GSE162694	GSM4957368	0	LOXL4	ENSG00000138131	92	2.25258886120272	95.8751198600009	40841896	0.959581590451627
GSE162694	GSM4957369	0	LOXL4	ENSG00000138131	79	1.84259409072611	81.0079670385945	42874337	0.975212721513702
GSE162694	GSM4957370	1	LOXL4	ENSG00000138131	192	4.57392015998429	166.598215710874	41977121	1.15247332740472
GSE162694	GSM4957371	0	LOXL4	ENSG00000138131	75	2.36589626775132	72.6932602593897	31700460	1.03173251182268
GSE162694	GSM4957372	0	LOXL4	ENSG00000138131	68	1.59424040329406	73.0767892093998	42653542	0.930528020397114
GSE162694	GSM4957373	0	LOXL4	ENSG00000138131	77	2.03611529087679	88.9506444330367	37817112	0.86564859075267
GSE162694	GSM4957374	3	LOXL4	ENSG00000138131	72	1.59207898250763	74.9980390313552	45223887	0.960025101054951
GSE162694	GSM4957375	0	LOXL4	ENSG00000138131	70	1.73421238081471	69.5422547201197	40364145	1.00658226112631
GSE162694	GSM4957376	1	LOXL4	ENSG00000138131	104	2.1403636926567	89.6127449256911	48589873	1.16054920632371
GSE162694	GSM4957377	1	LOXL4	ENSG00000138131	135	3.01731880648547	141.229666442127	44741709	0.955889816926818
GSE162694	GSM4957378	0	LOXL4	ENSG00000138131	129	3.59089745908374	158.063204224552	35924167	0.816129222692062
GSE162694	GSM4957379	0	LOXL4	ENSG00000138131	101	2.59643633714196	101.134587378089	38899471	0.998669225024019
GSE162694	GSM4957380	0	LOXL4	ENSG00000138131	47	1.250092061301	56.6464956459336	37597231	0.829707106574984
GSE162694	GSM4957381	1	LOXL4	ENSG00000138131	80	2.99683384504271	80.5467174037098	26694840	0.993212418564874
GSE162694	GSM4957382	0	LOXL4	ENSG00000138131	71	1.8453404089056	85.1027692431991	38475286	0.83428542492081
GSE162694	GSM4957383	1	LOXL4	ENSG00000138131	71	2.32623019489386	67.5192993832027	30521485	1.05155119571136
GSE162694	GSM4957384	2	LOXL4	ENSG00000138131	73	2.02149928177238	67.2094980473348	36111811	1.08615600653031
GSE162694	GSM4957385	2	LOXL4	ENSG00000138131	112	4.13456350379449	107.555246486856	27088712	1.04132530637347
GSE162694	GSM4957386	0	LOXL4	ENSG00000138131	59	1.79414486600733	50.1086228200536	32884747	1.1774420584632
GSE162694	GSM4957387	1	LOXL4	ENSG00000138131	57	1.68042284391578	59.6383505927147	33920034	0.955760839015608
GSE162694	GSM4957388	0	LOXL4	ENSG00000138131	161	4.11764168798654	146.262499881929	39100051	1.10076061963913
GSE162694	GSM4957389	0	LOXL4	ENSG00000138131	92	3.15584452114519	87.765477711305	29152260	1.04824815404781
GSE162694	GSM4957390	2	LOXL4	ENSG00000138131	99	4.11061148958263	104.458583463605	24084008	0.947744040914481
GSE162694	GSM4957391	control	LOXL4	ENSG00000138131	60	2.25548257064566	71.0492112235751	26601846	0.844485096550814
GSE162694	GSM4957392	1	LOXL4	ENSG00000138131	90	2.82769639388278	84.9789249505013	31828028	1.05908612108736
GSE162694	GSM4957393	1	LOXL4	ENSG00000138131	127	4.21856442053467	119.430737221999	30105028	1.06337784521862
GSE162694	GSM4957394	0	LOXL4	ENSG00000138131	58	1.3683192755042	63.146683472136	42387768	0.918496377178589
GSE162694	GSM4957395	4	LOXL4	ENSG00000138131	2613	71.9099406837934	2103.9575834644	36337118	1.24194518964465
GSE162694	GSM4957396	2	LOXL4	ENSG00000138131	70	2.93770627419359	67.2913575369672	23828114	1.04025245681133
GSE162694	GSM4957397	0	LOXL4	ENSG00000138131	73	2.27000235116271	79.6645824973647	32158557	0.916341964164751
GSE162694	GSM4957398	control	LOXL4	ENSG00000138131	75	2.36739801273035	75.0480928344452	31680351	0.999359173129805
GSE162694	GSM4957399	0	LOXL4	ENSG00000138131	81	3.46692241425691	89.6050222420307	23363661	0.903967188147247
GSE162694	GSM4957400	2	LOXL4	ENSG00000138131	127	5.07950769411429	130.591974449224	25002423	0.972494676917373
GSE162694	GSM4957401	0	LOXL4	ENSG00000138131	162	6.86626299821731	170.537665155332	23593620	0.949936777030718
GSE162694	GSM4957402	control	LOXL4	ENSG00000138131	84	2.67928994988771	70.4717054833947	31351590	1.19196774682561
GSE162694	GSM4957403	3	LOXL4	ENSG00000138131	192	5.9660874538308	178.23158472053	32181895	1.07725014228572
GSE162694	GSM4957404	control	LOXL4	ENSG00000138131	37	1.49621568636569	43.5434746129498	24729055	0.849725483069195
GSE162694	GSM4957405	0	LOXL4	ENSG00000138131	85	2.39606173145791	78.0258002225644	35474879	1.08938325217482
GSE162694	GSM4957406	control	LOXL4	ENSG00000138131	66	2.58018531829205	65.2653318776877	25579558	1.01125663658141
GSE162694	GSM4957407	3	LOXL4	ENSG00000138131	84	3.48448345001029	95.9900229957914	24106873	0.875090945688001
GSE162694	GSM4957408	0	LOXL4	ENSG00000138131	42	2.01374592558068	52.1428898357045	20856653	0.80547894703068
GSE162694	GSM4957409	control	LOXL4	ENSG00000138131	52	1.74750090567595	57.233846265903	29756780	0.908553301806993
GSE162694	GSM4957410	0	LOXL4	ENSG00000138131	60	2.02314675458094	54.2857531312166	29656771	1.10526236699657
GSE162694	GSM4957411	1	LOXL4	ENSG00000138131	48	1.33295455208145	44.1058601438508	36010230	1.08829075872114
GSE162694	GSM4957412	1	LOXL4	ENSG00000138131	71	2.46187884629561	64.0599829925054	28839762	1.10833622931662
GSE162694	GSM4957413	control	LOXL4	ENSG00000138131	41	1.19851164731158	40.757725347864	34209096	1.00594426332844
GSE162694	GSM4957414	0	LOXL4	ENSG00000138131	76	2.3749276389235	76.9724151204173	32000975	0.987366706385709
GSE162694	GSM4957415	2	LOXL4	ENSG00000138131	70	3.05679845951332	75.1741141933848	22899776	0.931171597445439
GSE162694	GSM4957416	0	LOXL4	ENSG00000138131	61	1.9527117243693	54.5805156822939	31238610	1.11761494440751
GSE162694	GSM4957417	1	LOXL4	ENSG00000138131	79	2.83045539913488	78.2066117957913	27910703	1.01014477147124
GSE162694	GSM4957418	control	LOXL4	ENSG00000138131	60	2.50400442474275	68.0518089564323	23961619	0.881681191434791
GSE162694	GSM4957419	1	LOXL4	ENSG00000138131	72	2.6825621389439	77.3522570338084	26840012	0.930806711542119
GSE162694	GSM4957420	1	LOXL4	ENSG00000138131	122	3.69069484469828	98.3981819515846	33056106	1.2398603061592
GSE162694	GSM4957421	control	LOXL4	ENSG00000138131	100	3.30558788145038	88.541672673815	30251805	1.12941168808045
GSE162694	GSM4957422	0	LOXL4	ENSG00000138131	130	4.31297193658644	116.026549752071	30141629	1.12043321358593
GSE162694	GSM4957423	control	LOXL4	ENSG00000138131	65	2.19892035716827	63.4276477458462	29559961	1.02478969834187
GSE162694	GSM4957424	1	LOXL4	ENSG00000138131	93	2.91338706997467	79.8378660984352	31921608	1.16486079281399
GSE162694	GSM4957425	control	LOXL4	ENSG00000138131	63	2.24406908569715	65.4634663326227	28074002	0.962368837603165
GSE162694	GSM4957426	1	LOXL4	ENSG00000138131	81	2.72846636240561	77.7333805373993	29687007	1.04202338094674
GSE162694	GSM4957427	control	LOXL4	ENSG00000138131	96	3.14848738794665	85.7754612971721	30490832	1.1192012091594
GSE162694	GSM4957428	0	LOXL4	ENSG00000138131	77	3.02388159579264	78.7609439613936	25463960	0.977641913963642
GSE162694	GSM4957429	control	LOXL4	ENSG00000138131	63	2.19324485458665	62.0556354897441	28724563	1.01521802980185
GSE162694	GSM4957430	control	LOXL4	ENSG00000138131	79	2.75053443058071	74.3779159954781	28721691	1.06214323085905
GSE162694	GSM4957431	1	LOXL4	ENSG00000138131	29	1.09503064896387	31.3841638683669	26483277	0.924032901486027
GSE162694	GSM4957432	2	LOXL4	ENSG00000138131	59	1.87190871329405	55.2927463317784	31518631	1.06704773978808
GSE162694	GSM4957433	2	LOXL4	ENSG00000138131	295	9.97299144881906	258.735131588802	29579891	1.14016213487711
GSE162694	GSM4957434	control	LOXL4	ENSG00000138131	101	2.89099448063356	92.6283741318304	34936075	1.09037863340077
GSE162694	GSM4957435	control	LOXL4	ENSG00000138131	52	1.97247015813862	52.4867056533918	26362883	0.990727067981637
GSE162694	GSM4957436	0	LOXL4	ENSG00000138131	65	2.1299139367314	58.3153557785321	30517665	1.11462922813769
GSE162694	GSM4957437	control	LOXL4	ENSG00000138131	62	1.91044322837543	54.8729356260901	32453202	1.12988305241175
GSE162694	GSM4957438	control	LOXL4	ENSG00000138131	73	2.17130359952167	62.304936105739	33620356	1.17165676690704
GSE162694	GSM4957439	control	LOXL4	ENSG00000138131	58	1.66233804349175	52.1731354168646	34890617	1.11168323576068
GSE162694	GSM4957440	control	LOXL4	ENSG00000138131	140	4.33201423499878	108.702402482165	32317530	1.28792001651454
GSE162694	GSM4957441	control	LOXL4	ENSG00000138131	71	2.95415922943211	91.2574623821021	24033911	0.778018565788269
GSE162694	GSM4957442	0	LOXL4	ENSG00000138131	92	2.63107199939966	75.912370276411	34966736	1.21192369129051
GSE162694	GSM4957443	1	LOXL4	ENSG00000138131	92	2.99173876865495	79.3449549254741	30751348	1.15949401050656
GSE162694	GSM4957444	control	LOXL4	ENSG00000138131	94	3.10569533644163	89.4361414844307	30266974	1.05102924209184
GSE162694	GSM4957445	2	LOXL4	ENSG00000138131	285	9.01379756225166	206.494993251252	31618194	1.38017874192827
GSE162694	GSM4957446	2	LOXL4	ENSG00000138131	135	4.07389231924034	109.414873561642	33137842	1.23383590919149
GSE162694	GSM4957447	1	LOXL4	ENSG00000138131	53	1.7347051294216	48.3456455803736	30552743	1.09627246391588
GSE162694	GSM4957448	2	LOXL4	ENSG00000138131	171	4.84886333994754	121.872416863965	35265997	1.40310666186978
GSE162694	GSM4957449	0	LOXL4	ENSG00000138131	52	1.85008570522029	49.9239832518756	28106806	1.04158355589638
GSE162694	GSM4957450	0	LOXL4	ENSG00000138131	110	2.90343300598886	84.4004727686372	37886185	1.30331023502128
GSE162694	GSM4957451	4	LOXL4	ENSG00000138131	135	3.87348353478269	111.040239968493	34852349	1.2157754705709
GSE162694	GSM4957452	0	LOXL4	ENSG00000138131	86	2.25220152699264	78.3005642979954	38184860	1.09833180349381
GSE162694	GSM4957453	control	LOXL4	ENSG00000138131	52	1.63488872664365	52.5430194119605	31806446	0.98966524158608
GSE162694	GSM4957454	1	LOXL4	ENSG00000138131	70	3.23949668402806	99.3748249329886	21608295	0.704403756657716
GSE162694	GSM4957455	1	LOXL4	ENSG00000138131	104	3.56075852373691	92.3408324043138	29207260	1.12626231854437
GSE162694	GSM4957456	control	LOXL4	ENSG00000138131	71	3.01848007029402	77.3232611217946	23521772	0.918223041423013
GSE162694	GSM4957457	2	LOXL4	ENSG00000138131	76	3.31529681001705	95.4141714142123	22924041	0.796527380299396
GSE162694	GSM4957458	3	LOXL4	ENSG00000138131	69	2.27810114524767	72.623740805249	30288383	0.950102531691853
GSE162694	GSM4957459	0	LOXL4	ENSG00000138131	100	2.55648816243721	86.481805094464	39116160	1.15631258957616
GSE162694	GSM4957460	2	LOXL4	ENSG00000138131	92	3.58177707066231	105.606965017225	25685574	0.871154662810302
GSE162694	GSM4957461	0	LOXL4	ENSG00000138131	91	3.08482847794326	86.350264325809	29499209	1.05384738206066
GSE162694	GSM4957462	1	LOXL4	ENSG00000138131	65	2.31789733761676	69.8907099573635	28042657	0.930023461482262
GSE162694	GSM4957463	control	LOXL4	ENSG00000138131	24	0.571855379775948	41.5791094080285	41968653	0.577212940385054
GSE162694	GSM4957321	0	COL1A1	ENSG00000108821	384	11.9462448845806	398.340067529828	32143992	0.964000439075202
GSE162694	GSM4957322	1	COL1A1	ENSG00000108821	401	13.5664300886504	402.036228393808	29558255	0.997422549709146
GSE162694	GSM4957323	control	COL1A1	ENSG00000108821	245	11.1569847870642	305.62502195633	21959338	0.801635934229911
GSE162694	GSM4957324	3	COL1A1	ENSG00000108821	1686	58.093265326311	1406.71808311911	29022297	1.19853439024658
GSE162694	GSM4957325	1	COL1A1	ENSG00000108821	395	9.48868525930103	294.678917255187	41628528	1.34044200949041
GSE162694	GSM4957326	control	COL1A1	ENSG00000108821	321	13.223376903605	415.620688934751	24275191	0.772338838142859
GSE162694	GSM4957327	0	COL1A1	ENSG00000108821	321	12.8303454216771	387.173458023116	25018812	0.829085758199972
GSE162694	GSM4957328	2	COL1A1	ENSG00000108821	493	22.1998742487448	543.118107316609	22207333	0.90772153120759
GSE162694	GSM4957329	1	COL1A1	ENSG00000108821	479	19.0010026499853	569.579456115946	25209196	0.840971342727805
GSE162694	GSM4957330	control	COL1A1	ENSG00000108821	251	8.34980562583955	385.341892679819	30060580	0.651369614277979
GSE162694	GSM4957331	control	COL1A1	ENSG00000108821	127	5.63750004660925	151.166793403825	22527716	0.840131599938977
GSE162694	GSM4957332	1	COL1A1	ENSG00000108821	508	16.3856072696359	492.780257737478	31002818	1.03088545456833
GSE162694	GSM4957333	2	COL1A1	ENSG00000108821	319	12.8816236531485	349.195474447352	24763959	0.913528448514001
GSE162694	GSM4957334	2	COL1A1	ENSG00000108821	368	14.4720344255092	409.306034333299	25428353	0.899082762362444
GSE162694	GSM4957335	4	COL1A1	ENSG00000108821	2081	33.0688960494905	1817.28689104715	62929225	1.14511363629597
GSE162694	GSM4957336	control	COL1A1	ENSG00000108821	297	8.2320974746863	260.475813791081	36078290	1.14022102734734
GSE162694	GSM4957337	4	COL1A1	ENSG00000108821	2472	37.9982503281384	1901.16605351056	65055627	1.30025464921141
GSE162694	GSM4957338	4	COL1A1	ENSG00000108821	2020	33.2048350053392	1337.30784257845	60834514	1.51049738563206
GSE162694	GSM4957339	4	COL1A1	ENSG00000108821	804	13.0232706408635	737.1256996973	61735644	1.09072306165714
GSE162694	GSM4957340	4	COL1A1	ENSG00000108821	2528	48.2172060009746	1915.39101873231	52429417	1.31983494507202
GSE162694	GSM4957341	4	COL1A1	ENSG00000108821	722	12.5883887526687	758.022474044408	57354441	0.952478356146605
GSE162694	GSM4957342	4	COL1A1	ENSG00000108821	466	8.67910696831716	544.879751646188	53692160	0.855234569814942
GSE162694	GSM4957343	2	COL1A1	ENSG00000108821	1954	38.5720356058184	1707.31723497951	50658462	1.14448560581856
GSE162694	GSM4957344	2	COL1A1	ENSG00000108821	1155	26.5306271052368	804.699187801032	43534591	1.43531895832556
GSE162694	GSM4957345	3	COL1A1	ENSG00000108821	999	27.0467616579259	1360.48387228125	36936030	0.734297568941326
GSE162694	GSM4957346	2	COL1A1	ENSG00000108821	1370	29.1386149008326	1175.50791402035	47016648	1.16545365935859
GSE162694	GSM4957347	1	COL1A1	ENSG00000108821	303	14.3207836635306	408.911260792713	21158060	0.740992066133386
GSE162694	GSM4957348	2	COL1A1	ENSG00000108821	1061	26.4705731926942	960.876065298163	40082245	1.10420067511076
GSE162694	GSM4957349	4	COL1A1	ENSG00000108821	3975	99.4081501328656	3150.40323142246	39986661	1.26174324618288
GSE162694	GSM4957350	2	COL1A1	ENSG00000108821	1111	27.1111562285868	1154.34358122426	40979440	0.962451750129463
GSE162694	GSM4957351	2	COL1A1	ENSG00000108821	962	17.1381239259166	968.544561023646	56132165	0.993242891151308
GSE162694	GSM4957352	2	COL1A1	ENSG00000108821	237	6.64155393306098	270.857212217322	35684420	0.874999775933022
GSE162694	GSM4957353	2	COL1A1	ENSG00000108821	1117	26.5301867090985	1286.3035051448	42102983	0.868379815131001
GSE162694	GSM4957354	2	COL1A1	ENSG00000108821	2244	47.2835355947675	1919.41997548681	47458380	1.16910318151236
GSE162694	GSM4957355	3	COL1A1	ENSG00000108821	3193	72.8604266453752	3658.64702360125	43823515	0.872726988802841
GSE162694	GSM4957356	3	COL1A1	ENSG00000108821	1962	43.3195071538346	2099.60040265119	45291374	0.934463528165911
GSE162694	GSM4957357	2	COL1A1	ENSG00000108821	1324	27.7332512004581	1104.03471202687	47740526	1.19923765582452
GSE162694	GSM4957358	control	COL1A1	ENSG00000108821	503	19.1705114086457	486.772515206215	26238215	1.03333689616167
GSE162694	GSM4957359	1	COL1A1	ENSG00000108821	558	18.2068099799291	445.579601579131	30647873	1.25230149230901
GSE162694	GSM4957360	4	COL1A1	ENSG00000108821	2638	61.9975245173417	2572.34788871855	42550086	1.02552225209093
GSE162694	GSM4957361	1	COL1A1	ENSG00000108821	489	17.7102885802792	436.809557687941	27611069	1.11948099896968
GSE162694	GSM4957362	2	COL1A1	ENSG00000108821	708	23.3243912185644	637.365928250537	30354490	1.11082185071195
GSE162694	GSM4957363	0	COL1A1	ENSG00000108821	606	25.2286366007651	621.318534254586	24020323	0.975345119435454
GSE162694	GSM4957364	0	COL1A1	ENSG00000108821	557	17.197420115282	499.147378159472	32388579	1.11590288634561
GSE162694	GSM4957365	1	COL1A1	ENSG00000108821	2333	45.8451969816607	2102.68446599102	50888646	1.10953404456737
GSE162694	GSM4957366	4	COL1A1	ENSG00000108821	12354	284.318587146973	21077.7354757492	43451257	0.586116094597249
GSE162694	GSM4957367	1	COL1A1	ENSG00000108821	1395	36.5760074605616	1672.84369769726	38139756	0.833909349642332
GSE162694	GSM4957368	0	COL1A1	ENSG00000108821	1744	42.7012497167125	1817.45879386784	40841896	0.959581590451627
GSE162694	GSM4957369	0	COL1A1	ENSG00000108821	1809	42.1930722800448	1854.97990345338	42874337	0.975212721513702
GSE162694	GSM4957370	1	COL1A1	ENSG00000108821	2634	62.7484671947845	2285.51927178355	41977121	1.15247332740472
GSE162694	GSM4957371	0	COL1A1	ENSG00000108821	188	5.93051331116331	182.217772383537	31700460	1.03173251182268
GSE162694	GSM4957372	0	COL1A1	ENSG00000108821	768	18.0055386724976	825.337854600281	42653542	0.930528020397114
GSE162694	GSM4957373	0	COL1A1	ENSG00000108821	1875	49.580729485636	2166.00595210317	37817112	0.86564859075267
GSE162694	GSM4957374	3	COL1A1	ENSG00000108821	1044	23.0851452463606	1087.47156595465	45223887	0.960025101054951
GSE162694	GSM4957375	0	COL1A1	ENSG00000108821	2656	65.8009726206266	2638.63183623769	40364145	1.00658226112631
GSE162694	GSM4957376	1	COL1A1	ENSG00000108821	3461	71.2288340412003	2982.20875180593	48589873	1.16054920632371
GSE162694	GSM4957377	1	COL1A1	ENSG00000108821	1688	37.7276603359072	1765.89390336526	44741709	0.955889816926818
GSE162694	GSM4957378	0	COL1A1	ENSG00000108821	2456	68.3662337946486	3009.32736105038	35924167	0.816129222692062
GSE162694	GSM4957379	0	COL1A1	ENSG00000108821	1476	37.9439607289261	1477.96684128771	38899471	0.998669225024019
GSE162694	GSM4957380	0	COL1A1	ENSG00000108821	1047	27.8477954932373	1261.89108385729	37597231	0.829707106574984
GSE162694	GSM4957381	1	COL1A1	ENSG00000108821	686	25.6978502212413	690.688101736811	26694840	0.993212418564874
GSE162694	GSM4957382	0	COL1A1	ENSG00000108821	1469	38.1803529673568	1760.78828194732	38475286	0.83428542492081
GSE162694	GSM4957383	1	COL1A1	ENSG00000108821	2017	66.0845958183227	1918.11868811155	30521485	1.05155119571136
GSE162694	GSM4957384	2	COL1A1	ENSG00000108821	945	26.1687235791082	870.040762393581	36111811	1.08615600653031
GSE162694	GSM4957385	2	COL1A1	ENSG00000108821	1350	49.8362565189515	1296.42484604693	27088712	1.04132530637347
GSE162694	GSM4957386	0	COL1A1	ENSG00000108821	196	5.96021006334639	166.462543605602	32884747	1.1774420584632
GSE162694	GSM4957387	1	COL1A1	ENSG00000108821	390	11.4976299846869	408.051872476469	33920034	0.955760839015608
GSE162694	GSM4957388	0	COL1A1	ENSG00000108821	1979	50.6137447237601	1797.84774699589	39100051	1.10076061963913
GSE162694	GSM4957389	0	COL1A1	ENSG00000108821	372	12.7605887159349	354.877801180494	29152260	1.04824815404781
GSE162694	GSM4957390	2	COL1A1	ENSG00000108821	1083	44.9675984163433	1142.71359485944	24084008	0.947744040914481
GSE162694	GSM4957391	control	COL1A1	ENSG00000108821	86	3.23285835125878	101.837202753791	26601846	0.844485096550814
GSE162694	GSM4957392	1	COL1A1	ENSG00000108821	288	9.04862846042488	271.932559841604	31828028	1.05908612108736
GSE162694	GSM4957393	1	COL1A1	ENSG00000108821	704	23.3847980476882	662.041252002262	30105028	1.06337784521862
GSE162694	GSM4957394	0	COL1A1	ENSG00000108821	1254	29.5840064048666	1365.27484610446	42387768	0.918496377178589
GSE162694	GSM4957395	4	COL1A1	ENSG00000108821	2004	55.1502185726452	1613.59777928154	36337118	1.24194518964465
GSE162694	GSM4957396	2	COL1A1	ENSG00000108821	1250	52.4590406105997	1201.6313845887	23828114	1.04025245681133
GSE162694	GSM4957397	0	COL1A1	ENSG00000108821	1481	46.0530613982462	1616.20885861092	32158557	0.916341964164751
GSE162694	GSM4957398	control	COL1A1	ENSG00000108821	125	3.94566335455059	125.080154724075	31680351	0.999359173129805
GSE162694	GSM4957399	0	COL1A1	ENSG00000108821	559	23.9260448095014	618.385276954261	23363661	0.903967188147247
GSE162694	GSM4957400	2	COL1A1	ENSG00000108821	1439	57.5544218254367	1479.69961600341	25002423	0.972494676917373
GSE162694	GSM4957401	0	COL1A1	ENSG00000108821	1971	83.5395331449773	2074.87492605654	23593620	0.949936777030718
GSE162694	GSM4957402	control	COL1A1	ENSG00000108821	604	19.2653705920497	506.7251203806	31351590	1.19196774682561
GSE162694	GSM4957403	3	COL1A1	ENSG00000108821	2409	74.8557535222833	2236.2494145404	32181895	1.07725014228572
GSE162694	GSM4957404	control	COL1A1	ENSG00000108821	210	8.49203497667016	247.13863969512	24729055	0.849725483069195
GSE162694	GSM4957405	0	COL1A1	ENSG00000108821	362	10.2044040798561	332.298113889039	35474879	1.08938325217482
GSE162694	GSM4957406	control	COL1A1	ENSG00000108821	201	7.85783710570761	198.762601627503	25579558	1.01125663658141
GSE162694	GSM4957407	3	COL1A1	ENSG00000108821	1255	52.0598420209871	1434.13665309188	24106873	0.875090945688001
GSE162694	GSM4957408	0	COL1A1	ENSG00000108821	210	10.0687296279034	260.714449178523	20856653	0.80547894703068
GSE162694	GSM4957409	control	COL1A1	ENSG00000108821	367	12.3333236996745	403.938876530508	29756780	0.908553301806993
GSE162694	GSM4957410	0	COL1A1	ENSG00000108821	239	8.05886790574739	216.238249972679	29656771	1.10526236699657
GSE162694	GSM4957411	1	COL1A1	ENSG00000108821	519	14.4125710943807	476.894612805386	36010230	1.08829075872114
GSE162694	GSM4957412	1	COL1A1	ENSG00000108821	147	5.09712944233035	132.631232392934	28839762	1.10833622931662
GSE162694	GSM4957413	control	COL1A1	ENSG00000108821	231	6.75259001290183	229.634989155039	34209096	1.00594426332844
GSE162694	GSM4957414	0	COL1A1	ENSG00000108821	430	13.4370905886461	435.501822391835	32000975	0.987366706385709
GSE162694	GSM4957415	2	COL1A1	ENSG00000108821	643	28.0788772781009	690.527934662092	22899776	0.931171597445439
GSE162694	GSM4957416	0	COL1A1	ENSG00000108821	805	25.7693924281522	720.283854495846	31238610	1.11761494440751
GSE162694	GSM4957417	1	COL1A1	ENSG00000108821	352	12.6116493733605	348.464903191374	27910703	1.01014477147124
GSE162694	GSM4957418	control	COL1A1	ENSG00000108821	334	13.9389579644013	378.82173652414	23961619	0.881681191434791
GSE162694	GSM4957419	1	COL1A1	ENSG00000108821	195	7.26527245963973	209.495696133231	26840012	0.930806711542119
GSE162694	GSM4957420	1	COL1A1	ENSG00000108821	577	17.4551715195976	465.375008082494	33056106	1.2398603061592
GSE162694	GSM4957421	control	COL1A1	ENSG00000108821	413	13.6520779503901	365.677108142856	30251805	1.12941168808045
GSE162694	GSM4957422	0	COL1A1	ENSG00000108821	714	23.6881689440209	637.25351171522	30141629	1.12043321358593
GSE162694	GSM4957423	control	COL1A1	ENSG00000108821	315	10.656306346277	307.380139076024	29559961	1.02478969834187
GSE162694	GSM4957424	1	COL1A1	ENSG00000108821	905	28.3507021325492	776.916869022407	31921608	1.16486079281399
GSE162694	GSM4957425	control	COL1A1	ENSG00000108821	268	9.54619865026725	278.479507573696	28074002	0.962368837603165
GSE162694	GSM4957426	1	COL1A1	ENSG00000108821	505	17.0108088026523	484.634039152921	29687007	1.04202338094674
GSE162694	GSM4957427	control	COL1A1	ENSG00000108821	232	7.60884452087106	207.290698134833	30490832	1.1192012091594
GSE162694	GSM4957428	0	COL1A1	ENSG00000108821	250	9.81779738893715	255.717350524005	25463960	0.977641913963642
GSE162694	GSM4957429	control	COL1A1	ENSG00000108821	184	6.40566751180862	181.241856033538	28724563	1.01521802980185
GSE162694	GSM4957430	control	COL1A1	ENSG00000108821	299	10.4102505663751	281.506289653772	28721691	1.06214323085905
GSE162694	GSM4957431	1	COL1A1	ENSG00000108821	69	2.60541775098301	74.6726657557695	26483277	0.924032901486027
GSE162694	GSM4957432	2	COL1A1	ENSG00000108821	354	11.2314522797643	331.756477990671	31518631	1.06704773978808
GSE162694	GSM4957433	2	COL1A1	ENSG00000108821	1251	42.2922450931276	1097.21237158506	29579891	1.14016213487711
GSE162694	GSM4957434	control	COL1A1	ENSG00000108821	457	13.0810344321736	419.120465131153	34936075	1.09037863340077
GSE162694	GSM4957435	control	COL1A1	ENSG00000108821	265	10.0520113828218	267.480326887477	26362883	0.990727067981637
GSE162694	GSM4957436	0	COL1A1	ENSG00000108821	455	14.9093975571198	408.207490449725	30517665	1.11462922813769
GSE162694	GSM4957437	control	COL1A1	ENSG00000108821	167	5.1458712764306	147.80290725092	32453202	1.12988305241175
GSE162694	GSM4957438	control	COL1A1	ENSG00000108821	129	3.83696115531912	110.10050352932	33620356	1.17165676690704
GSE162694	GSM4957439	control	COL1A1	ENSG00000108821	276	7.91043620696074	248.272161638873	34890617	1.11168323576068
GSE162694	GSM4957440	control	COL1A1	ENSG00000108821	665	20.5770676162442	516.336411790285	32317530	1.28792001651454
GSE162694	GSM4957441	control	COL1A1	ENSG00000108821	38	1.58109930589324	48.8420221199983	24033911	0.778018565788269
GSE162694	GSM4957442	0	COL1A1	ENSG00000108821	396	11.3250490408942	326.753245972378	34966736	1.21192369129051
GSE162694	GSM4957443	1	COL1A1	ENSG00000108821	530	17.2350168194253	457.095935983709	30751348	1.15949401050656
GSE162694	GSM4957444	control	COL1A1	ENSG00000108821	189	6.24442998497306	179.823731282526	30266974	1.05102924209184
GSE162694	GSM4957445	2	COL1A1	ENSG00000108821	784	24.7958501361589	568.042367399936	31618194	1.38017874192827
GSE162694	GSM4957446	2	COL1A1	ENSG00000108821	472	14.2435346272699	382.546817193295	33137842	1.23383590919149
GSE162694	GSM4957447	1	COL1A1	ENSG00000108821	250	8.18257136519624	228.04549802063	30552743	1.09627246391588
GSE162694	GSM4957448	2	COL1A1	ENSG00000108821	909	25.7755367018264	647.84811069792	35265997	1.40310666186978
GSE162694	GSM4957449	0	COL1A1	ENSG00000108821	252	8.96579995606758	241.939303451397	28106806	1.04158355589638
GSE162694	GSM4957450	0	COL1A1	ENSG00000108821	395	10.4259639760509	303.074424941924	37886185	1.30331023502128
GSE162694	GSM4957451	4	COL1A1	ENSG00000108821	839	24.0729828569087	690.094528396779	34852349	1.2157754705709
GSE162694	GSM4957452	0	COL1A1	ENSG00000108821	1284	33.625892565797	1169.04563440263	38184860	1.09833180349381
GSE162694	GSM4957453	control	COL1A1	ENSG00000108821	157	4.93610634775102	158.639500916881	31806446	0.98966524158608
GSE162694	GSM4957454	1	COL1A1	ENSG00000108821	657	30.4049903058062	932.703714013907	21608295	0.704403756657716
GSE162694	GSM4957455	1	COL1A1	ENSG00000108821	1136	38.8944392592801	1008.64601549327	29207260	1.12626231854437
GSE162694	GSM4957456	control	COL1A1	ENSG00000108821	936	39.7929203633128	1019.36017478873	23521772	0.918223041423013
GSE162694	GSM4957457	2	COL1A1	ENSG00000108821	300	13.0866979342778	376.634887161364	22924041	0.796527380299396
GSE162694	GSM4957458	3	COL1A1	ENSG00000108821	905	29.8794425572339	952.528774329715	30288383	0.950102531691853
GSE162694	GSM4957459	0	COL1A1	ENSG00000108821	154	3.93699177015331	133.181979845475	39116160	1.15631258957616
GSE162694	GSM4957460	2	COL1A1	ENSG00000108821	342	13.3148669365925	392.582413433597	25685574	0.871154662810302
GSE162694	GSM4957461	0	COL1A1	ENSG00000108821	990	33.5602219028992	939.414963544515	29499209	1.05384738206066
GSE162694	GSM4957462	1	COL1A1	ENSG00000108821	119	4.24353512579068	127.953761306558	28042657	0.930023461482262
GSE162694	GSM4957463	control	COL1A1	ENSG00000108821	291	6.93374647978338	504.146701572346	41968653	0.577212940385054
GSE162694	GSM4957321	0	COL3A1	ENSG00000168542	6041	187.935586843103	6266.59465611378	32143992	0.964000439075202
GSE162694	GSM4957322	1	COL3A1	ENSG00000168542	5745	194.361947280041	5759.84571601602	29558255	0.997422549709146
GSE162694	GSM4957323	control	COL3A1	ENSG00000168542	3284	149.549134860076	4096.62274328404	21959338	0.801635934229911
GSE162694	GSM4957324	3	COL3A1	ENSG00000168542	13563	467.330342598313	11316.3210921379	29022297	1.19853439024658
GSE162694	GSM4957325	1	COL3A1	ENSG00000168542	3174	76.2457899063834	2367.87565409611	41628528	1.34044200949041
GSE162694	GSM4957326	control	COL3A1	ENSG00000168542	2397	98.7427864110317	3103.56009774641	24275191	0.772338838142859
GSE162694	GSM4957327	0	COL3A1	ENSG00000168542	4130	165.075783774226	4981.39059699523	25018812	0.829085758199972
GSE162694	GSM4957328	2	COL3A1	ENSG00000168542	3754	169.043261520868	4135.62956362383	22207333	0.90772153120759
GSE162694	GSM4957329	1	COL3A1	ENSG00000168542	3720	147.565198033289	4423.45631889628	25209196	0.840971342727805
GSE162694	GSM4957330	control	COL3A1	ENSG00000168542	1765	58.7147686438518	2709.67506207124	30060580	0.651369614277979
GSE162694	GSM4957331	control	COL3A1	ENSG00000168542	3408	151.280316211373	4056.5073379546	22527716	0.840131599938977
GSE162694	GSM4957332	1	COL3A1	ENSG00000168542	5598	180.564231290201	5430.28323388662	31002818	1.03088545456833
GSE162694	GSM4957333	2	COL3A1	ENSG00000168542	3337	134.75228254093	3652.86927345083	24763959	0.913528448514001
GSE162694	GSM4957334	2	COL3A1	ENSG00000168542	5680	223.372705263294	6317.54966036179	25428353	0.899082762362444
GSE162694	GSM4957335	4	COL3A1	ENSG00000168542	11164	177.405648965167	9749.25076965417	62929225	1.14511363629597
GSE162694	GSM4957336	control	COL3A1	ENSG00000168542	2471	68.4899422893934	2167.12368982411	36078290	1.14022102734734
GSE162694	GSM4957337	4	COL3A1	ENSG00000168542	13487	207.31488761149	10372.583561366	65055627	1.30025464921141
GSE162694	GSM4957338	4	COL3A1	ENSG00000168542	15787	259.507292192718	10451.5242132604	60834514	1.51049738563206
GSE162694	GSM4957339	4	COL3A1	ENSG00000168542	4812	77.9452466714367	4411.75232206891	61735644	1.09072306165714
GSE162694	GSM4957340	4	COL3A1	ENSG00000168542	13106	249.974170035116	9930.02954569052	52429417	1.31983494507202
GSE162694	GSM4957341	4	COL3A1	ENSG00000168542	4712	82.1558002805746	4947.09404113192	57354441	0.952478356146605
GSE162694	GSM4957342	4	COL3A1	ENSG00000168542	3602	67.08614442034	4211.71001165144	53692160	0.855234569814942
GSE162694	GSM4957343	2	COL3A1	ENSG00000168542	6717	132.593839899837	5869.01221461482	50658462	1.14448560581856
GSE162694	GSM4957344	2	COL3A1	ENSG00000168542	11501	264.180729296389	8012.85312458846	43534591	1.43531895832556
GSE162694	GSM4957345	3	COL3A1	ENSG00000168542	6408	173.489137841831	8726.70736093916	36936030	0.734297568941326
GSE162694	GSM4957346	2	COL3A1	ENSG00000168542	9714	206.607667990283	8334.95173488591	47016648	1.16545365935859
GSE162694	GSM4957347	1	COL3A1	ENSG00000168542	4316	203.988456408574	5824.62376759521	21158060	0.740992066133386
GSE162694	GSM4957348	2	COL3A1	ENSG00000168542	7867	196.271441382587	7124.61074995349	40082245	1.10420067511076
GSE162694	GSM4957349	4	COL3A1	ENSG00000168542	18249	456.377190383563	14463.3229107493	39986661	1.26174324618288
GSE162694	GSM4957350	2	COL3A1	ENSG00000168542	5758	140.509484756258	5982.63757037739	40979440	0.962451750129463
GSE162694	GSM4957351	2	COL3A1	ENSG00000168542	4505	80.2570148505763	4535.64786633215	56132165	0.993242891151308
GSE162694	GSM4957352	2	COL3A1	ENSG00000168542	4390	123.02287665037	5017.1441419158	35684420	0.874999775933022
GSE162694	GSM4957353	2	COL3A1	ENSG00000168542	8761	208.085018584075	10088.9033201196	42102983	0.868379815131001
GSE162694	GSM4957354	2	COL3A1	ENSG00000168542	10080	212.396630479169	8621.99347277496	47458380	1.16910318151236
GSE162694	GSM4957355	3	COL3A1	ENSG00000168542	12668	289.068551438651	14515.4213889698	43823515	0.872726988802841
GSE162694	GSM4957356	3	COL3A1	ENSG00000168542	9427	208.141179377777	10088.1411803225	45291374	0.934463528165911
GSE162694	GSM4957357	2	COL3A1	ENSG00000168542	5454	114.242561969259	4547.88921404423	47740526	1.19923765582452
GSE162694	GSM4957358	control	COL3A1	ENSG00000168542	4739	180.614420607499	4586.11321980567	26238215	1.03333689616167
GSE162694	GSM4957359	1	COL3A1	ENSG00000168542	6035	196.914154532029	4819.12705292125	30647873	1.25230149230901
GSE162694	GSM4957360	4	COL3A1	ENSG00000168542	5390	126.674244559694	5255.85865056595	42550086	1.02552225209093
GSE162694	GSM4957361	1	COL3A1	ENSG00000168542	9371	339.392871750094	8370.8432824002	27611069	1.11948099896968
GSE162694	GSM4957362	2	COL3A1	ENSG00000168542	6796	223.887800453903	6117.9927237156	30354490	1.11082185071195
GSE162694	GSM4957363	0	COL3A1	ENSG00000168542	5463	227.43241212868	5601.09431127525	24020323	0.975345119435454
GSE162694	GSM4957364	0	COL3A1	ENSG00000168542	3182	98.2445077321855	2851.5026163437	32388579	1.11590288634561
GSE162694	GSM4957365	1	COL3A1	ENSG00000168542	23364	459.120095276263	21057.4881540566	50888646	1.10953404456737
GSE162694	GSM4957366	4	COL3A1	ENSG00000168542	23354	537.475820319767	39845.3484135216	43451257	0.586116094597249
GSE162694	GSM4957367	1	COL3A1	ENSG00000168542	8258	216.51947642245	9902.75502192402	38139756	0.833909349642332
GSE162694	GSM4957368	0	COL3A1	ENSG00000168542	9175	224.646769581902	9561.458964299	40841896	0.959581590451627
GSE162694	GSM4957369	0	COL3A1	ENSG00000168542	9818	228.994794718342	10067.54709348	42874337	0.975212721513702
GSE162694	GSM4957370	1	COL3A1	ENSG00000168542	21147	503.77442512077	18349.2316022805	41977121	1.15247332740472
GSE162694	GSM4957371	0	COL3A1	ENSG00000168542	4638	146.307025197742	4495.35121444066	31700460	1.03173251182268
GSE162694	GSM4957372	0	COL3A1	ENSG00000168542	5941	139.285032881912	6384.54712783889	42653542	0.930528020397114
GSE162694	GSM4957373	0	COL3A1	ENSG00000168542	10697	282.861367097519	12357.2083571454	37817112	0.86564859075267
GSE162694	GSM4957374	3	COL3A1	ENSG00000168542	11218	248.054750357925	11685.1111368575	45223887	0.960025101054951
GSE162694	GSM4957375	0	COL3A1	ENSG00000168542	14568	360.914370910123	14472.7366680386	40364145	1.00658226112631
GSE162694	GSM4957376	1	COL3A1	ENSG00000168542	18999	391.00740189216	16370.6975081077	48589873	1.16054920632371
GSE162694	GSM4957377	1	COL3A1	ENSG00000168542	14031	313.600001287389	14678.469998885	44741709	0.955889816926818
GSE162694	GSM4957378	0	COL3A1	ENSG00000168542	13149	366.021013096838	16111.4191654933	35924167	0.816129222692062
GSE162694	GSM4957379	0	COL3A1	ENSG00000168542	10780	277.124591231588	10794.3648706515	38899471	0.998669225024019
GSE162694	GSM4957380	0	COL3A1	ENSG00000168542	10556	280.765357427519	12722.561873159	37597231	0.829707106574984
GSE162694	GSM4957381	1	COL3A1	ENSG00000168542	6416	240.346074372426	6459.84673577752	26694840	0.993212418564874
GSE162694	GSM4957382	0	COL3A1	ENSG00000168542	13059	339.412681688708	15652.916387985	38475286	0.83428542492081
GSE162694	GSM4957383	1	COL3A1	ENSG00000168542	8031	263.126122467501	7637.28863868311	30521485	1.05155119571136
GSE162694	GSM4957384	2	COL3A1	ENSG00000168542	6769	187.445597785168	6232.06975729328	36111811	1.08615600653031
GSE162694	GSM4957385	2	COL3A1	ENSG00000168542	8403	310.203010021296	8069.52443061653	27088712	1.04132530637347
GSE162694	GSM4957386	0	COL3A1	ENSG00000168542	1657	50.3881024232907	1407.28793242083	32884747	1.1774420584632
GSE162694	GSM4957387	1	COL3A1	ENSG00000168542	3238	95.4598099754263	3387.8768284072	33920034	0.955760839015608
GSE162694	GSM4957388	0	COL3A1	ENSG00000168542	11408	291.764325320189	10363.7428487767	39100051	1.10076061963913
GSE162694	GSM4957389	0	COL3A1	ENSG00000168542	6306	216.312560329799	6015.75111355967	29152260	1.04824815404781
GSE162694	GSM4957390	2	COL3A1	ENSG00000168542	5406	224.464300128118	5704.07173943688	24084008	0.947744040914481
GSE162694	GSM4957391	control	COL3A1	ENSG00000168542	2730	102.624456964378	3232.73911067267	26601846	0.844485096550814
GSE162694	GSM4957392	1	COL3A1	ENSG00000168542	5750	180.658380720288	5429.2090940598	31828028	1.05908612108736
GSE162694	GSM4957393	1	COL3A1	ENSG00000168542	12981	431.190431046933	12207.3259832974	30105028	1.06337784521862
GSE162694	GSM4957394	0	COL3A1	ENSG00000168542	7296	172.125128173769	7943.41728642594	42387768	0.918496377178589
GSE162694	GSM4957395	4	COL3A1	ENSG00000168542	18194	500.700138079195	14649.5997985271	36337118	1.24194518964465
GSE162694	GSM4957396	2	COL3A1	ENSG00000168542	4961	208.199440375348	4769.03463915563	23828114	1.04025245681133
GSE162694	GSM4957397	0	COL3A1	ENSG00000168542	4556	141.673023450648	4971.94298435607	32158557	0.916341964164751
GSE162694	GSM4957398	control	COL3A1	ENSG00000168542	6082	191.980196179013	6085.90000825461	31680351	0.999359173129805
GSE162694	GSM4957399	0	COL3A1	ENSG00000168542	7092	303.548318048272	7845.41750296891	23363661	0.903967188147247
GSE162694	GSM4957400	2	COL3A1	ENSG00000168542	7095	283.772496769613	7295.66975367909	25002423	0.972494676917373
GSE162694	GSM4957401	0	COL3A1	ENSG00000168542	11800	500.13520604299	12421.8793137835	23593620	0.949936777030718
GSE162694	GSM4957402	control	COL3A1	ENSG00000168542	2502	79.804564935941	2099.0500847554	31351590	1.19196774682561
GSE162694	GSM4957403	3	COL3A1	ENSG00000168542	23076	717.049135857289	21421.2085885987	32181895	1.07725014228572
GSE162694	GSM4957404	control	COL3A1	ENSG00000168542	2589	104.694659783805	3046.86637224127	24729055	0.849725483069195
GSE162694	GSM4957405	0	COL3A1	ENSG00000168542	3461	97.561995912657	3177.02699494465	35474879	1.08938325217482
GSE162694	GSM4957406	control	COL3A1	ENSG00000168542	3532	138.079008245569	3492.68412412111	25579558	1.01125663658141
GSE162694	GSM4957407	3	COL3A1	ENSG00000168542	10541	437.261191030458	12045.6051476028	24106873	0.875090945688001
GSE162694	GSM4957408	0	COL3A1	ENSG00000168542	528	25.3156630644428	655.510615077428	20856653	0.80547894703068
GSE162694	GSM4957409	control	COL3A1	ENSG00000168542	3845	129.214249660077	4232.00267100764	29756780	0.908553301806993
GSE162694	GSM4957410	0	COL3A1	ENSG00000168542	1644	55.4342210755176	1487.42963579533	29656771	1.10526236699657
GSE162694	GSM4957411	1	COL3A1	ENSG00000168542	2077	57.6780542640244	1908.49732330788	36010230	1.08829075872114
GSE162694	GSM4957412	1	COL3A1	ENSG00000168542	1781	61.7550172570772	1606.91309450214	28839762	1.10833622931662
GSE162694	GSM4957413	control	COL3A1	ENSG00000168542	2703	79.0140727483708	2687.0276003726	34209096	1.00594426332844
GSE162694	GSM4957414	0	COL3A1	ENSG00000168542	4979	155.58900939737	5042.70598532313	32000975	0.987366706385709
GSE162694	GSM4957415	2	COL3A1	ENSG00000168542	4707	205.54786212756	5054.92222154661	22899776	0.931171597445439
GSE162694	GSM4957416	0	COL3A1	ENSG00000168542	5221	167.132916605444	4671.55528487305	31238610	1.11761494440751
GSE162694	GSM4957417	1	COL3A1	ENSG00000168542	3662	131.204147742176	3625.2229417239	27910703	1.01014477147124
GSE162694	GSM4957418	control	COL3A1	ENSG00000168542	3346	139.639980086487	3795.02254613704	23961619	0.881681191434791
GSE162694	GSM4957419	1	COL3A1	ENSG00000168542	2126	79.2100987138158	2284.04025630384	26840012	0.930806711542119
GSE162694	GSM4957420	1	COL3A1	ENSG00000168542	3489	105.547822238953	2814.02669532032	33056106	1.2398603061592
GSE162694	GSM4957421	control	COL3A1	ENSG00000168542	3594	118.802828459327	3182.18771589691	30251805	1.12941168808045
GSE162694	GSM4957422	0	COL3A1	ENSG00000168542	3641	120.796390931625	3249.63590497915	30141629	1.12043321358593
GSE162694	GSM4957423	control	COL3A1	ENSG00000168542	1508	51.0149522863038	1471.52142770363	29559961	1.02478969834187
GSE162694	GSM4957424	1	COL3A1	ENSG00000168542	5705	178.719067034468	4897.58092571584	31921608	1.16486079281399
GSE162694	GSM4957425	control	COL3A1	ENSG00000168542	4082	145.401428695488	4241.61697729787	28074002	0.962368837603165
GSE162694	GSM4957426	1	COL3A1	ENSG00000168542	6728	226.631131929197	6456.66894142743	29687007	1.04202338094674
GSE162694	GSM4957427	control	COL3A1	ENSG00000168542	3207	105.179156803593	2865.43650395866	30490832	1.1192012091594
GSE162694	GSM4957428	0	COL3A1	ENSG00000168542	6470	254.084596425693	6617.96503156126	25463960	0.977641913963642
GSE162694	GSM4957429	control	COL3A1	ENSG00000168542	3036	105.693513944842	2990.49062455338	28724563	1.01521802980185
GSE162694	GSM4957430	control	COL3A1	ENSG00000168542	2683	93.413719965165	2526.02466602364	28721691	1.06214323085905
GSE162694	GSM4957431	1	COL3A1	ENSG00000168542	3205	121.019766549283	3468.49121372813	26483277	0.924032901486027
GSE162694	GSM4957432	2	COL3A1	ENSG00000168542	2370	75.1936211950322	2221.08150519178	31518631	1.06704773978808
GSE162694	GSM4957433	2	COL3A1	ENSG00000168542	9159	309.636029422826	8033.06803465031	29579891	1.14016213487711
GSE162694	GSM4957434	control	COL3A1	ENSG00000168542	2987	85.4990149866578	2739.41538150275	34936075	1.09037863340077
GSE162694	GSM4957435	control	COL3A1	ENSG00000168542	3489	132.345161187416	3521.65607739777	26362883	0.990727067981637
GSE162694	GSM4957436	0	COL3A1	ENSG00000168542	3486	114.228922822241	3127.49738836866	30517665	1.11462922813769
GSE162694	GSM4957437	control	COL3A1	ENSG00000168542	2396	73.8293866965731	2120.57344774374	32453202	1.12988305241175
GSE162694	GSM4957438	control	COL3A1	ENSG00000168542	2167	64.4549986323762	1849.51776083748	33620356	1.17165676690704
GSE162694	GSM4957439	control	COL3A1	ENSG00000168542	4466	128.000029348865	4017.33142709857	34890617	1.11168323576068
GSE162694	GSM4957440	control	COL3A1	ENSG00000168542	6608	204.471071891942	5130.7533971582	32317530	1.28792001651454
GSE162694	GSM4957441	control	COL3A1	ENSG00000168542	3444	143.297526565693	4426.62958371774	24033911	0.778018565788269
GSE162694	GSM4957442	0	COL3A1	ENSG00000168542	4579	130.953029187511	3778.2906901705	34966736	1.21192369129051
GSE162694	GSM4957443	1	COL3A1	ENSG00000168542	5250	170.724223211288	4527.83710172542	30751348	1.15949401050656
GSE162694	GSM4957444	control	COL3A1	ENSG00000168542	2995	98.9527397089646	2849.58769942415	30266974	1.05102924209184
GSE162694	GSM4957445	2	COL3A1	ENSG00000168542	6875	217.438099089404	4981.23887228898	31618194	1.38017874192827
GSE162694	GSM4957446	2	COL3A1	ENSG00000168542	8728	263.384682683924	7073.87419589635	33137842	1.23383590919149
GSE162694	GSM4957447	1	COL3A1	ENSG00000168542	4871	159.429220479484	4443.23848343396	30552743	1.09627246391588
GSE162694	GSM4957448	2	COL3A1	ENSG00000168542	6647	188.481839886733	4737.34476546653	35265997	1.40310666186978
GSE162694	GSM4957449	0	COL3A1	ENSG00000168542	3458	123.03069939715	3319.94488624972	28106806	1.04158355589638
GSE162694	GSM4957450	0	COL3A1	ENSG00000168542	3329	87.8684406994264	2554.26521678903	37886185	1.30331023502128
GSE162694	GSM4957451	4	COL3A1	ENSG00000168542	5194	149.028692441936	4272.17041775074	34852349	1.2157754705709
GSE162694	GSM4957452	0	COL3A1	ENSG00000168542	6319	165.484435454261	5753.27053254689	38184860	1.09833180349381
GSE162694	GSM4957453	control	COL3A1	ENSG00000168542	2736	86.020299155712	2764.57117521392	31806446	0.98966524158608
GSE162694	GSM4957454	1	COL3A1	ENSG00000168542	5024	232.503304865099	7132.27314947621	21608295	0.704403756657716
GSE162694	GSM4957455	1	COL3A1	ENSG00000168542	6177	211.488513472335	5484.51270924468	29207260	1.12626231854437
GSE162694	GSM4957456	control	COL3A1	ENSG00000168542	8106	344.616893659202	8827.92048807418	23521772	0.918223041423013
GSE162694	GSM4957457	2	COL3A1	ENSG00000168542	6162	268.800775570066	7736.08058229442	22924041	0.796527380299396
GSE162694	GSM4957458	3	COL3A1	ENSG00000168542	3516	116.084110531751	3700.65322711964	30288383	0.950102531691853
GSE162694	GSM4957459	0	COL3A1	ENSG00000168542	5459	139.558688787447	4721.04174010679	39116160	1.15631258957616
GSE162694	GSM4957460	2	COL3A1	ENSG00000168542	4413	171.8085023134	5065.6906154458	25685574	0.871154662810302
GSE162694	GSM4957461	0	COL3A1	ENSG00000168542	7759	263.024001762217	7362.54616377969	29499209	1.05384738206066
GSE162694	GSM4957462	1	COL3A1	ENSG00000168542	5495	195.951474926217	5908.45309562634	28042657	0.930023461482262
GSE162694	GSM4957463	control	COL3A1	ENSG00000168542	2897	69.0277098004551	5018.94499812744	41968653	0.577212940385054
GSE162694	GSM4957321	0	LUM	ENSG00000139329	976	30.3633724149757	1012.44767163831	32143992	0.964000439075202
GSE162694	GSM4957322	1	LUM	ENSG00000139329	1104	37.349972114389	1106.85285822136	29558255	0.997422549709146
GSE162694	GSM4957323	control	LUM	ENSG00000139329	366	16.6671691104714	456.566359330681	21959338	0.801635934229911
GSE162694	GSM4957324	3	LUM	ENSG00000139329	2555	88.0357609185793	2131.77028610281	29022297	1.19853439024658
GSE162694	GSM4957325	1	LUM	ENSG00000139329	287	6.89431055549214	214.108479119591	41628528	1.34044200949041
GSE162694	GSM4957326	control	LUM	ENSG00000139329	895	36.8689169119205	1158.81780871216	24275191	0.772338838142859
GSE162694	GSM4957327	0	LUM	ENSG00000139329	1078	43.0875774597131	1300.22737616486	25018812	0.829085758199972
GSE162694	GSM4957328	2	LUM	ENSG00000139329	897	40.3920632882841	988.188523860036	22207333	0.90772153120759
GSE162694	GSM4957329	1	LUM	ENSG00000139329	164	6.5055624939407	195.012590402954	25209196	0.840971342727805
GSE162694	GSM4957330	control	LUM	ENSG00000139329	243	8.08367636286459	373.060079367314	30060580	0.651369614277979
GSE162694	GSM4957331	control	LUM	ENSG00000139329	635	28.1875002330463	755.833967019124	22527716	0.840131599938977
GSE162694	GSM4957332	1	LUM	ENSG00000139329	731	23.5785017994171	709.099150405701	31002818	1.03088545456833
GSE162694	GSM4957333	2	LUM	ENSG00000139329	973	39.2909712053715	1065.10092989741	24763959	0.913528448514001
GSE162694	GSM4957334	2	LUM	ENSG00000139329	1638	64.4162836657176	1821.85675064659	25428353	0.899082762362444
GSE162694	GSM4957335	4	LUM	ENSG00000139329	6286	99.8899954671299	5489.41153153405	62929225	1.14511363629597
GSE162694	GSM4957336	control	LUM	ENSG00000139329	646	17.9055049449406	566.556820569152	36078290	1.14022102734734
GSE162694	GSM4957337	4	LUM	ENSG00000139329	10319	158.618100783196	7936.13774521659	65055627	1.30025464921141
GSE162694	GSM4957338	4	LUM	ENSG00000139329	13593	223.442238726523	8999.0225268163	60834514	1.51049738563206
GSE162694	GSM4957339	4	LUM	ENSG00000139329	3050	49.4041983266587	2796.31017919996	61735644	1.09072306165714
GSE162694	GSM4957340	4	LUM	ENSG00000139329	11314	215.794884768602	8572.28401342458	52429417	1.31983494507202
GSE162694	GSM4957341	4	LUM	ENSG00000139329	1225	21.3584158199711	1286.1184635795	57354441	0.952478356146605
GSE162694	GSM4957342	4	LUM	ENSG00000139329	1496	27.8625408253272	1749.22770056373	53692160	0.855234569814942
GSE162694	GSM4957343	2	LUM	ENSG00000139329	986	19.4636781511448	861.522412328453	50658462	1.14448560581856
GSE162694	GSM4957344	2	LUM	ENSG00000139329	1566	35.9713957115159	1091.04669099257	43534591	1.43531895832556
GSE162694	GSM4957345	3	LUM	ENSG00000139329	999	27.0467616579259	1360.48387228125	36936030	0.734297568941326
GSE162694	GSM4957346	2	LUM	ENSG00000139329	1763	37.497356255597	1512.71565869918	47016648	1.16545365935859
GSE162694	GSM4957347	1	LUM	ENSG00000139329	279	13.1864641654292	376.522250036854	21158060	0.740992066133386
GSE162694	GSM4957348	2	LUM	ENSG00000139329	1369	34.1547735163038	1239.8108703046	40082245	1.10420067511076
GSE162694	GSM4957349	4	LUM	ENSG00000139329	3102	77.5758696131192	2458.50335191761	39986661	1.26174324618288
GSE162694	GSM4957350	2	LUM	ENSG00000139329	1447	35.3103897954682	1503.45199102746	40979440	0.962451750129463
GSE162694	GSM4957351	2	LUM	ENSG00000139329	664	11.8292248303624	668.517243783473	56132165	0.993242891151308
GSE162694	GSM4957352	2	LUM	ENSG00000139329	826	23.1473567456049	944.000241736321	35684420	0.874999775933022
GSE162694	GSM4957353	2	LUM	ENSG00000139329	670	15.9133617682149	771.551789119978	42102983	0.868379815131001
GSE162694	GSM4957354	2	LUM	ENSG00000139329	2240	47.1992512175932	1915.99854950555	47458380	1.16910318151236
GSE162694	GSM4957355	3	LUM	ENSG00000139329	2072	47.2805524613897	2374.16743905474	43823515	0.872726988802841
GSE162694	GSM4957356	3	LUM	ENSG00000139329	1273	28.1068973531251	1362.27895646023	45291374	0.934463528165911
GSE162694	GSM4957357	2	LUM	ENSG00000139329	818	17.1342896389537	682.099995799079	47740526	1.19923765582452
GSE162694	GSM4957358	control	LUM	ENSG00000139329	448	17.0743322287739	433.546892271141	26238215	1.03333689616167
GSE162694	GSM4957359	1	LUM	ENSG00000139329	737	24.0473457978634	588.516427175304	30647873	1.25230149230901
GSE162694	GSM4957360	4	LUM	ENSG00000139329	299	7.02701282436891	291.558763732693	42550086	1.02552225209093
GSE162694	GSM4957361	1	LUM	ENSG00000139329	1436	52.0081276099813	1282.73726961121	27611069	1.11948099896968
GSE162694	GSM4957362	2	LUM	ENSG00000139329	1447	47.6700481543258	1302.63912172108	30354490	1.11082185071195
GSE162694	GSM4957363	0	LUM	ENSG00000139329	555	23.1054345106017	569.029350678705	24020323	0.975345119435454
GSE162694	GSM4957364	0	LUM	ENSG00000139329	290	8.95377348910553	259.879245361305	32388579	1.11590288634561
GSE162694	GSM4957365	1	LUM	ENSG00000139329	2381	46.7884329247039	2145.9458694919	50888646	1.10953404456737
GSE162694	GSM4957366	4	LUM	ENSG00000139329	1276	29.3662390480441	2177.04310078161	43451257	0.586116094597249
GSE162694	GSM4957367	1	LUM	ENSG00000139329	291	7.62983381435372	348.958792852978	38139756	0.833909349642332
GSE162694	GSM4957368	0	LUM	ENSG00000139329	383	9.37762536783307	399.132292460656	40841896	0.959581590451627
GSE162694	GSM4957369	0	LUM	ENSG00000139329	611	14.2509492333374	626.52997291875	42874337	0.975212721513702
GSE162694	GSM4957370	1	LUM	ENSG00000139329	2344	55.8399419531416	2033.88655013692	41977121	1.15247332740472
GSE162694	GSM4957371	0	LUM	ENSG00000139329	441	13.9114700543778	427.436370325212	31700460	1.03173251182268
GSE162694	GSM4957372	0	LUM	ENSG00000139329	670	15.7079569148091	720.021305445557	42653542	0.930528020397114
GSE162694	GSM4957373	0	LUM	ENSG00000139329	486	12.8513250826769	561.42874278514	37817112	0.86564859075267
GSE162694	GSM4957374	3	LUM	ENSG00000139329	1091	24.1244190266087	1136.42861921123	45223887	0.960025101054951
GSE162694	GSM4957375	0	LUM	ENSG00000139329	777	19.2497574270432	771.919027393329	40364145	1.00658226112631
GSE162694	GSM4957376	1	LUM	ENSG00000139329	277	5.70077637371063	238.680099465543	48589873	1.16054920632371
GSE162694	GSM4957377	1	LUM	ENSG00000139329	995	22.2387571292818	1040.91494896234	44741709	0.955889816926818
GSE162694	GSM4957378	0	LUM	ENSG00000139329	681	18.9565982142328	834.426682766819	35924167	0.816129222692062
GSE162694	GSM4957379	0	LUM	ENSG00000139329	704	18.0979324885935	704.938114001729	38899471	0.998669225024019
GSE162694	GSM4957380	0	LUM	ENSG00000139329	500	13.2988517159681	602.622294105677	37597231	0.829707106574984
GSE162694	GSM4957381	1	LUM	ENSG00000139329	1032	38.659156601051	1039.05265450786	26694840	0.993212418564874
GSE162694	GSM4957382	0	LUM	ENSG00000139329	637	16.5560822601812	763.527662083349	38475286	0.83428542492081
GSE162694	GSM4957383	1	LUM	ENSG00000139329	481	15.7593904752668	457.419478920007	30521485	1.05155119571136
GSE162694	GSM4957384	2	LUM	ENSG00000139329	429	11.8797697517856	394.970885785023	36111811	1.08615600653031
GSE162694	GSM4957385	2	LUM	ENSG00000139329	2425	89.5206830062648	2328.76314938059	27088712	1.04132530637347
GSE162694	GSM4957386	0	LUM	ENSG00000139329	416	12.6502417671025	353.308255815972	32884747	1.1774420584632
GSE162694	GSM4957387	1	LUM	ENSG00000139329	220	6.48584255546442	230.183107550829	33920034	0.955760839015608
GSE162694	GSM4957388	0	LUM	ENSG00000139329	2280	58.3119444013001	2071.29502938384	39100051	1.10076061963913
GSE162694	GSM4957389	0	LUM	ENSG00000139329	618	21.1990425442144	589.555056799853	29152260	1.04824815404781
GSE162694	GSM4957390	2	LUM	ENSG00000139329	916	38.0335366106837	966.505681340026	24084008	0.947744040914481
GSE162694	GSM4957391	control	LUM	ENSG00000139329	1215	45.6735220555746	1438.7465272774	26601846	0.844485096550814
GSE162694	GSM4957392	1	LUM	ENSG00000139329	1925	60.4812839802705	1817.6047836635	31828028	1.05908612108736
GSE162694	GSM4957393	1	LUM	ENSG00000139329	3252	108.021822799833	3058.17919248772	30105028	1.06337784521862
GSE162694	GSM4957394	0	LUM	ENSG00000139329	281	6.62927097270137	305.93479406328	42387768	0.918496377178589
GSE162694	GSM4957395	4	LUM	ENSG00000139329	16543	455.264503915803	13320.2335641988	36337118	1.24194518964465
GSE162694	GSM4957396	2	LUM	ENSG00000139329	368	15.4439415557606	353.760279622913	23828114	1.04025245681133
GSE162694	GSM4957397	0	LUM	ENSG00000139329	877	27.2711241365712	957.066285619025	32158557	0.916341964164751
GSE162694	GSM4957398	control	LUM	ENSG00000139329	1649	52.0511909732313	1650.05740112	31680351	0.999359173129805
GSE162694	GSM4957399	0	LUM	ENSG00000139329	1606	68.7392271271185	1776.61315704569	23363661	0.903967188147247
GSE162694	GSM4957400	2	LUM	ENSG00000139329	518	20.7179920122142	532.650730430693	25002423	0.972494676917373
GSE162694	GSM4957401	0	LUM	ENSG00000139329	3920	166.146610821061	4126.59041610433	23593620	0.949936777030718
GSE162694	GSM4957402	control	LUM	ENSG00000139329	304	9.69647791387933	255.040457939905	31351590	1.19196774682561
GSE162694	GSM4957403	3	LUM	ENSG00000139329	2692	83.6495178422526	2498.95534410244	32181895	1.07725014228572
GSE162694	GSM4957404	control	LUM	ENSG00000139329	298	12.0506020145129	350.701498234028	24729055	0.849725483069195
GSE162694	GSM4957405	0	LUM	ENSG00000139329	352	9.92251446439042	323.118607980502	35474879	1.08938325217482
GSE162694	GSM4957406	control	LUM	ENSG00000139329	403	15.754767928359	398.51407191982	25579558	1.01125663658141
GSE162694	GSM4957407	3	LUM	ENSG00000139329	1470	60.9784603751801	1679.82540242635	24106873	0.875090945688001
GSE162694	GSM4957408	0	LUM	ENSG00000139329	155	7.43168139202393	192.43209344129	20856653	0.80547894703068
GSE162694	GSM4957409	control	LUM	ENSG00000139329	314	10.5522170073509	345.604379374876	29756780	0.908553301806993
GSE162694	GSM4957410	0	LUM	ENSG00000139329	592	19.9617146451986	535.61943089467	29656771	1.10526236699657
GSE162694	GSM4957411	1	LUM	ENSG00000139329	252	6.99801139842761	231.555765755216	36010230	1.08829075872114
GSE162694	GSM4957412	1	LUM	ENSG00000139329	338	11.719930282365	304.961609175589	28839762	1.10833622931662
GSE162694	GSM4957413	control	LUM	ENSG00000139329	509	14.8790836215023	505.992248830799	34209096	1.00594426332844
GSE162694	GSM4957414	0	LUM	ENSG00000139329	293	9.15597102900771	296.748916187925	32000975	0.987366706385709
GSE162694	GSM4957415	2	LUM	ENSG00000139329	565	24.6727304232146	606.76249313232	22899776	0.931171597445439
GSE162694	GSM4957416	0	LUM	ENSG00000139329	589	18.8548722238281	527.015143227395	31238610	1.11761494440751
GSE162694	GSM4957417	1	LUM	ENSG00000139329	521	18.6666742145477	515.767655007687	27910703	1.01014477147124
GSE162694	GSM4957418	control	LUM	ENSG00000139329	458	19.113900442203	519.462141700767	23961619	0.881681191434791
GSE162694	GSM4957419	1	LUM	ENSG00000139329	301	11.2146000530849	323.375407877449	26840012	0.930806711542119
GSE162694	GSM4957420	1	LUM	ENSG00000139329	1191	36.0296521314398	960.592087740469	33056106	1.2398603061592
GSE162694	GSM4957421	control	LUM	ENSG00000139329	552	18.2468451056061	488.750033159459	30251805	1.12941168808045
GSE162694	GSM4957422	0	LUM	ENSG00000139329	595	19.7401407866841	531.044593096016	30141629	1.12043321358593
GSE162694	GSM4957423	control	LUM	ENSG00000139329	239	8.08526100558793	233.21858171165	29559961	1.02478969834187
GSE162694	GSM4957424	1	LUM	ENSG00000139329	599	18.7647188700519	514.224535408201	31921608	1.16486079281399
GSE162694	GSM4957425	control	LUM	ENSG00000139329	734	26.1451858555827	762.701337907064	28074002	0.962368837603165
GSE162694	GSM4957426	1	LUM	ENSG00000139329	1591	53.5924689208313	1526.83714117287	29687007	1.04202338094674
GSE162694	GSM4957427	control	LUM	ENSG00000139329	487	15.9720141451043	435.131767205446	30490832	1.1192012091594
GSE162694	GSM4957428	0	LUM	ENSG00000139329	3685	144.714333512934	3769.27374672384	25463960	0.977641913963642
GSE162694	GSM4957429	control	LUM	ENSG00000139329	271	9.43443421576161	266.937733614614	28724563	1.01521802980185
GSE162694	GSM4957430	control	LUM	ENSG00000139329	423	14.727545115641	398.251372988446	28721691	1.06214323085905
GSE162694	GSM4957431	1	LUM	ENSG00000139329	549	20.7300629752126	594.134688404601	26483277	0.924032901486027
GSE162694	GSM4957432	2	LUM	ENSG00000139329	504	15.990542228817	472.331256800277	31518631	1.06704773978808
GSE162694	GSM4957433	2	LUM	ENSG00000139329	1849	62.5086819961575	1621.69918070405	29579891	1.14016213487711
GSE162694	GSM4957434	control	LUM	ENSG00000139329	533	15.256436219581	488.821023883818	34936075	1.09037863340077
GSE162694	GSM4957435	control	LUM	ENSG00000139329	637	24.1627594371981	642.962144254049	26362883	0.990727067981637
GSE162694	GSM4957436	0	LUM	ENSG00000139329	601	19.6935119380857	539.192751121504	30517665	1.11462922813769
GSE162694	GSM4957437	control	LUM	ENSG00000139329	400	12.3254401830673	354.018939523162	32453202	1.12988305241175
GSE162694	GSM4957438	control	LUM	ENSG00000139329	391	11.6298590056572	333.715479689643	33620356	1.17165676690704
GSE162694	GSM4957439	control	LUM	ENSG00000139329	809	23.1867496066349	727.725285383508	34890617	1.11168323576068
GSE162694	GSM4957440	control	LUM	ENSG00000139329	2248	69.5597714305518	1745.45000557077	32317530	1.28792001651454
GSE162694	GSM4957441	control	LUM	ENSG00000139329	496	20.6375067295539	637.516920303136	24033911	0.778018565788269
GSE162694	GSM4957442	0	LUM	ENSG00000139329	627	17.9313276480825	517.359306122932	34966736	1.21192369129051
GSE162694	GSM4957443	1	LUM	ENSG00000139329	623	20.2592744877395	537.303336071417	30751348	1.15949401050656
GSE162694	GSM4957444	control	LUM	ENSG00000139329	567	18.7332899549192	539.471193847577	30266974	1.05102924209184
GSE162694	GSM4957445	2	LUM	ENSG00000139329	5291	167.340361059205	3833.5614361136	31618194	1.38017874192827
GSE162694	GSM4957446	2	LUM	ENSG00000139329	1673	50.4860877784377	1355.93395161945	33137842	1.23383590919149
GSE162694	GSM4957447	1	LUM	ENSG00000139329	786	25.726004372177	716.975045776861	30552743	1.09627246391588
GSE162694	GSM4957448	2	LUM	ENSG00000139329	1718	48.7154808071923	1224.42580217715	35265997	1.40310666186978
GSE162694	GSM4957449	0	LUM	ENSG00000139329	355	12.6303927952539	340.82719335415	28106806	1.04158355589638
GSE162694	GSM4957450	0	LUM	ENSG00000139329	803	21.1950609437187	616.123451211051	37886185	1.30331023502128
GSE162694	GSM4957451	4	LUM	ENSG00000139329	1281	36.7550548744935	1053.64849925658	34852349	1.2157754705709
GSE162694	GSM4957452	0	LUM	ENSG00000139329	352	9.21831322676055	320.486030615051	38184860	1.09833180349381
GSE162694	GSM4957453	control	LUM	ENSG00000139329	357	11.2241399117651	360.728037116729	31806446	0.98966524158608
GSE162694	GSM4957454	1	LUM	ENSG00000139329	835	38.6425675880489	1185.39969741494	21608295	0.704403756657716
GSE162694	GSM4957455	1	LUM	ENSG00000139329	464	15.8864611059031	411.982175342323	29207260	1.12626231854437
GSE162694	GSM4957456	control	LUM	ENSG00000139329	1302	55.3529725566594	1417.9561405715	23521772	0.918223041423013
GSE162694	GSM4957457	2	LUM	ENSG00000139329	666	29.0524694140968	836.129449498229	22924041	0.796527380299396
GSE162694	GSM4957458	3	LUM	ENSG00000139329	534	17.6305219066993	562.044602753666	30288383	0.950102531691853
GSE162694	GSM4957459	0	LUM	ENSG00000139329	872	22.2925767764525	754.121340423726	39116160	1.15631258957616
GSE162694	GSM4957460	2	LUM	ENSG00000139329	995	38.7376976664022	1142.16228469716	25685574	0.871154662810302
GSE162694	GSM4957461	0	LUM	ENSG00000139329	1174	39.7976772868723	1114.01330020329	29499209	1.05384738206066
GSE162694	GSM4957462	1	LUM	ENSG00000139329	836	29.8117257576556	898.902054220859	28042657	0.930023461482262
GSE162694	GSM4957463	control	LUM	ENSG00000139329	337	8.02980262435394	583.839994604401	41968653	0.577212940385054
GSE162694	GSM4957321	0	THBS2	ENSG00000186340	244	7.59084310374393	253.111917909578	32143992	0.964000439075202
GSE162694	GSM4957322	1	THBS2	ENSG00000186340	364	12.3146647188746	364.940616297621	29558255	0.997422549709146
GSE162694	GSM4957323	control	THBS2	ENSG00000186340	189	8.60681683573521	235.767874080598	21959338	0.801635934229911
GSE162694	GSM4957324	3	THBS2	ENSG00000186340	1187	40.8995883406472	990.376254248153	29022297	1.19853439024658
GSE162694	GSM4957325	1	THBS2	ENSG00000186340	281	6.75017862750275	209.632343667614	41628528	1.34044200949041
GSE162694	GSM4957326	control	THBS2	ENSG00000186340	235	9.68066533441488	304.270597818276	24275191	0.772338838142859
GSE162694	GSM4957327	0	THBS2	ENSG00000186340	145	5.7956388976423	174.891437424772	25018812	0.829085758199972
GSE162694	GSM4957328	2	THBS2	ENSG00000186340	242	10.8973013553676	266.601586147301	22207333	0.90772153120759
GSE162694	GSM4957329	1	THBS2	ENSG00000186340	96	3.80813414279456	114.153711455388	25209196	0.840971342727805
GSE162694	GSM4957330	control	THBS2	ENSG00000186340	142	4.72379441780564	218.002186296949	30060580	0.651369614277979
GSE162694	GSM4957331	control	THBS2	ENSG00000186340	188	8.34527565954756	223.774465826134	22527716	0.840131599938977
GSE162694	GSM4957332	1	THBS2	ENSG00000186340	340	10.9667450229847	329.813558328233	31002818	1.03088545456833
GSE162694	GSM4957333	2	THBS2	ENSG00000186340	190	7.67244042037059	207.984765344818	24763959	0.913528448514001
GSE162694	GSM4957334	2	THBS2	ENSG00000186340	342	13.4495537324026	380.387673211925	25428353	0.899082762362444
GSE162694	GSM4957335	4	THBS2	ENSG00000186340	2678	42.555744171329	2338.63252966086	62929225	1.14511363629597
GSE162694	GSM4957336	control	THBS2	ENSG00000186340	183	5.07230248440267	160.495198396524	36078290	1.14022102734734
GSE162694	GSM4957337	4	THBS2	ENSG00000186340	2871	44.1314630631413	2208.02902088544	65055627	1.30025464921141
GSE162694	GSM4957338	4	THBS2	ENSG00000186340	2866	47.1114144184665	1897.38825585636	60834514	1.51049738563206
GSE162694	GSM4957339	4	THBS2	ENSG00000186340	1108	17.9474923757173	1015.83989460772	61735644	1.09072306165714
GSE162694	GSM4957340	4	THBS2	ENSG00000186340	2890	55.1217267970002	2189.667738978	52429417	1.31983494507202
GSE162694	GSM4957341	4	THBS2	ENSG00000186340	552	9.62436370010127	579.540728078273	57354441	0.952478356146605
GSE162694	GSM4957342	4	THBS2	ENSG00000186340	372	6.92838582020168	434.968385434296	53692160	0.855234569814942
GSE162694	GSM4957343	2	THBS2	ENSG00000186340	988	19.5031582285305	863.269922292608	50658462	1.14448560581856
GSE162694	GSM4957344	2	THBS2	ENSG00000186340	686	15.7575845837164	477.942547906068	43534591	1.43531895832556
GSE162694	GSM4957345	3	THBS2	ENSG00000186340	240	6.49772051842063	326.842972319819	36936030	0.734297568941326
GSE162694	GSM4957346	2	THBS2	ENSG00000186340	980	20.8436807319824	840.874274262733	47016648	1.16545365935859
GSE162694	GSM4957347	1	THBS2	ENSG00000186340	94	4.44275136756394	126.856958793779	21158060	0.740992066133386
GSE162694	GSM4957348	2	THBS2	ENSG00000186340	472	11.7757875089082	427.458532347533	40082245	1.10420067511076
GSE162694	GSM4957349	4	THBS2	ENSG00000186340	1265	31.6355496649245	1002.5811541508	39986661	1.26174324618288
GSE162694	GSM4957350	2	THBS2	ENSG00000186340	660	16.1056373635169	685.748662113421	40979440	0.962451750129463
GSE162694	GSM4957351	2	THBS2	ENSG00000186340	461	8.21276001023656	464.13621895208	56132165	0.993242891151308
GSE162694	GSM4957352	2	THBS2	ENSG00000186340	208	5.82887433787631	237.714346587354	35684420	0.874999775933022
GSE162694	GSM4957353	2	THBS2	ENSG00000186340	438	10.4030633648927	504.387587514254	42102983	0.868379815131001
GSE162694	GSM4957354	2	THBS2	ENSG00000186340	568	11.9683815587468	485.842489338907	47458380	1.16910318151236
GSE162694	GSM4957355	3	THBS2	ENSG00000186340	1029	23.4805446345415	1179.06288358462	43823515	0.872726988802841
GSE162694	GSM4957356	3	THBS2	ENSG00000186340	494	10.9071541967351	528.645565193521	45291374	0.934463528165911
GSE162694	GSM4957357	2	THBS2	ENSG00000186340	481	10.0752974527344	401.088139339067	47740526	1.19923765582452
GSE162694	GSM4957358	control	THBS2	ENSG00000186340	209	7.96548088351285	202.257367153278	26238215	1.03333689616167
GSE162694	GSM4957359	1	THBS2	ENSG00000186340	197	6.4278522688997	157.310361130984	30647873	1.25230149230901
GSE162694	GSM4957360	4	THBS2	ENSG00000186340	336	7.89657628424065	327.637941853462	42550086	1.02552225209093
GSE162694	GSM4957361	1	THBS2	ENSG00000186340	497	18.0000274527582	443.955726320873	27611069	1.11948099896968
GSE162694	GSM4957362	2	THBS2	ENSG00000186340	596	19.6346570144977	536.539679713729	30354490	1.11082185071195
GSE162694	GSM4957363	0	THBS2	ENSG00000186340	283	11.7816900297302	290.153704940673	24020323	0.975345119435454
GSE162694	GSM4957364	0	THBS2	ENSG00000186340	110	3.39625890966072	98.5748861715296	32388579	1.11590288634561
GSE162694	GSM4957365	1	THBS2	ENSG00000186340	1097	21.5568714482991	988.703325843183	50888646	1.10953404456737
GSE162694	GSM4957366	4	THBS2	ENSG00000186340	7110	163.631629805324	12130.7025443238	43451257	0.586116094597249
GSE162694	GSM4957367	1	THBS2	ENSG00000186340	277	7.26276277173876	332.170397320532	38139756	0.833909349642332
GSE162694	GSM4957368	0	THBS2	ENSG00000186340	583	14.2745576747955	607.556466069353	40841896	0.959581590451627
GSE162694	GSM4957369	0	THBS2	ENSG00000186340	753	17.562953801478	772.139230127363	42874337	0.975212721513702
GSE162694	GSM4957370	1	THBS2	ENSG00000186340	1687	40.1885589056953	1463.80828075127	41977121	1.15247332740472
GSE162694	GSM4957371	0	THBS2	ENSG00000186340	157	4.95260952049276	152.171224809656	31700460	1.03173251182268
GSE162694	GSM4957372	0	THBS2	ENSG00000186340	228	5.34539429339772	245.022175584458	42653542	0.930528020397114
GSE162694	GSM4957373	0	THBS2	ENSG00000186340	404	10.6829945131717	466.702082479829	37817112	0.86564859075267
GSE162694	GSM4957374	3	THBS2	ENSG00000186340	531	11.7415824959938	553.110537856245	45223887	0.960025101054951
GSE162694	GSM4957375	0	THBS2	ENSG00000186340	737	18.2587789237205	732.180596124689	40364145	1.00658226112631
GSE162694	GSM4957376	1	THBS2	ENSG00000186340	334	6.87386032064747	287.794776972893	48589873	1.16054920632371
GSE162694	GSM4957377	1	THBS2	ENSG00000186340	453	10.1247808839846	473.903991839136	44741709	0.955889816926818
GSE162694	GSM4957378	0	THBS2	ENSG00000186340	630	17.5369410792462	771.936578771066	35924167	0.816129222692062
GSE162694	GSM4957379	0	THBS2	ENSG00000186340	608	15.6300326037853	608.810189365129	38899471	0.998669225024019
GSE162694	GSM4957380	0	THBS2	ENSG00000186340	220	5.85149475502598	265.153809406498	37597231	0.829707106574984
GSE162694	GSM4957381	1	THBS2	ENSG00000186340	266	9.96447253476702	267.817835367335	26694840	0.993212418564874
GSE162694	GSM4957382	0	THBS2	ENSG00000186340	511	13.2812528021234	612.500212440489	38475286	0.83428542492081
GSE162694	GSM4957383	1	THBS2	ENSG00000186340	280	9.1738655573279	266.273293342208	30521485	1.05155119571136
GSE162694	GSM4957384	2	THBS2	ENSG00000186340	272	7.53216170742586	250.42443108048	36111811	1.08615600653031
GSE162694	GSM4957385	2	THBS2	ENSG00000186340	504	18.6055357670752	483.998609190852	27088712	1.04132530637347
GSE162694	GSM4957386	0	THBS2	ENSG00000186340	221	6.72044093877323	187.695010902235	32884747	1.1774420584632
GSE162694	GSM4957387	1	THBS2	ENSG00000186340	187	5.51296617214476	195.655641418204	33920034	0.955760839015608
GSE162694	GSM4957388	0	THBS2	ENSG00000186340	854	21.8414037362765	775.827173286755	39100051	1.10076061963913
GSE162694	GSM4957389	0	THBS2	ENSG00000186340	237	8.12972990773271	226.091502364992	29152260	1.04824815404781
GSE162694	GSM4957390	2	THBS2	ENSG00000186340	290	12.0411851715047	305.989789943895	24084008	0.947744040914481
GSE162694	GSM4957391	control	THBS2	ENSG00000186340	166	6.240168445453	196.569484385224	26601846	0.844485096550814
GSE162694	GSM4957392	1	THBS2	ENSG00000186340	430	13.5101049929955	406.010419207951	31828028	1.05908612108736
GSE162694	GSM4957393	1	THBS2	ENSG00000186340	873	28.9984782608407	820.968768463032	30105028	1.06337784521862
GSE162694	GSM4957394	0	THBS2	ENSG00000186340	536	12.6451574425905	583.562454156292	42387768	0.918496377178589
GSE162694	GSM4957395	4	THBS2	ENSG00000186340	5184	142.66403846337	4174.09724939894	36337118	1.24194518964465
GSE162694	GSM4957396	2	THBS2	ENSG00000186340	433	18.1718116675117	416.245111621526	23828114	1.04025245681133
GSE162694	GSM4957397	0	THBS2	ENSG00000186340	707	21.9848172913977	771.546025008723	32158557	0.916341964164751
GSE162694	GSM4957398	control	THBS2	ENSG00000186340	199	6.28149606044453	199.127606320728	31680351	0.999359173129805
GSE162694	GSM4957399	0	THBS2	ENSG00000186340	555	23.7548387643529	613.960337584284	23363661	0.903967188147247
GSE162694	GSM4957400	2	THBS2	ENSG00000186340	597	23.8776857746947	613.885108237691	25002423	0.972494676917373
GSE162694	GSM4957401	0	THBS2	ENSG00000186340	1061	44.9697842043739	1116.91643660375	23593620	0.949936777030718
GSE162694	GSM4957402	control	THBS2	ENSG00000186340	139	4.43358694088561	116.613893597522	31351590	1.19196774682561
GSE162694	GSM4957403	3	THBS2	ENSG00000186340	2828	87.8754964553828	2625.20271661281	32181895	1.07725014228572
GSE162694	GSM4957404	control	THBS2	ENSG00000186340	66	2.66892527838205	77.6721439041807	24729055	0.849725483069195
GSE162694	GSM4957405	0	THBS2	ENSG00000186340	129	3.63637603950672	118.415626220127	35474879	1.08938325217482
GSE162694	GSM4957406	control	THBS2	ENSG00000186340	148	5.78587010768521	146.352562392391	25579558	1.01125663658141
GSE162694	GSM4957407	3	THBS2	ENSG00000186340	382	15.8461033083801	436.526056957051	24106873	0.875090945688001
GSE162694	GSM4957408	0	THBS2	ENSG00000186340	87	4.17133084584569	108.010271802531	20856653	0.80547894703068
GSE162694	GSM4957409	control	THBS2	ENSG00000186340	189	6.35149367639913	208.023018158763	29756780	0.908553301806993
GSE162694	GSM4957410	0	THBS2	ENSG00000186340	552	18.6129501421446	499.428928807193	29656771	1.10526236699657
GSE162694	GSM4957411	1	THBS2	ENSG00000186340	160	4.4431818402715	147.019533812836	36010230	1.08829075872114
GSE162694	GSM4957412	1	THBS2	ENSG00000186340	164	5.68659339144338	147.969538179872	28839762	1.10833622931662
GSE162694	GSM4957413	control	THBS2	ENSG00000186340	129	3.7709268903218	128.23772121645	34209096	1.00594426332844
GSE162694	GSM4957414	0	THBS2	ENSG00000186340	183	5.71857576214475	185.341473250479	32000975	0.987366706385709
GSE162694	GSM4957415	2	THBS2	ENSG00000186340	241	10.5241204106101	258.813736008654	22899776	0.931171597445439
GSE162694	GSM4957416	0	THBS2	ENSG00000186340	358	11.4601770053149	320.324993676413	31238610	1.11761494440751
GSE162694	GSM4957417	1	THBS2	ENSG00000186340	235	8.41970909869235	232.639921164696	27910703	1.01014477147124
GSE162694	GSM4957418	control	THBS2	ENSG00000186340	197	8.22148119457204	223.436772740286	23961619	0.881681191434791
GSE162694	GSM4957419	1	THBS2	ENSG00000186340	163	6.07302262010911	175.116915229316	26840012	0.930806711542119
GSE162694	GSM4957420	1	THBS2	ENSG00000186340	586	17.7274358933868	472.633890357611	33056106	1.2398603061592
GSE162694	GSM4957421	control	THBS2	ENSG00000186340	287	9.48703721976259	254.114600573849	30251805	1.12941168808045
GSE162694	GSM4957422	0	THBS2	ENSG00000186340	269	8.92453423801348	240.08570679467	30141629	1.12043321358593
GSE162694	GSM4957423	control	THBS2	ENSG00000186340	89	3.0108294121227	86.8470869135432	29559961	1.02478969834187
GSE162694	GSM4957424	1	THBS2	ENSG00000186340	337	10.5571122858222	289.304955647018	31921608	1.16486079281399
GSE162694	GSM4957425	control	THBS2	ENSG00000186340	257	9.15437706387568	267.049378531493	28074002	0.962368837603165
GSE162694	GSM4957426	1	THBS2	ENSG00000186340	787	26.5099139162126	755.26136398683	29687007	1.04202338094674
GSE162694	GSM4957427	control	THBS2	ENSG00000186340	356	11.6756407303021	318.084002310346	30490832	1.1192012091594
GSE162694	GSM4957428	0	THBS2	ENSG00000186340	530	20.8137304645468	542.120783110891	25463960	0.977641913963642
GSE162694	GSM4957429	control	THBS2	ENSG00000186340	123	4.2820494780025	121.156240718072	28724563	1.01521802980185
GSE162694	GSM4957430	control	THBS2	ENSG00000186340	143	4.97881548826634	134.633442877891	28721691	1.06214323085905
GSE162694	GSM4957431	1	THBS2	ENSG00000186340	172	6.49466453868228	186.140558115831	26483277	0.924032901486027
GSE162694	GSM4957432	2	THBS2	ENSG00000186340	273	8.66154370727586	255.846097433483	31518631	1.06704773978808
GSE162694	GSM4957433	2	THBS2	ENSG00000186340	994	33.6039101699192	871.805833217863	29579891	1.14016213487711
GSE162694	GSM4957434	control	THBS2	ENSG00000186340	338	9.67481321241725	309.984063926323	34936075	1.09037863340077
GSE162694	GSM4957435	control	THBS2	ENSG00000186340	222	8.42093029051489	224.077858751019	26362883	0.990727067981637
GSE162694	GSM4957436	0	THBS2	ENSG00000186340	229	7.50385063863831	205.449484204367	30517665	1.11462922813769
GSE162694	GSM4957437	control	THBS2	ENSG00000186340	181	5.57726168283795	160.193570134231	32453202	1.12988305241175
GSE162694	GSM4957438	control	THBS2	ENSG00000186340	178	5.29441151664188	151.921625024953	33620356	1.17165676690704
GSE162694	GSM4957439	control	THBS2	ENSG00000186340	181	5.18764113572426	162.816163973319	34890617	1.11168323576068
GSE162694	GSM4957440	control	THBS2	ENSG00000186340	845	26.1468002040998	656.096643553069	32317530	1.28792001651454
GSE162694	GSM4957441	control	THBS2	ENSG00000186340	187	7.78067290005359	240.354161485255	24033911	0.778018565788269
GSE162694	GSM4957442	0	THBS2	ENSG00000186340	310	8.86556869362928	255.791682453124	34966736	1.21192369129051
GSE162694	GSM4957443	1	THBS2	ENSG00000186340	388	12.6173330678057	334.628722946564	30751348	1.15949401050656
GSE162694	GSM4957444	control	THBS2	ENSG00000186340	267	8.82149632797782	254.03669974833	30266974	1.05102924209184
GSE162694	GSM4957445	2	THBS2	ENSG00000186340	1783	56.3915826438411	1291.86165953327	31618194	1.38017874192827
GSE162694	GSM4957446	2	THBS2	ENSG00000186340	430	12.9761014612841	348.506634307451	33137842	1.23383590919149
GSE162694	GSM4957447	1	THBS2	ENSG00000186340	413	13.5176078953042	376.731162730081	30552743	1.09627246391588
GSE162694	GSM4957448	2	THBS2	ENSG00000186340	1160	32.8928741189424	826.73686293684	35265997	1.40310666186978
GSE162694	GSM4957449	0	THBS2	ENSG00000186340	182	6.47529996827103	174.733941381564	28106806	1.04158355589638
GSE162694	GSM4957450	0	THBS2	ENSG00000186340	423	11.1650196503026	324.558181646668	37886185	1.30331023502128
GSE162694	GSM4957451	4	THBS2	ENSG00000186340	525	15.0635470797105	431.823155433026	34852349	1.2157754705709
GSE162694	GSM4957452	0	THBS2	ENSG00000186340	416	10.8943701770807	378.756217999605	38184860	1.09833180349381
GSE162694	GSM4957453	control	THBS2	ENSG00000186340	127	3.99290131314891	128.326220486904	31806446	0.98966524158608
GSE162694	GSM4957454	1	THBS2	ENSG00000186340	311	14.3926209818961	441.508150773707	21608295	0.704403756657716
GSE162694	GSM4957455	1	THBS2	ENSG00000186340	706	24.1720722861371	626.852189206207	29207260	1.12626231854437
GSE162694	GSM4957456	control	THBS2	ENSG00000186340	393	16.7079248961345	428.00058620937	23521772	0.918223041423013
GSE162694	GSM4957457	2	THBS2	ENSG00000186340	213	9.29155553333725	267.410769884569	22924041	0.796527380299396
GSE162694	GSM4957458	3	THBS2	ENSG00000186340	261	8.61716520158901	274.707193480724	30288383	0.950102531691853
GSE162694	GSM4957459	0	THBS2	ENSG00000186340	134	3.42569413766586	115.885618826582	39116160	1.15631258957616
GSE162694	GSM4957460	2	THBS2	ENSG00000186340	289	11.2514518850153	331.743618369326	25685574	0.871154662810302
GSE162694	GSM4957461	0	THBS2	ENSG00000186340	300	10.1697642129997	284.671201074096	29499209	1.05384738206066
GSE162694	GSM4957462	1	THBS2	ENSG00000186340	255	9.09328955526575	274.186631371195	28042657	0.930023461482262
GSE162694	GSM4957463	control	THBS2	ENSG00000186340	78	1.85852998427183	135.132105576093	41968653	0.577212940385054
GSE162694	GSM4957321	0	ALB	ENSG00000163631	4210221	130980.028865114	4367447.1808737	32143992	0.964000439075202
GSE162694	GSM4957322	1	ALB	ENSG00000163631	4004192	135467.807554945	4014539.27542308	29558255	0.997422549709146
GSE162694	GSM4957323	control	ALB	ENSG00000163631	1784762	81275.7652348172	2226399.69566051	21959338	0.801635934229911
GSE162694	GSM4957324	3	ALB	ENSG00000163631	2460307	84772.9936744841	2052762.95784373	29022297	1.19853439024658
GSE162694	GSM4957325	1	ALB	ENSG00000163631	4183833	100503.9861126	3121233.86940891	41628528	1.34044200949041
GSE162694	GSM4957326	control	ALB	ENSG00000163631	2484201	102334.972359229	3216465.20583301	24275191	0.772338838142859
GSE162694	GSM4957327	0	ALB	ENSG00000163631	2445757	97756.7200233169	2949944.53325309	25018812	0.829085758199972
GSE162694	GSM4957328	2	ALB	ENSG00000163631	1961135	88310.2441882598	2160502.89937598	22207333	0.90772153120759
GSE162694	GSM4957329	1	ALB	ENSG00000163631	3351516	132948.15114294	3985291.56668871	25209196	0.840971342727805
GSE162694	GSM4957330	control	ALB	ENSG00000163631	4621311	153733.261301013	7094759.87012775	30060580	0.651369614277979
GSE162694	GSM4957331	control	ALB	ENSG00000163631	2420039	107424.960435403	2880547.52395432	22527716	0.840131599938977
GSE162694	GSM4957332	1	ALB	ENSG00000163631	2705159	87255.2617636242	2624112.10480484	31002818	1.03088545456833
GSE162694	GSM4957333	2	ALB	ENSG00000163631	2220261	89656.9486324864	2430423.48994342	24763959	0.913528448514001
GSE162694	GSM4957334	2	ALB	ENSG00000163631	3394252	133482.966828406	3775238.65665182	25428353	0.899082762362444
GSE162694	GSM4957335	4	ALB	ENSG00000163631	4559082	72447.76969683	3981335.87400721	62929225	1.14511363629597
GSE162694	GSM4957336	control	ALB	ENSG00000163631	4534399	125682.203896027	3976771.95144263	36078290	1.14022102734734
GSE162694	GSM4957337	4	ALB	ENSG00000163631	2393940	36798.3541223882	1841131.65944218	65055627	1.30025464921141
GSE162694	GSM4957338	4	ALB	ENSG00000163631	4178015	68678.3657053626	2765986.2504507	60834514	1.51049738563206
GSE162694	GSM4957339	4	ALB	ENSG00000163631	6830243	110636.94419386	6262123.94338008	61735644	1.09072306165714
GSE162694	GSM4957340	4	ALB	ENSG00000163631	3383139	64527.4960810646	2563304.61064992	52429417	1.31983494507202
GSE162694	GSM4957341	4	ALB	ENSG00000163631	4471564	77963.6924715211	4694662.0583489	57354441	0.952478356146605
GSE162694	GSM4957342	4	ALB	ENSG00000163631	5312484	98943.3839130331	6211727.38743422	53692160	0.855234569814942
GSE162694	GSM4957343	2	ALB	ENSG00000163631	3151845	62217.5422538489	2753940.27148618	50658462	1.14448560581856
GSE162694	GSM4957344	2	ALB	ENSG00000163631	3604081	82786.6052537395	2510996.58309016	43534591	1.43531895832556
GSE162694	GSM4957345	3	ALB	ENSG00000163631	1420126	38448.2577039276	1933992.5121194	36936030	0.734297568941326
GSE162694	GSM4957346	2	ALB	ENSG00000163631	3499481	74430.6782567741	3002677.08792982	47016648	1.16545365935859
GSE162694	GSM4957347	1	ALB	ENSG00000163631	2142482	101260.79612214	2891369.68925971	21158060	0.740992066133386
GSE162694	GSM4957348	2	ALB	ENSG00000163631	2208445	55097.8369599807	2000039.53065731	40082245	1.10420067511076
GSE162694	GSM4957349	4	ALB	ENSG00000163631	1466363	36671.3039630891	1162172.2600348	39986661	1.26174324618288
GSE162694	GSM4957350	2	ALB	ENSG00000163631	2390772	58340.7679558335	2484043.48548216	40979440	0.962451750129463
GSE162694	GSM4957351	2	ALB	ENSG00000163631	3120158	55585.919410021	3141384.67820625	56132165	0.993242891151308
GSE162694	GSM4957352	2	ALB	ENSG00000163631	2553875	71568.3483155954	2918715.03312875	35684420	0.874999775933022
GSE162694	GSM4957353	2	ALB	ENSG00000163631	1216947	28904.0565130504	1401399.45539431	42102983	0.868379815131001
GSE162694	GSM4957354	2	ALB	ENSG00000163631	2184956	46039.413903298	1868916.30657743	47458380	1.16910318151236
GSE162694	GSM4957355	3	ALB	ENSG00000163631	2228179	50844.3697407659	2553122.60144091	43823515	0.872726988802841
GSE162694	GSM4957356	3	ALB	ENSG00000163631	2036042	44954.2996862935	2178835.16973228	45291374	0.934463528165911
GSE162694	GSM4957357	2	ALB	ENSG00000163631	3135625	65680.5708424746	2614681.90626832	47740526	1.19923765582452
GSE162694	GSM4957358	control	ALB	ENSG00000163631	2310938	88075.2749377197	2236383.90207877	26238215	1.03333689616167
GSE162694	GSM4957359	1	ALB	ENSG00000163631	2211564	72160.4399757204	1765999.652306	30647873	1.25230149230901
GSE162694	GSM4957360	4	ALB	ENSG00000163631	3471007	81574.6177340276	3384623.77868738	42550086	1.02552225209093
GSE162694	GSM4957361	1	ALB	ENSG00000163631	2934803	106290.814021	2621574.64280418	27611069	1.11948099896968
GSE162694	GSM4957362	2	ALB	ENSG00000163631	2485399	81879.1223308315	2237441.58292084	30354490	1.11082185071195
GSE162694	GSM4957363	0	ALB	ENSG00000163631	1825845	76012.5082414587	1871998.90953146	24020323	0.975345119435454
GSE162694	GSM4957364	0	ALB	ENSG00000163631	2888271	89175.6010660424	2588281.68234118	32388579	1.11590288634561
GSE162694	GSM4957365	1	ALB	ENSG00000163631	3601334	70768.9098271548	3245807.56907214	50888646	1.10953404456737
GSE162694	GSM4957366	4	ALB	ENSG00000163631	441388	10158.2331668794	753072.649034319	43451257	0.586116094597249
GSE162694	GSM4957367	1	ALB	ENSG00000163631	1386569	36354.9520348269	1662733.4860734	38139756	0.833909349642332
GSE162694	GSM4957368	0	ALB	ENSG00000163631	1887089	46204.7354510672	1966574.82675532	40841896	0.959581590451627
GSE162694	GSM4957369	0	ALB	ENSG00000163631	2339539	54567.3510939656	2399003.77465198	42874337	0.975212721513702
GSE162694	GSM4957370	1	ALB	ENSG00000163631	3676610	87586.0447885409	3190190.96804561	41977121	1.15247332740472
GSE162694	GSM4957371	0	ALB	ENSG00000163631	3886600	122603.89912323	3767061.67098859	31700460	1.03173251182268
GSE162694	GSM4957372	0	ALB	ENSG00000163631	2866115	67195.2401983404	3080095.31918969	42653542	0.930528020397114
GSE162694	GSM4957373	0	ALB	ENSG00000163631	1776846	46985.2377939384	2052618.13971771	37817112	0.86564859075267
GSE162694	GSM4957374	3	ALB	ENSG00000163631	3504359	77489.1154314091	3650278.51474835	45223887	0.960025101054951
GSE162694	GSM4957375	0	ALB	ENSG00000163631	2160888	53534.838902199	2146757.48168072	40364145	1.00658226112631
GSE162694	GSM4957376	1	ALB	ENSG00000163631	2530791	52084.7420202148	2180683.92637726	48589873	1.16054920632371
GSE162694	GSM4957377	1	ALB	ENSG00000163631	3282412	73363.5811721005	3433881.12507877	44741709	0.955889816926818
GSE162694	GSM4957378	0	ALB	ENSG00000163631	1813062	50469.1451857464	2221537.9006029	35924167	0.816129222692062
GSE162694	GSM4957379	0	ALB	ENSG00000163631	3168277	81447.81711813	3172498.88212366	38899471	0.998669225024019
GSE162694	GSM4957380	0	ALB	ENSG00000163631	1813066	48223.3917705269	2185187.98457001	37597231	0.829707106574984
GSE162694	GSM4957381	1	ALB	ENSG00000163631	2712928	101627.43061955	2731468.06190764	26694840	0.993212418564874
GSE162694	GSM4957382	0	ALB	ENSG00000163631	1983974	51564.8928509589	2378051.85220432	38475286	0.83428542492081
GSE162694	GSM4957383	1	ALB	ENSG00000163631	1408864	46159.74615914	1339795.91839741	30521485	1.05155119571136
GSE162694	GSM4957384	2	ALB	ENSG00000163631	3043311	84274.6712426026	2801909.65358812	36111811	1.08615600653031
GSE162694	GSM4957385	2	ALB	ENSG00000163631	2302405	84994.9971781604	2211033.36863902	27088712	1.04132530637347
GSE162694	GSM4957386	0	ALB	ENSG00000163631	3340098	101569.825062057	2836740.86210196	32884747	1.1774420584632
GSE162694	GSM4957387	1	ALB	ENSG00000163631	3792908	111819.109615279	3968469.77315636	33920034	0.955760839015608
GSE162694	GSM4957388	0	ALB	ENSG00000163631	3431591	87764.361228071	3117472.53560453	39100051	1.10076061963913
GSE162694	GSM4957389	0	ALB	ENSG00000163631	2738494	93937.6226748801	2612448.19695155	29152260	1.04824815404781
GSE162694	GSM4957390	2	ALB	ENSG00000163631	2064842	85734.9823168968	2178691.62016321	24084008	0.947744040914481
GSE162694	GSM4957391	control	ALB	ENSG00000163631	3220943	121079.679959052	3814090.99243493	26601846	0.844485096550814
GSE162694	GSM4957392	1	ALB	ENSG00000163631	3849368	120942.711248086	3634612.82643179	31828028	1.05908612108736
GSE162694	GSM4957393	1	ALB	ENSG00000163631	2689537	89338.4653221382	2529239.2653216	30105028	1.06337784521862
GSE162694	GSM4957394	0	ALB	ENSG00000163631	4540665	107122.059363918	4943585.09496563	42387768	0.918496377178589
GSE162694	GSM4957395	4	ALB	ENSG00000163631	1378504	37936.5254008312	1109955.58539457	36337118	1.24194518964465
GSE162694	GSM4957396	2	ALB	ENSG00000163631	1184362	49704.3954045209	1138533.23993139	23828114	1.04025245681133
GSE162694	GSM4957397	0	ALB	ENSG00000163631	2392500	74396.9948651614	2610924.84417733	32158557	0.916341964164751
GSE162694	GSM4957398	control	ALB	ENSG00000163631	3722945	117515.901260059	3725332.29303378	31680351	0.999359173129805
GSE162694	GSM4957399	0	ALB	ENSG00000163631	2716597	116274.457158063	3005194.25441523	23363661	0.903967188147247
GSE162694	GSM4957400	2	ALB	ENSG00000163631	1788650	71539.0664336812	1839238.85904413	25002423	0.972494676917373
GSE162694	GSM4957401	0	ALB	ENSG00000163631	2074449	87924.150681413	2183775.85767786	23593620	0.949936777030718
GSE162694	GSM4957402	control	ALB	ENSG00000163631	2919200	93111.7050203833	2449059.55532293	31351590	1.19196774682561
GSE162694	GSM4957403	3	ALB	ENSG00000163631	1765100	54847.6091914413	1638523.803074	32181895	1.07725014228572
GSE162694	GSM4957404	control	ALB	ENSG00000163631	2536303	102563.684702064	2984849.87273644	24729055	0.849725483069195
GSE162694	GSM4957405	0	ALB	ENSG00000163631	4569205	128801.144043367	4194304.42948168	35474879	1.08938325217482
GSE162694	GSM4957406	control	ALB	ENSG00000163631	2357246	92153.5078909495	2331006.70465685	25579558	1.01125663658141
GSE162694	GSM4957407	3	ALB	ENSG00000163631	1991657	82617.8077928232	2275942.87178249	24106873	0.875090945688001
GSE162694	GSM4957408	0	ALB	ENSG00000163631	1300051	62332.6762927877	1614009.90651899	20856653	0.80547894703068
GSE162694	GSM4957409	control	ALB	ENSG00000163631	2306300	77505.0257453932	2538431.14698177	29756780	0.908553301806993
GSE162694	GSM4957410	0	ALB	ENSG00000163631	2579166	86967.1887070915	2333532.81267379	29656771	1.10526236699657
GSE162694	GSM4957411	1	ALB	ENSG00000163631	2491884	69199.3358553944	2289722.6499729	36010230	1.08829075872114
GSE162694	GSM4957412	1	ALB	ENSG00000163631	2671219	92622.7823932805	2410116.10858109	28839762	1.10833622931662
GSE162694	GSM4957413	control	ALB	ENSG00000163631	4196080	122659.774464663	4171284.7848211	34209096	1.00594426332844
GSE162694	GSM4957414	0	ALB	ENSG00000163631	3315139	103594.937341753	3357555.99065638	32000975	0.987366706385709
GSE162694	GSM4957415	2	ALB	ENSG00000163631	1657055	72361.1881618405	1779537.73992456	22899776	0.931171597445439
GSE162694	GSM4957416	0	ALB	ENSG00000163631	2084557	66730.1458035425	1865183.54146124	31238610	1.11761494440751
GSE162694	GSM4957417	1	ALB	ENSG00000163631	3363119	120495.675082064	3329343.57032975	27910703	1.01014477147124
GSE162694	GSM4957418	control	ALB	ENSG00000163631	2707103	112976.631503906	3070387.60302308	23961619	0.881681191434791
GSE162694	GSM4957419	1	ALB	ENSG00000163631	2403623	89553.7230013161	2582300.89039408	26840012	0.930806711542119
GSE162694	GSM4957420	1	ALB	ENSG00000163631	3668842	110988.329962398	2959076.9071116	33056106	1.2398603061592
GSE162694	GSM4957421	control	ALB	ENSG00000163631	2888969	95497.4091628582	2557941.47562799	30251805	1.12941168808045
GSE162694	GSM4957422	0	ALB	ENSG00000163631	2870652	95238.7808900441	2562091.13152986	30141629	1.12043321358593
GSE162694	GSM4957423	control	ALB	ENSG00000163631	3220124	108935.326403171	3142229.08876839	29559961	1.02478969834187
GSE162694	GSM4957424	1	ALB	ENSG00000163631	3261461	102170.94953362	2799871.89895988	31921608	1.16486079281399
GSE162694	GSM4957425	control	ALB	ENSG00000163631	3286495	117065.425869814	3415005.63150528	28074002	0.962368837603165
GSE162694	GSM4957426	1	ALB	ENSG00000163631	3467737	116809.922940362	3327887.89906937	29687007	1.04202338094674
GSE162694	GSM4957427	control	ALB	ENSG00000163631	3206789	105172.236690688	2865247.97664268	30490832	1.1192012091594
GSE162694	GSM4957428	0	ALB	ENSG00000163631	3202393	125761.782535002	3275629.81318648	25463960	0.977641913963642
GSE162694	GSM4957429	control	ALB	ENSG00000163631	3725434	129695.062723844	3669590.06896983	28724563	1.01521802980185
GSE162694	GSM4957430	control	ALB	ENSG00000163631	3320138	115596.884598473	3125885.383005	28721691	1.06214323085905
GSE162694	GSM4957431	1	ALB	ENSG00000163631	3140993	118602.88286831	3399222.03522046	26483277	0.924032901486027
GSE162694	GSM4957432	2	ALB	ENSG00000163631	3241998	102859.733977659	3038287.67834124	31518631	1.06704773978808
GSE162694	GSM4957433	2	ALB	ENSG00000163631	2869265	97000.5264725282	2516541.21131575	29579891	1.14016213487711
GSE162694	GSM4957434	control	ALB	ENSG00000163631	3475719	99487.964804289	3187625.74167437	34936075	1.09037863340077
GSE162694	GSM4957435	control	ALB	ENSG00000163631	2512901	95319.6583241674	2536421.06005988	26362883	0.990727067981637
GSE162694	GSM4957436	0	ALB	ENSG00000163631	3922269	128524.544718608	3518900.18760165	30517665	1.11462922813769
GSE162694	GSM4957437	control	ALB	ENSG00000163631	3365870	103714.573372452	2978954.31993206	32453202	1.12988305241175
GSE162694	GSM4957438	control	ALB	ENSG00000163631	3962076	117847.532607924	3381601.26063126	33620356	1.17165676690704
GSE162694	GSM4957439	control	ALB	ENSG00000163631	5013146	143681.781265146	4509509.39866402	34890617	1.11168323576068
GSE162694	GSM4957440	control	ALB	ENSG00000163631	3585409	110943.163044948	2783875.51557984	32317530	1.28792001651454
GSE162694	GSM4957441	control	ALB	ENSG00000163631	3335344	138776.581139874	4286972.24804747	24033911	0.778018565788269
GSE162694	GSM4957442	0	ALB	ENSG00000163631	4453290	127357.898089201	3674563.03726346	34966736	1.21192369129051
GSE162694	GSM4957443	1	ALB	ENSG00000163631	3431247	111580.37689925	2959262.37557791	30751348	1.15949401050656
GSE162694	GSM4957444	control	ALB	ENSG00000163631	4352953	143818.572679251	4141609.79130933	30266974	1.05102924209184
GSE162694	GSM4957445	2	ALB	ENSG00000163631	1751773	55403.9550772571	1269236.32916746	31618194	1.38017874192827
GSE162694	GSM4957446	2	ALB	ENSG00000163631	4091303	123463.169388037	3315921.48479529	33137842	1.23383590919149
GSE162694	GSM4957447	1	ALB	ENSG00000163631	3565670	116705.396958957	3252539.96370888	30552743	1.09627246391588
GSE162694	GSM4957448	2	ALB	ENSG00000163631	3493930	99073.6204055141	2490138.55820768	35265997	1.40310666186978
GSE162694	GSM4957449	0	ALB	ENSG00000163631	3152251	112152.586814738	3026402.42557131	28106806	1.04158355589638
GSE162694	GSM4957450	0	ALB	ENSG00000163631	4171662	110110.374005723	3200820.40937235	37886185	1.30331023502128
GSE162694	GSM4957451	4	ALB	ENSG00000163631	4148822	119039.953375883	3412490.2997523	34852349	1.2157754705709
GSE162694	GSM4957452	0	ALB	ENSG00000163631	4450262	116545.196185085	4051837.51016192	38184860	1.09833180349381
GSE162694	GSM4957453	control	ALB	ENSG00000163631	3674727	115534.033572943	3713101.0018203	31806446	0.98966524158608
GSE162694	GSM4957454	1	ALB	ENSG00000163631	2054635	95085.4752769712	2916842.7632313	21608295	0.704403756657716
GSE162694	GSM4957455	1	ALB	ENSG00000163631	2344738	80279.2867252868	2081875.56432717	29207260	1.12626231854437
GSE162694	GSM4957456	control	ALB	ENSG00000163631	2184411	92867.6206877611	2378954.67817353	23521772	0.918223041423013
GSE162694	GSM4957457	2	ALB	ENSG00000163631	2957260	129002.561110408	3712690.95468939	22924041	0.796527380299396
GSE162694	GSM4957458	3	ALB	ENSG00000163631	2396730	79130.3385195572	2522601.42464006	30288383	0.950102531691853
GSE162694	GSM4957459	0	ALB	ENSG00000163631	5109575	130625.680025851	4418852.69265546	39116160	1.15631258957616
GSE162694	GSM4957460	2	ALB	ENSG00000163631	2136135	83164.7756830352	2452073.19801163	25685574	0.871154662810302
GSE162694	GSM4957461	0	ALB	ENSG00000163631	2456706	83280.4025355392	2331178.15901979	29499209	1.05384738206066
GSE162694	GSM4957462	1	ALB	ENSG00000163631	2753689	98196.4369496086	2960881.2186428	28042657	0.930023461482262
GSE162694	GSM4957463	control	ALB	ENSG00000163631	3170816	75552.0078283189	5493321.05736364	41968653	0.577212940385054
