cohort	gsm	stage	gene	raw	cpm	norm	lib_size	size_factor
GSE135251	GSM3998167	2	POSTN	181	7.7721841430525	181.855272462766	23288177	0.995296960867928
GSE135251	GSM3998168	3	POSTN	87	4.36204360238619	96.551138951802	19944780	0.901076889869006
GSE135251	GSM3998169	2	POSTN	214	8.72574340173759	195.435268561571	24525131	1.09499171554381
GSE135251	GSM3998170	3	POSTN	61	2.17494571638558	49.6563819070538	28046677	1.22844230000847
GSE135251	GSM3998171	0	POSTN	60	2.11042674270863	48.8893301558115	28430269	1.22726165011422
GSE135251	GSM3998172	1	POSTN	122	4.89316574748682	127.133655529688	24932734	0.959620011646014
GSE135251	GSM3998173	3	POSTN	88	3.55512190250409	76.4858409905081	24753019	1.15053974513951
GSE135251	GSM3998174	2	POSTN	92	3.74449564228214	96.9963222309432	24569397	0.948489570366934
GSE135251	GSM3998175	0	POSTN	579	30.8854094765184	787.92749655917	18746716	0.734839185748
GSE135251	GSM3998176	2	POSTN	253	10.5173689151305	265.105634852485	24055446	0.954336561502283
GSE135251	GSM3998177	1	POSTN	514	19.2724818093456	475.769014960507	26670151	1.08035618932155
GSE135251	GSM3998178	2	POSTN	94	3.77055438501235	95.6237126634143	24930021	0.983019769697401
GSE135251	GSM3998179	3	POSTN	500	22.7379606022995	551.925800916825	21989659	0.905918873822226
GSE135251	GSM3998180	2	POSTN	345	14.7702361332635	350.206550300951	23357785	0.985132915713666
GSE135251	GSM3998181	1	POSTN	264	11.5274771827999	306.717499057532	22901802	0.860726893024389
GSE135251	GSM3998182	2	POSTN	215	8.30663073514416	234.154162202041	25882937	0.91819849785325
GSE135251	GSM3998183	1	POSTN	209	9.53956578270038	235.156335953615	21908754	0.888770439258868
GSE135251	GSM3998184	2	POSTN	420	15.8624103589697	383.971247131439	26477691	1.09383190313786
GSE135251	GSM3998185	3	POSTN	112	4.0234950556814	101.558386900327	27836495	1.10281389276024
GSE135251	GSM3998186	2	POSTN	153	5.96422587154882	141.470365808572	25652952	1.08149858187989
GSE135251	GSM3998187	2	POSTN	399	17.5256458617777	370.3056195692	22766636	1.07748837423581
GSE135251	GSM3998188	3	POSTN	459	16.8120826350123	376.845114159859	27301793	1.21800703459642
GSE135251	GSM3998189	0	POSTN	275	10.8137989264926	266.914418597415	25430471	1.03029278614874
GSE135251	GSM3998190	3	POSTN	314	14.5448407481218	348.058540041962	21588411	0.902147092733722
GSE135251	GSM3998191	4	POSTN	111	4.47247265606774	96.1172122303853	24818486	1.15483998572432
GSE135251	GSM3998192	1	POSTN	113	5.28588053367373	122.351857542592	21377706	0.923565871982476
GSE135251	GSM3998193	3	POSTN	162	8.13408221116891	190.809262395185	19916199	0.849015388280688
GSE135251	GSM3998194	1	POSTN	187	9.3260488413656	200.689033665717	20051364	0.931789827198437
GSE135251	GSM3998195	3	POSTN	127	5.32477523159418	115.968407139771	23850772	1.09512584618786
GSE135251	GSM3998196	1	POSTN	279	14.582033450453	325.852735668495	19133134	0.856214999783949
GSE135251	GSM3998197	1	POSTN	120	4.050066243896	94.1409478895995	29629145	1.27468442468548
GSE135251	GSM3998198	1	POSTN	169	5.23933612960939	122.664615326878	32255995	1.37774043109048
GSE135251	GSM3998199	2	POSTN	393	16.1919766901457	329.880953284219	24271280	1.191338863573
GSE135251	GSM3998200	3	POSTN	119	4.30517216510111	107.613646549085	27641171	1.10580770948712
GSE135251	GSM3998201	4	POSTN	27	1.181335993877	26.312015022413	22855479	1.02614717941598
GSE135251	GSM3998202	0	POSTN	150	6.32253182161879	148.137043806627	23724673	1.01257589692288
GSE135251	GSM3998203	3	POSTN	25	1.06926424312366	26.3666631884818	23380563	0.948167002448805
GSE135251	GSM3998204	1	POSTN	224	10.9703956527065	277.460312957549	20418589	0.807322667563889
GSE135251	GSM3998205	1	POSTN	145	6.77391787479492	168.509246930334	21405633	0.860486902893506
GSE135251	GSM3998206	0	POSTN	110	5.22279245619858	106.573037087055	21061530	1.03215600311874
GSE135251	GSM3998207	3	POSTN	84	4.01614663066096	85.5622633801762	20915571	0.981741210219806
GSE135251	GSM3998208	4	POSTN	115	4.82173884732853	129.626429453478	23850317	0.887164758644169
GSE135251	GSM3998209	3	POSTN	140	6.46303132234267	139.347410628951	21661662	1.00468318261605
GSE135251	GSM3998210	3	POSTN	95	4.99239789179971	109.753463981547	19028932	0.865576324916473
GSE135251	GSM3998211	2	POSTN	138	6.89517923543754	151.737349657212	20013983	0.909466260691608
GSE135251	GSM3998212	1	POSTN	222	10.3276675842008	235.176552426561	21495657	0.943971657503246
GSE135251	GSM3998213	0	POSTN	315	10.3190300111789	246.219282874006	30526125	1.27934740253951
GSE135251	GSM3998214	4	POSTN	77	3.78421817855848	82.0874849096266	20347664	0.938023623025755
GSE135251	GSM3998215	2	POSTN	248	10.7199186116115	243.332812603981	23134504	1.01918026322087
GSE135251	GSM3998216	control	POSTN	220	8.80783509778959	233.889561613213	24977761	0.940614871747964
GSE135251	GSM3998217	control	POSTN	170	8.63557551310431	222.111241810609	19686007	0.765382240962644
GSE135251	GSM3998218	control	POSTN	169	7.37209405902133	170.213509470701	22924287	0.992870663001574
GSE135251	GSM3998219	0	POSTN	330	11.0225271060642	295.29383411578	29938688	1.11753095349296
GSE135251	GSM3998220	control	POSTN	136	5.90464860828301	154.70510143182	23032700	0.87909188993316
GSE135251	GSM3998221	control	POSTN	80	3.7684967240458	97.6401222145468	21228624	0.819335312016655
GSE135251	GSM3998222	control	POSTN	204	9.31563806572466	230.587192853638	21898661	0.884697877082385
GSE135251	GSM3998223	control	POSTN	241	11.4872329891596	275.151238783585	20979813	0.875881937022837
GSE135251	GSM3998225	3	POSTN	203	6.7490074387693	129.304067603942	30078497	1.56994287775841
GSE135251	GSM3998226	4	POSTN	272	8.86457215077334	198.196011283877	30683940	1.37237877915925
GSE135251	GSM3998227	4	POSTN	94	4.29779101314525	89.4600703406485	21871701	1.05074811189019
GSE135251	GSM3998228	1	POSTN	274	9.3464820370337	223.586977228731	29315843	1.22547387775495
GSE135251	GSM3998229	3	POSTN	55	2.29115535716279	59.9718800032361	24005356	0.917096479167106
GSE135251	GSM3998230	4	POSTN	23	1.18873093411252	31.3644329659432	19348365	0.733314707936036
GSE135251	GSM3998231	1	POSTN	244	10.0582591684433	273.554164826992	24258671	0.891962292565775
GSE135251	GSM3998232	1	POSTN	47	2.13829617012503	46.622938546925	21980117	1.0080874664881
GSE135251	GSM3998233	3	POSTN	106	4.57892724978787	93.9309210096735	23149527	1.12848888162274
GSE135251	GSM3998234	1	POSTN	134	6.10510373459674	142.973868953096	21948849	0.937234202174106
GSE135251	GSM3998235	2	POSTN	238	7.20017655558983	200.331241407372	33054745	1.18803237242477
GSE135251	GSM3998236	1	POSTN	238	9.83082878512931	230.155544811322	24209556	1.03408327700777
GSE135251	GSM3998237	2	POSTN	83	3.0810626087513	91.2084509767095	26938758	0.910003394545034
GSE135251	GSM3998238	2	POSTN	143	5.80910375116172	146.417177171811	24616534	0.976661364207282
GSE135251	GSM3998239	3	POSTN	278	10.2367924756188	288.353604161598	27156944	0.96409407057109
GSE135251	GSM3998240	2	POSTN	107	4.61022785512596	111.195856172499	23209265	0.96226607432214
GSE135251	GSM3998241	3	POSTN	137	5.41269936216277	132.196465926073	25310846	1.0363363274523
GSE135251	GSM3998242	4	POSTN	82	4.63218397362638	107.544847206702	17702233	0.762472606822299
GSE135251	GSM3998243	2	POSTN	140	6.23684776883676	150.903079550516	22447237	0.927747799561203
GSE135251	GSM3998244	0	POSTN	187	7.86547001041397	193.889561438556	23774803	0.964466568558724
GSE135251	GSM3998245	2	POSTN	210	8.35466092608631	182.547539011128	25135670	1.15038527025664
GSE135251	GSM3998246	2	POSTN	119	5.01475517965213	108.006851272452	23729972	1.10178195732988
GSE135251	GSM3998247	0	POSTN	281	8.58995728834796	210.923972037586	32712619	1.33223358770205
GSE135251	GSM3998248	2	POSTN	335	12.2901371942512	264.469072428556	27257629	1.26668875465768
GSE135251	GSM3998249	0	POSTN	305	9.71865544027071	234.670104926754	31382942	1.29969686635286
GSE135251	GSM3998250	4	POSTN	63	2.07221327771644	49.7213695434374	30402276	1.26706083477773
GSE135251	GSM3998251	3	POSTN	74	2.66621134502472	69.1439205931277	27754739	1.07023147321147
GSE135251	GSM3998252	2	POSTN	236	9.48390860003645	249.120531465042	24884255	0.947332596844257
GSE135251	GSM3998253	3	POSTN	21	0.912275897253754	23.6472510001051	23019352	0.888052484405342
GSE135251	GSM3998254	0	POSTN	246	8.38857688611525	202.768102452615	29325594	1.21320857188318
GSE135251	GSM3998255	1	POSTN	272	9.43969018381541	258.848790443472	28814505	1.05080653277922
GSE135251	GSM3998256	2	POSTN	137	6.35192315601005	152.530976366918	21568271	0.898178214439817
GSE135251	GSM3998257	2	POSTN	618	23.0243814041684	508.355146846721	26841112	1.21568553762738
GSE135251	GSM3998258	4	POSTN	147	5.37510204466688	113.68905216527	27348318	1.29300048861614
GSE135251	GSM3998259	2	POSTN	8	0.371490586474975	15.4705857720431	21534866	0.517110348494805
GSE135251	GSM3998260	2	POSTN	17	0.619938656705249	18.6297594773183	27422068	0.912518490681398
GSE135251	GSM3998261	3	POSTN	279	9.72766885481106	267.423803987768	28681075	1.04328782942883
GSE135251	GSM3998262	3	POSTN	52	1.88630999277434	48.7307182772681	27567049	1.06708872428537
GSE135251	GSM3998263	2	POSTN	240	8.04143186942082	207.042778686345	29845431	1.15918073319323
GSE135251	GSM3998264	2	POSTN	139	4.4589547600545	115.409557573912	31173225	1.20440631540399
GSE135251	GSM3998265	3	POSTN	423	14.7310148039385	437.542997814898	28714926	0.966762128779284
GSE135251	GSM3998266	0	POSTN	344	13.1343725345609	395.719241348573	26190821	0.8693031929094
GSE135251	GSM3998267	0	POSTN	421	13.9475738857818	379.179937988222	30184461	1.11029080872173
GSE135251	GSM3998268	3	POSTN	34	2.10898999786682	49.9048816456547	16121461	0.681296075229955
GSE135251	GSM3998269	2	POSTN	97	3.78603293419309	89.2439483529523	25620485	1.08690843233844
GSE135251	GSM3998270	0	POSTN	533	17.221555079929	465.270023912364	30949586	1.14557132977987
GSE135251	GSM3998271	1	POSTN	402	12.7609487035257	306.643892268516	31502360	1.31096692331307
GSE135251	GSM3998272	0	POSTN	164	6.91052708823382	171.770308392372	23731909	0.954763378693933
GSE135251	GSM3998273	1	POSTN	83	4.13893538403785	129.118753198126	20053466	0.642819094393213
GSE135251	GSM3998274	3	POSTN	48	1.71104786175161	49.2073454999663	28052985	0.975464120494629
GSE135251	GSM3998275	4	POSTN	53	2.10372766649963	61.9704851315815	25193375	0.855245846268033
GSE135251	GSM3998276	0	POSTN	36	1.49626426454185	36.9961130101546	24059921	0.973075198200384
GSE135251	GSM3998277	2	POSTN	47	2.72071795463139	67.9068394709002	17274852	0.692124686794482
GSE135251	GSM3998278	2	POSTN	16	0.862311722993138	22.0818795709741	18554775	0.724576001267188
GSE135251	GSM3998279	1	POSTN	203	8.27359330267702	220.902292681073	24535893	0.918958321057722
GSE135251	GSM3998280	3	POSTN	0	0	0	14968247	0.50400899752195
GSE135251	GSM3998281	0	POSTN	45	1.88208691987651	41.4717491639519	23909629	1.08507600733453
GSE135251	GSM3998282	3	POSTN	194	7.1846117467291	179.568939386402	27002155	1.08036501559184
GSE135251	GSM3998283	1	POSTN	30	1.67857297125992	40.4142767770766	17872324	0.742311935098547
GSE135251	GSM3998284	2	POSTN	116	5.46748222019559	142.436712685537	21216347	0.814396778842386
GSE135251	GSM3998285	4	POSTN	52	2.00602424511765	51.8866886079627	25921920	1.00218382392628
GSE135251	GSM3998286	0	POSTN	449	14.6116973959775	374.692854180266	30728805	1.19831481970026
GSE135251	GSM3998287	2	POSTN	301	10.6968644718288	265.931982106772	28139087	1.13186837331641
GSE135251	GSM3998288	0	POSTN	163	6.69086213770008	184.071796452744	24361584	0.885524035409988
GSE135251	GSM3998289	0	POSTN	327	13.0680124508186	336.92645248157	25022933	0.970538221595667
GSE135251	GSM3998290	0	POSTN	266	7.03416382303102	164.408477183033	37815440	1.61792143907438
GSE135251	GSM3998291	1	POSTN	348	13.0093934549742	301.154001035993	26749902	1.15555496125854
GSE135251	GSM3998292	1	POSTN	334	15.6724911086767	390.766201569429	21311226	0.854731035229149
GSE135251	GSM3998293	0	POSTN	111	5.4539804918488	138.150215313107	20352108	0.803473232006385
GSE135251	GSM3998294	1	POSTN	294	10.3046589957009	314.088685060223	28530784	0.93604136024075
GSE135251	GSM3998295	1	POSTN	249	9.35579982751512	268.636821009714	26614507	0.926901975180074
GSE135251	GSM3998296	1	POSTN	231	8.55928550197097	225.597343373833	26988234	1.02394822804812
GSE135251	GSM3998297	2	POSTN	200	7.737567701783	205.895532825331	25847916	0.97136638787432
GSE135251	GSM3998298	3	POSTN	49	1.74550973853725	43.711567903542	28072029	1.12098472670044
GSE135251	GSM3998299	2	POSTN	379	13.6090603162889	377.14986265248	27849094	1.0049055760872
GSE135251	GSM3998300	1	POSTN	131	4.43405769250622	116.978026961211	29544045	1.11986843515012
GSE135251	GSM3998301	3	POSTN	290	9.9626445489545	247.968864561791	29108737	1.16950166510818
GSE135251	GSM3998302	1	POSTN	19	0.703585683719942	18.3318155788131	27004529	1.03644944049946
GSE135251	GSM3998303	0	POSTN	122	5.06028521011777	121.830454142113	24109313	1.00139165415643
GSE135251	GSM3998304	0	POSTN	94	3.16164608479912	95.6188349310294	29731348	0.983069915752508
GSE135251	GSM3998305	0	POSTN	169	5.77716174470148	135.040783649264	29253119	1.25147378023914
GSE135251	GSM3998306	1	POSTN	226	8.55252295453642	240.809940193553	26424951	0.938499464840823
GSE135251	GSM3998307	0	POSTN	289	10.4119234320841	234.883795601349	27756639	1.2303956484529
GSE135251	GSM3998308	3	POSTN	151	5.1092313049843	121.084545009781	29554348	1.24706253789699
GSE135251	GSM3998309	3	POSTN	118	4.1822132173107	110.612979252486	28214726	1.06678258552871
GSE135251	GSM3998310	1	POSTN	130	5.80292766628345	157.018437473142	22402485	0.827928249013663
GSE135251	GSM3998311	1	POSTN	368	10.2239648402294	280.934602936109	35993864	1.30991339676192
GSE135251	GSM3998312	2	POSTN	115	4.0955894917288	104.408516172959	28078986	1.1014427195718
GSE135251	GSM3998313	2	POSTN	192	8.18078303387407	167.622922277322	23469636	1.14542806790081
GSE135251	GSM3998314	3	POSTN	77	2.6667803569392	62.2565580143376	28873769	1.23681749290198
GSE135251	GSM3998315	1	POSTN	399	13.5324606083299	363.690589847128	29484660	1.0970864001945
GSE135251	GSM3998316	1	POSTN	109	3.75624751837822	93.037935984082	29018322	1.17156511316684
GSE135251	GSM3998317	1	POSTN	125	4.19941510546411	104.655448492825	29766050	1.19439553124241
GSE135251	GSM3998318	2	POSTN	192	6.15253637350664	147.490293131717	31206642	1.30178058449266
GSE135251	GSM3998319	3	POSTN	22	0.936458921058854	25.6812512082361	23492755	0.856656080407192
GSE135251	GSM3998320	1	POSTN	115	4.18907258923335	94.382820111922	27452377	1.2184420836719
GSE135251	GSM3998321	0	POSTN	424	14.867274684436	377.120526264917	28519013	1.12430899532144
GSE135251	GSM3998322	3	POSTN	110	3.80996556760936	99.5240070164457	28871652	1.10526096464166
GSE135251	GSM3998323	0	POSTN	180	6.66206737274711	178.073840812575	27018640	1.01081663190189
GSE135251	GSM3998324	3	POSTN	46	1.80440663558772	38.0879976966959	25493145	1.20772954163433
GSE135251	GSM3998325	0	POSTN	247	8.56235198310658	210.569565391537	28847214	1.17300902217623
GSE135251	GSM3998326	0	POSTN	305	12.0649044390344	299.666294079468	25279935	1.01779881830526
GSE135251	GSM3998327	3	POSTN	240	9.32954325821548	181.861738978436	25724732	1.31968385075465
GSE135251	GSM3998328	3	POSTN	204	6.9535041672964	161.02122293942	29337726	1.26691374140631
GSE135251	GSM3998329	3	POSTN	229	9.18757890685946	196.313284742176	24924956	1.16650281869998
GSE135251	GSM3998330	3	POSTN	137	6.06008892229458	174.346686698561	22606929	0.785790671415902
GSE135251	GSM3998331	1	POSTN	145	5.26477459139903	133.466510570788	27541540	1.08641485702958
GSE135251	GSM3998332	4	POSTN	28	1.09129667129961	21.2131120824965	25657551	1.31993834243225
GSE135251	GSM3998333	3	POSTN	23	0.944492116201112	24.8645829551197	24351712	0.925010487467848
GSE135251	GSM3998334	3	POSTN	239	8.40928607553819	180.816709508955	28420962	1.32178049611153
GSE135251	GSM3998335	2	POSTN	262	12.5108855448321	289.816288562608	20941763	0.904020962035753
GSE135251	GSM3998336	0	POSTN	307	14.0547230484777	362.335160847835	21843191	0.847281835087836
GSE135251	GSM3998337	2	POSTN	99	3.36630292686778	81.9055297969414	29409118	1.20870959806302
GSE135251	GSM3998338	3	POSTN	143	6.4956724058885	166.343575320694	22014657	0.859666504848835
GSE135251	GSM3998339	0	POSTN	80	2.63649366643366	62.4489085596247	30343331	1.28104720875334
GSE135251	GSM3998340	3	POSTN	48	1.84159080911136	39.1507367934647	26064422	1.2260305662501
GSE135251	GSM3998342	control	POSTN	182	7.36901296039326	183.199879748947	24698016	0.993450433752514
GSE135251	GSM3998343	2	POSTN	116	6.6517510706022	159.684264126549	17439017	0.726433506986451
GSE135251	GSM3998344	1	POSTN	119	5.64953271005853	131.926326366905	21063689	0.902018598388355
GSE135251	GSM3998345	0	POSTN	61	3.23736028402158	80.7136067718279	18842512	0.755758569585956
GSE135251	GSM3998346	0	POSTN	126	5.045131908177	117.50704879221	24974570	1.07227609998791
GSE135251	GSM3998347	2	POSTN	77	3.30860516210296	80.2455875584531	23272647	0.959554317474604
GSE135251	GSM3998348	2	POSTN	162	6.96274163883253	154.319792896024	23266697	1.04976812734029
GSE135251	GSM3998349	0	POSTN	62	2.57024148703891	59.1234916279064	24122247	1.04865254559384
GSE135251	GSM3998350	2	POSTN	25	1.10724103304171	24.6907000326721	22578643	1.01252698250429
GSE135251	GSM3998351	1	POSTN	172	8.33662112868156	180.700041576327	20631860	0.951853682487108
GSE135251	GSM3998352	1	POSTN	131	5.17261653135076	120.701042006703	25325674	1.08532617301452
GSE135251	GSM3998353	0	POSTN	64	3.11841752004923	74.0221611731415	20523230	0.86460593673158
GSE135251	GSM3998354	3	POSTN	24	1.06130420312726	23.2527563984632	22613686	1.03213569990293
GSE135251	GSM3998355	2	POSTN	123	6.14668263538168	118.375438475966	20010794	1.03906690090084
GSE135251	GSM3998356	2	POSTN	130	6.26033376439744	141.208789209109	20765666	0.920622581130479
GSE135251	GSM3998357	1	POSTN	132	5.69716905080243	144.418452083019	23169402	0.914010627423979
GSE135251	GSM3998358	1	POSTN	393	16.7447092257809	372.240870796439	23470100	1.05576800086231
GSE135251	GSM3998359	4	POSTN	57	2.49174848745402	46.8140992350533	22875503	1.21758190227699
GSE135251	GSM3998360	2	POSTN	127	6.87886055737186	151.616720407179	18462360	0.83763848511517
GSE135251	GSM3998361	0	POSTN	84	4.37980067214298	105.404006697665	19178955	0.796933652066385
GSE135251	GSM3998362	2	POSTN	111	7.55500503088466	148.532942868051	14692247	0.747308966325446
GSE135251	GSM3998363	1	POSTN	128	6.00693246936124	138.504565243057	21308713	0.924157263519631
GSE135251	GSM3998364	3	POSTN	56	2.43915994634545	55.9964410142641	22958724	1.00006355735599
GSE135251	GSM3998365	3	POSTN	108	4.81112546034229	107.004796573406	22447970	1.00930054968061
GSE135251	GSM3998366	0	POSTN	43	1.82508790451004	46.3783051644928	23560509	0.92715764078677
GSE135251	GSM3998367	1	POSTN	104	4.7774957166765	96.532233231505	21768727	1.07736034398568
GSE135251	GSM3998368	2	POSTN	46	1.74343583144189	42.1772047658558	26384682	1.09063652405052
GSE135251	GSM3998369	3	POSTN	41	2.18244413195866	60.072646626446	18786277	0.682506969518976
GSE135251	GSM3998370	2	POSTN	369	16.2280747276014	289.6861431732	22738372	1.27379237390509
GSE135251	GSM3998371	2	POSTN	243	10.6998216123979	230.408720125463	22710659	1.05464758394422
GSE135251	GSM3998372	3	POSTN	195	8.23314093397764	174.809578058276	23684764	1.11549951762365
GSE135251	GSM3998373	3	POSTN	211	9.86724856309946	202.869251506274	21383874	1.04007876222422
GSE135251	GSM3998374	3	POSTN	96	5.808804295756	103.449481224249	16526637	0.927989187223657
GSE135251	GSM3998375	1	POSTN	176	8.42643264675781	168.574282401396	20886656	1.04405012136384
GSE135251	GSM3998376	2	POSTN	97	5.25679725562667	95.2478774371197	18452300	1.01839539746213
GSE135251	GSM3998377	1	POSTN	410	16.8942779163109	338.209808980388	24268572	1.21226525403281
GSE135251	GSM3998378	3	POSTN	122	5.93158596265872	112.966068545346	20567855	1.07997030941223
GSE135251	GSM3998379	3	POSTN	63	2.43526928608612	50.5426904281922	25869829	1.24647104193051
GSE135251	GSM3998380	1	POSTN	222	10.5134603548776	210.250409274173	21115788	1.05588379478732
GSE135251	GSM3998381	2	POSTN	77	3.62056208427013	76.2665409042668	21267416	1.00961704945625
GSE135251	GSM3998382	3	POSTN	208	9.95484615790319	169.617861025891	20894346	1.22628595091321
GSE135251	GSM3998167	2	COL1A1	234	10.0480170689187	235.105711360703	23288177	0.995296960867928
GSE135251	GSM3998168	3	COL1A1	495	24.8185239446111	549.342687139563	19944780	0.901076889869006
GSE135251	GSM3998169	2	COL1A1	501	20.4280254405165	457.53770817452	24525131	1.09499171554381
GSE135251	GSM3998170	3	COL1A1	492	17.542185122323	400.507211447057	28046677	1.22844230000847
GSE135251	GSM3998171	0	COL1A1	364	12.8032555724323	296.595269611923	28430269	1.22726165011422
GSE135251	GSM3998172	1	COL1A1	329	13.1955043518292	342.844038272684	24932734	0.959620011646014
GSE135251	GSM3998173	3	COL1A1	451	18.2199997503335	391.989935076354	24753019	1.15053974513951
GSE135251	GSM3998174	2	COL1A1	230	9.36123910570536	242.490805577358	24569397	0.948489570366934
GSE135251	GSM3998175	0	COL1A1	115	6.13440775440349	156.496825741459	18746716	0.734839185748
GSE135251	GSM3998176	2	COL1A1	136	5.65360542473417	142.507376837699	24055446	0.954336561502283
GSE135251	GSM3998177	1	COL1A1	209	7.83647606644597	193.454716199895	26670151	1.08035618932155
GSE135251	GSM3998178	2	COL1A1	231	9.26593683976439	234.990187502646	24930021	0.983019769697401
GSE135251	GSM3998179	3	COL1A1	392	17.8265611122028	432.709827918791	21989659	0.905918873822226
GSE135251	GSM3998180	2	COL1A1	172	7.36371192730818	174.595729425401	23357785	0.985132915713666
GSE135251	GSM3998181	1	COL1A1	168	7.33566729814536	195.183863036611	22901802	0.860726893024389
GSE135251	GSM3998182	2	COL1A1	118	4.55898803138145	128.512516929492	25882937	0.91819849785325
GSE135251	GSM3998183	1	COL1A1	115	5.24904337325619	129.392242271128	21908754	0.888770439258868
GSE135251	GSM3998184	2	COL1A1	392	14.8049163350384	358.373163989343	26477691	1.09383190313786
GSE135251	GSM3998185	3	COL1A1	641	23.0273243811766	581.240410742049	27836495	1.10281389276024
GSE135251	GSM3998186	2	COL1A1	108	4.21004179168152	99.8614346884038	25652952	1.08149858187989
GSE135251	GSM3998187	2	COL1A1	527	23.1479081933756	489.100404794407	22766636	1.07748837423581
GSE135251	GSM3998188	3	COL1A1	939	34.3933455212996	770.931508052522	27301793	1.21800703459642
GSE135251	GSM3998189	0	COL1A1	175	6.88150840776799	169.854630016537	25430471	1.03029278614874
GSE135251	GSM3998190	3	COL1A1	280	12.9699216862232	310.370672648883	21588411	0.902147092733722
GSE135251	GSM3998191	4	COL1A1	643	25.908107368032	556.787094271511	24818486	1.15483998572432
GSE135251	GSM3998192	1	COL1A1	143	6.68921164880834	154.834651580449	21377706	0.923565871982476
GSE135251	GSM3998193	3	COL1A1	254	12.7534375409685	299.170078076402	19916199	0.849015388280688
GSE135251	GSM3998194	1	COL1A1	99	4.93731997484061	106.247135470086	20051364	0.931789827198437
GSE135251	GSM3998195	3	COL1A1	692	29.013735907584	631.890848352137	23850772	1.09512584618786
GSE135251	GSM3998196	1	COL1A1	415	21.690121440638	484.691345169984	19133134	0.856214999783949
GSE135251	GSM3998197	1	COL1A1	412	13.9052274373763	323.217254420958	29629145	1.27468442468548
GSE135251	GSM3998198	1	COL1A1	224	6.94444552090239	162.585052267577	32255995	1.37774043109048
GSE135251	GSM3998199	2	COL1A1	744	30.6535131233293	624.507453545696	24271280	1.191338863573
GSE135251	GSM3998200	3	COL1A1	412	14.9053019497618	372.578339312799	27641171	1.10580770948712
GSE135251	GSM3998201	4	COL1A1	716	31.3272804302198	697.755657631398	22855479	1.02614717941598
GSE135251	GSM3998202	0	COL1A1	637	26.8496851358078	629.088646032144	23724673	1.01257589692288
GSE135251	GSM3998203	3	COL1A1	251	10.7354130009615	264.721298412357	23380563	0.948167002448805
GSE135251	GSM3998204	1	COL1A1	507	24.8303151603669	628.001690488738	20418589	0.807322667563889
GSE135251	GSM3998205	1	COL1A1	96	4.48480079986422	111.564742795256	21405633	0.860486902893506
GSE135251	GSM3998206	0	COL1A1	114	5.41271218187852	110.448420253857	21061530	1.03215600311874
GSE135251	GSM3998207	3	COL1A1	681	32.5594744700013	693.665492403572	20915571	0.981741210219806
GSE135251	GSM3998208	4	COL1A1	77	3.22846861951562	86.7933484166764	23850317	0.887164758644169
GSE135251	GSM3998209	3	COL1A1	520	24.0055449115585	517.576096621818	21661662	1.00468318261605
GSE135251	GSM3998210	3	COL1A1	960	50.4494944855549	1109.08763602405	19028932	0.865576324916473
GSE135251	GSM3998211	2	COL1A1	357	17.8375288916754	392.537926287137	20013983	0.909466260691608
GSE135251	GSM3998212	1	COL1A1	142	6.60598557187622	150.428245245818	21495657	0.943971657503246
GSE135251	GSM3998213	0	COL1A1	381	12.4811124897117	297.808084999988	30526125	1.27934740253951
GSE135251	GSM3998214	4	COL1A1	1053	51.750412234053	1122.57300791996	20347664	0.938023623025755
GSE135251	GSM3998215	2	COL1A1	375	16.2095543522351	367.942760993923	23134504	1.01918026322087
GSE135251	GSM3998216	control	COL1A1	190	7.60676667536374	201.995530484139	24977761	0.940614871747964
GSE135251	GSM3998217	control	COL1A1	136	6.90846041048345	177.688993448488	19686007	0.765382240962644
GSE135251	GSM3998218	control	COL1A1	431	18.8010209434213	434.094808176759	22924287	0.992870663001574
GSE135251	GSM3998219	0	COL1A1	139	4.64282202346342	124.381342248768	29938688	1.11753095349296
GSE135251	GSM3998220	control	COL1A1	132	5.73098247274527	150.154951389708	23032700	0.87909188993316
GSE135251	GSM3998221	control	COL1A1	199	9.37413560106392	242.879804008685	21228624	0.819335312016655
GSE135251	GSM3998222	control	COL1A1	114	5.20579774261084	128.857548947621	21898661	0.884697877082385
GSE135251	GSM3998223	control	COL1A1	135	6.43475706861639	154.130361974208	20979813	0.875881937022837
GSE135251	GSM3998225	3	COL1A1	4600	152.933173489354	2930.04291122232	30078497	1.56994287775841
GSE135251	GSM3998226	4	COL1A1	1051	34.2524460678779	765.823558306452	30683940	1.37237877915925
GSE135251	GSM3998227	4	COL1A1	1393	63.6896051203334	1325.72210621833	21871701	1.05074811189019
GSE135251	GSM3998228	1	COL1A1	451	15.3841729879642	368.020900475028	29315843	1.22547387775495
GSE135251	GSM3998229	3	COL1A1	686	28.5769559093396	748.01290331309	24005356	0.917096479167106
GSE135251	GSM3998230	4	COL1A1	796	41.1404271110246	1085.48211482134	19348365	0.733314707936036
GSE135251	GSM3998231	1	COL1A1	289	11.9132659822956	324.004728012298	24258671	0.891962292565775
GSE135251	GSM3998232	1	COL1A1	327	14.8770818644869	324.376614996691	21980117	1.0080874664881
GSE135251	GSM3998233	3	COL1A1	2160	93.306442071149	1914.06405076316	23149527	1.12848888162274
GSE135251	GSM3998234	1	COL1A1	588	26.7895596712156	627.377872719555	21948849	0.937234202174106
GSE135251	GSM3998235	2	COL1A1	435	13.1599865616873	366.151638706751	33054745	1.18803237242477
GSE135251	GSM3998236	1	COL1A1	858	35.4405508304242	829.720409445859	24209556	1.03408327700777
GSE135251	GSM3998237	2	COL1A1	506	18.7833455425079	556.041881858012	26938758	0.910003394545034
GSE135251	GSM3998238	2	COL1A1	764	31.0360508104025	782.256806708136	24616534	0.976661364207282
GSE135251	GSM3998239	3	COL1A1	549	20.2158239896212	569.446506060135	27156944	0.96409407057109
GSE135251	GSM3998240	2	COL1A1	525	22.6202768592629	545.587144771607	23209265	0.96226607432214
GSE135251	GSM3998241	3	COL1A1	665	26.273321721447	641.683575480574	25310846	1.0363363274523
GSE135251	GSM3998242	4	COL1A1	1892	106.87917168416	2481.40062091561	17702233	0.762472606822299
GSE135251	GSM3998243	2	COL1A1	839	37.376537700386	904.340598163447	22447237	0.927747799561203
GSE135251	GSM3998244	0	COL1A1	228	9.58998482553147	236.400106994603	23774803	0.964466568558724
GSE135251	GSM3998245	2	COL1A1	655	26.0585852694597	569.374466915661	25135670	1.15038527025664
GSE135251	GSM3998246	2	COL1A1	487	20.5225695167276	442.011231678019	23729972	1.10178195732988
GSE135251	GSM3998247	0	COL1A1	313	9.56817306495698	234.943783799873	32712619	1.33223358770205
GSE135251	GSM3998248	2	COL1A1	1403	51.471828309058	1107.61226452915	27257629	1.26668875465768
GSE135251	GSM3998249	0	COL1A1	156	4.97085327436797	120.027988093684	31382942	1.29969686635286
GSE135251	GSM3998250	4	COL1A1	397	13.0582328770385	313.323550932455	30402276	1.26706083477773
GSE135251	GSM3998251	3	COL1A1	804	28.9680259648632	751.23935347128	27754739	1.07023147321147
GSE135251	GSM3998252	2	COL1A1	483	19.4098637873627	509.852613125489	24884255	0.947332596844257
GSE135251	GSM3998253	3	COL1A1	620	26.9338598236823	698.156934288816	23019352	0.888052484405342
GSE135251	GSM3998254	0	COL1A1	451	15.3790576245446	371.741521163128	29325594	1.21320857188318
GSE135251	GSM3998255	1	COL1A1	242	8.39854788412988	230.299291497501	28814505	1.05080653277922
GSE135251	GSM3998256	2	COL1A1	634	29.395031247521	705.873277493619	21568271	0.898178214439817
GSE135251	GSM3998257	2	COL1A1	965	35.9523107686448	793.790803733148	26841112	1.21568553762738
GSE135251	GSM3998258	4	COL1A1	1251	45.7432153597161	967.517035773831	27348318	1.29300048861614
GSE135251	GSM3998259	2	COL1A1	175	8.12635657914008	338.419063763444	21534866	0.517110348494805
GSE135251	GSM3998260	2	COL1A1	345	12.5811080331359	378.074530569108	27422068	0.912518490681398
GSE135251	GSM3998261	3	COL1A1	208	7.25216889534301	199.3697176683	28681075	1.04328782942883
GSE135251	GSM3998262	3	COL1A1	235	8.52467015965329	220.225361445346	27567049	1.06708872428537
GSE135251	GSM3998263	2	COL1A1	256	8.5775273273822	220.845630598768	29845431	1.15918073319323
GSE135251	GSM3998264	2	COL1A1	352	11.2917415506416	292.260174575662	31173225	1.20440631540399
GSE135251	GSM3998265	3	COL1A1	261	9.08934955987698	269.973339077277	28714926	0.966762128779284
GSE135251	GSM3998266	0	COL1A1	134	5.11629627799755	154.146448664851	26190821	0.8693031929094
GSE135251	GSM3998267	0	COL1A1	264	8.74622210414822	237.775543061498	30184461	1.11029080872173
GSE135251	GSM3998268	3	COL1A1	276	17.1200364532718	405.110215711786	16121461	0.681296075229955
GSE135251	GSM3998269	2	COL1A1	240	9.36750416707568	220.809769120707	25620485	1.08690843233844
GSE135251	GSM3998270	0	COL1A1	200	6.46212198121164	174.585374826403	30949586	1.14557132977987
GSE135251	GSM3998271	1	COL1A1	278	8.82473567059738	212.057219031461	31502360	1.31096692331307
GSE135251	GSM3998272	0	COL1A1	162	6.8262523676456	169.675548533929	23731909	0.954763378693933
GSE135251	GSM3998273	1	COL1A1	131	6.53253656998745	203.789839384994	20053466	0.642819094393213
GSE135251	GSM3998274	3	COL1A1	329	11.7278072190892	337.275347281019	28052985	0.975464120494629
GSE135251	GSM3998275	4	COL1A1	238	9.44692801182851	278.282555873894	25193375	0.855245846268033
GSE135251	GSM3998276	0	COL1A1	617	25.6443069783978	634.072270201816	24059921	0.973075198200384
GSE135251	GSM3998277	2	COL1A1	290	16.7874086562362	418.999647799172	17274852	0.692124686794482
GSE135251	GSM3998278	2	COL1A1	324	17.461812390611	447.158061312225	18554775	0.724576001267188
GSE135251	GSM3998279	1	COL1A1	373	15.2022182359533	405.894360443547	24535893	0.918958321057722
GSE135251	GSM3998280	3	COL1A1	592	39.5503895679968	1174.58220569608	14968247	0.50400899752195
GSE135251	GSM3998281	0	COL1A1	538	22.501394730968	495.817801115691	23909629	1.08507600733453
GSE135251	GSM3998282	3	COL1A1	768	28.4421743375668	710.870852828643	27002155	1.08036501559184
GSE135251	GSM3998283	1	COL1A1	234	13.0928691758274	315.231358861198	17872324	0.742311935098547
GSE135251	GSM3998284	2	COL1A1	302	14.2343071594747	370.826614060623	21216347	0.814396778842386
GSE135251	GSM3998285	4	COL1A1	1036	39.9661753450362	1033.74248842018	25921920	1.00218382392628
GSE135251	GSM3998286	0	COL1A1	138	4.4909003132403	115.161723556518	30728805	1.19831481970026
GSE135251	GSM3998287	2	COL1A1	112	3.98022864068049	98.95143520252	28139087	1.13186837331641
GSE135251	GSM3998288	0	COL1A1	110	4.51530573709821	124.220230734981	24361584	0.885524035409988
GSE135251	GSM3998289	0	COL1A1	205	8.19248486977925	211.223005378354	25022933	0.970538221595667
GSE135251	GSM3998290	0	COL1A1	892	23.5882486095627	551.324667846863	37815440	1.61792143907438
GSE135251	GSM3998291	1	COL1A1	385	14.3925760924283	333.173248272578	26749902	1.15555496125854
GSE135251	GSM3998292	1	COL1A1	183	8.58702357152047	214.102439782052	21311226	0.854731035229149
GSE135251	GSM3998293	0	COL1A1	217	10.6622861867675	270.077447954452	20352108	0.803473232006385
GSE135251	GSM3998294	1	COL1A1	273	9.56861192457943	291.653778984493	28530784	0.93604136024075
GSE135251	GSM3998295	1	COL1A1	155	5.82389145889496	167.22372392171	26614507	0.926901975180074
GSE135251	GSM3998296	1	COL1A1	149	5.52092441469123	145.515169535502	26988234	1.02394822804812
GSE135251	GSM3998297	2	COL1A1	193	7.46675283222059	198.689189176444	25847916	0.97136638787432
GSE135251	GSM3998298	3	COL1A1	301	10.7224169653002	268.513917121758	28072029	1.12098472670044
GSE135251	GSM3998299	2	COL1A1	200	7.18156217218413	199.023674222944	27849094	1.0049055760872
GSE135251	GSM3998300	1	COL1A1	178	6.02490281882525	158.947242741188	29544045	1.11986843515012
GSE135251	GSM3998301	3	COL1A1	658	22.6048969421105	562.632803040201	29108737	1.16950166510818
GSE135251	GSM3998302	1	COL1A1	623	23.0702042609223	601.090584505291	27004529	1.03644944049946
GSE135251	GSM3998303	0	COL1A1	264	10.9501253727139	263.633113881294	24109313	1.00139165415643
GSE135251	GSM3998304	0	COL1A1	293	9.85491811538447	298.045942923315	29731348	0.983069915752508
GSE135251	GSM3998305	0	COL1A1	204	6.97361536046806	163.007809848816	29253119	1.25147378023914
GSE135251	GSM3998306	1	COL1A1	140	5.29802306918185	149.174299234944	26424951	0.938499464840823
GSE135251	GSM3998307	0	COL1A1	277	9.97959443144395	225.130835230358	27756639	1.2303956484529
GSE135251	GSM3998308	3	COL1A1	858	29.0312613223611	688.016818664846	29554348	1.24706253789699
GSE135251	GSM3998309	3	COL1A1	353	12.5111971670397	330.901539628199	28214726	1.06678258552871
GSE135251	GSM3998310	1	COL1A1	143	6.38322043291179	172.720281220456	22402485	0.827928249013663
GSE135251	GSM3998311	1	COL1A1	249	6.91784577504655	190.088902530139	35993864	1.30991339676192
GSE135251	GSM3998312	2	COL1A1	548	19.5163742736294	497.529277067666	28078986	1.1014427195718
GSE135251	GSM3998313	2	COL1A1	1017	43.3325851325517	887.87766643769	23469636	1.14542806790081
GSE135251	GSM3998314	3	COL1A1	772	26.7370705916502	624.182633598294	28873769	1.23681749290198
GSE135251	GSM3998315	1	COL1A1	183	6.20661727148965	166.805458501315	29484660	1.0970864001945
GSE135251	GSM3998316	1	COL1A1	279	9.61461520759195	238.142973757421	29018322	1.17156511316684
GSE135251	GSM3998317	1	COL1A1	219	7.35737526477312	183.356345759429	29766050	1.19439553124241
GSE135251	GSM3998318	2	COL1A1	500	16.0222301393402	384.089305030512	31206642	1.30178058449266
GSE135251	GSM3998319	3	COL1A1	135	5.74645247013388	157.58949605054	23492755	0.856656080407192
GSE135251	GSM3998320	1	COL1A1	343	12.4943643313656	281.507019985994	27452377	1.2184420836719
GSE135251	GSM3998321	0	COL1A1	219	7.67908763181952	194.786309556643	28519013	1.12430899532144
GSE135251	GSM3998322	3	COL1A1	394	13.6466039421644	356.476897858905	28871652	1.10526096464166
GSE135251	GSM3998323	0	COL1A1	148	5.47769983981429	146.416269112562	27018640	1.01081663190189
GSE135251	GSM3998324	3	COL1A1	599	23.4965124938488	495.971970006975	25493145	1.20772954163433
GSE135251	GSM3998325	0	COL1A1	117	4.05585093936628	99.7434783433596	28847214	1.17300902217623
GSE135251	GSM3998326	0	COL1A1	265	10.4826218896528	260.365796495276	25279935	1.01779881830526
GSE135251	GSM3998327	3	COL1A1	1400	54.4223356729236	1060.86014404088	25724732	1.31968385075465
GSE135251	GSM3998328	3	COL1A1	436	14.861410867359	344.143398046996	29337726	1.26691374140631
GSE135251	GSM3998329	3	COL1A1	334	13.4002242571662	286.325926217846	24924956	1.16650281869998
GSE135251	GSM3998330	3	COL1A1	98	4.33495411959758	124.715148149336	22606929	0.785790671415902
GSE135251	GSM3998331	1	COL1A1	215	7.80638991138477	197.898619122203	27541540	1.08641485702958
GSE135251	GSM3998332	4	COL1A1	2844	110.844561899146	2154.646098665	25657551	1.31993834243225
GSE135251	GSM3998333	3	COL1A1	387	15.8921064769491	418.373634940492	24351712	0.925010487467848
GSE135251	GSM3998334	3	COL1A1	521	18.3315399387255	394.165295624123	28420962	1.32178049611153
GSE135251	GSM3998335	2	COL1A1	476	22.7297004554965	526.536463190081	20941763	0.904020962035753
GSE135251	GSM3998336	0	COL1A1	287	13.139105911769	338.730264375663	21843191	0.847281835087836
GSE135251	GSM3998337	2	COL1A1	152	5.1684650998374	125.753944738738	29409118	1.20870959806302
GSE135251	GSM3998338	3	COL1A1	244	11.0835249443132	283.830995652094	22014657	0.859666504848835
GSE135251	GSM3998339	0	COL1A1	350	11.5346597906472	273.213974948358	30343331	1.28104720875334
GSE135251	GSM3998340	3	COL1A1	371	14.2339622954232	302.602569799488	26064422	1.2260305662501
GSE135251	GSM3998342	control	COL1A1	431	17.450794428184	433.841473471408	24698016	0.993450433752514
GSE135251	GSM3998343	2	COL1A1	1037	59.464360863918	1427.522257752	17439017	0.726433506986451
GSE135251	GSM3998344	1	COL1A1	305	14.4798947610744	338.130500352151	21063689	0.902018598388355
GSE135251	GSM3998345	0	COL1A1	575	30.5161010379083	760.824981865591	18842512	0.755758569585956
GSE135251	GSM3998346	0	COL1A1	904	36.1968194046985	843.06644530284	24974570	1.07227609998791
GSE135251	GSM3998347	2	COL1A1	2016	86.6252987896048	2100.97538334859	23272647	0.959554317474604
GSE135251	GSM3998348	2	COL1A1	1473	63.3093730493847	1403.16700577681	23266697	1.04976812734029
GSE135251	GSM3998349	0	COL1A1	546	22.6347072890846	520.668168207047	24122247	1.04865254559384
GSE135251	GSM3998350	2	COL1A1	1984	87.8706483821902	1959.45395459286	22578643	1.01252698250429
GSE135251	GSM3998351	1	COL1A1	1865	90.3941767732042	1959.33475313866	20631860	0.951853682487108
GSE135251	GSM3998352	1	COL1A1	887	35.0237470481536	817.265834045389	25325674	1.08532617301452
GSE135251	GSM3998353	0	COL1A1	561	27.3348785741815	648.850506533318	20523230	0.86460593673158
GSE135251	GSM3998354	3	COL1A1	2174	96.136472399944	2106.31218376079	22613686	1.03213569990293
GSE135251	GSM3998355	2	COL1A1	3611	180.452609726531	3475.2334011115	20010794	1.03906690090084
GSE135251	GSM3998356	2	COL1A1	1012	48.7342905351555	1099.25611292014	20765666	0.920622581130479
GSE135251	GSM3998357	1	COL1A1	1497	64.6110762806912	1637.83653612333	23169402	0.914010627423979
GSE135251	GSM3998358	1	COL1A1	901	38.3892697517267	853.40718724578	23470100	1.05576800086231
GSE135251	GSM3998359	4	COL1A1	2976	130.095499976547	2444.18876006173	22875503	1.21758190227699
GSE135251	GSM3998360	2	COL1A1	1344	72.7967605441558	1604.51080493897	18462360	0.83763848511517
GSE135251	GSM3998361	0	COL1A1	364	18.9791362459529	456.750695689883	19178955	0.796933652066385
GSE135251	GSM3998362	2	COL1A1	5441	370.331372730121	7280.79046977538	14692247	0.747308966325446
GSE135251	GSM3998363	1	COL1A1	1038	48.7124679937263	1123.18545876792	21308713	0.924157263519631
GSE135251	GSM3998364	3	COL1A1	1485	64.6812950057677	1484.90562332468	22958724	1.00006355735599
GSE135251	GSM3998365	3	COL1A1	1488	66.2866174536049	1474.2883083447	22447970	1.00930054968061
GSE135251	GSM3998366	0	COL1A1	626	26.5698843772857	675.181837976105	23560509	0.92715764078677
GSE135251	GSM3998367	1	COL1A1	2527	116.083958423476	2345.54762861551	21768727	1.07736034398568
GSE135251	GSM3998368	2	COL1A1	944	35.7783353235032	865.549593455824	26384682	1.09063652405052
GSE135251	GSM3998369	3	COL1A1	1299	69.1462177418123	1903.27726750618	18786277	0.682506969518976
GSE135251	GSM3998370	2	COL1A1	675	29.6855025504904	529.913676536341	22738372	1.27379237390509
GSE135251	GSM3998371	2	COL1A1	1190	52.3983033693562	1128.33899979136	22710659	1.05464758394422
GSE135251	GSM3998372	3	COL1A1	763	32.2148027314099	683.99850286392	23684764	1.11549951762365
GSE135251	GSM3998373	3	COL1A1	1165	54.4803060474449	1120.10747869578	21383874	1.04007876222422
GSE135251	GSM3998374	3	COL1A1	701	42.4163730346349	755.39673268957	16526637	0.927989187223657
GSE135251	GSM3998375	1	COL1A1	543	25.9974598135767	520.089973545216	20886656	1.04405012136384
GSE135251	GSM3998376	2	COL1A1	1909	103.455937742178	1874.51750543775	18452300	1.01839539746213
GSE135251	GSM3998377	1	COL1A1	866	35.68401140372	714.36510872443	24268572	1.21226525403281
GSE135251	GSM3998378	3	COL1A1	4483	217.961474349173	4151.04004335071	20567855	1.07997030941223
GSE135251	GSM3998379	3	COL1A1	899	34.7509061617686	721.236169761028	25869829	1.24647104193051
GSE135251	GSM3998380	1	COL1A1	688	32.5822555142152	651.586853966805	21115788	1.05588379478732
GSE135251	GSM3998381	2	COL1A1	1302	61.2204134249314	1289.59787347215	21267416	1.00961704945625
GSE135251	GSM3998382	3	COL1A1	4020	192.396545936398	3278.19135251963	20894346	1.22628595091321
GSE135251	GSM3998167	2	COL3A1	1903	81.7152841117619	1911.99217401461	23288177	0.995296960867928
GSE135251	GSM3998168	3	COL3A1	2343	117.474346671159	2600.2220524606	19944780	0.901076889869006
GSE135251	GSM3998169	2	COL3A1	4012	163.587301531641	3663.95466107021	24525131	1.09499171554381
GSE135251	GSM3998170	3	COL3A1	2726	97.1951151289688	2219.07044391194	28046677	1.22844230000847
GSE135251	GSM3998171	0	COL3A1	1884	66.2673997210508	1535.12496689248	28430269	1.22726165011422
GSE135251	GSM3998172	1	COL3A1	2814	112.863675519901	2932.41071033232	24932734	0.959620011646014
GSE135251	GSM3998173	3	COL3A1	2125	85.8481141229682	1846.95922846397	24753019	1.15053974513951
GSE135251	GSM3998174	2	COL3A1	1947	79.2449240817754	2052.73738460485	24569397	0.948489570366934
GSE135251	GSM3998175	0	COL3A1	2517	134.263515807249	3425.23922079349	18746716	0.734839185748
GSE135251	GSM3998176	2	COL3A1	1785	74.203571199636	1870.4093209948	24055446	0.954336561502283
GSE135251	GSM3998177	1	COL3A1	2453	91.97548225355	2270.54745855666	26670151	1.08035618932155
GSE135251	GSM3998178	2	COL3A1	2543	102.005529798792	2586.92660960705	24930021	0.983019769697401
GSE135251	GSM3998179	3	COL3A1	4103	186.587704702469	4529.10312232347	21989659	0.905918873822226
GSE135251	GSM3998180	2	COL3A1	2082	89.1351641433466	2113.42039920748	23357785	0.985132915713666
GSE135251	GSM3998181	1	COL3A1	1898	82.8755745945232	2205.11292883028	22901802	0.860726893024389
GSE135251	GSM3998182	2	COL3A1	1670	64.5212712915849	1818.77884129027	25882937	0.91819849785325
GSE135251	GSM3998183	1	COL3A1	1939	88.5034356586413	2181.66571968449	21908754	0.888770439258868
GSE135251	GSM3998184	2	COL3A1	4336	163.760503134507	3964.04601800457	26477691	1.09383190313786
GSE135251	GSM3998185	3	COL3A1	4662	167.477981692738	4227.36785472611	27836495	1.10281389276024
GSE135251	GSM3998186	2	COL3A1	2096	81.7059962533746	1938.05154728606	25652952	1.08149858187989
GSE135251	GSM3998187	2	COL3A1	6854	301.05457828728	6361.08951510601	22766636	1.07748837423581
GSE135251	GSM3998188	3	COL3A1	7816	286.281563998379	6417.04011388553	27301793	1.21800703459642
GSE135251	GSM3998189	0	COL3A1	2586	101.689032814217	2509.96613270151	25430471	1.03029278614874
GSE135251	GSM3998190	3	COL3A1	2543	117.794681600234	2818.83078766468	21588411	0.902147092733722
GSE135251	GSM3998191	4	COL3A1	7268	292.846227606309	6293.51259901298	24818486	1.15483998572432
GSE135251	GSM3998192	1	COL3A1	1767	82.656202681429	1913.23656882974	21377706	0.923565871982476
GSE135251	GSM3998193	3	COL3A1	3129	157.108291597207	3685.44556811441	19916199	0.849015388280688
GSE135251	GSM3998194	1	COL3A1	1867	93.1108726568427	2003.67072649141	20051364	0.931789827198437
GSE135251	GSM3998195	3	COL3A1	3368	141.211362047317	3075.44563186416	23850772	1.09512584618786
GSE135251	GSM3998196	1	COL3A1	2124	111.011609493771	2480.68534250855	19133134	0.856214999783949
GSE135251	GSM3998197	1	COL3A1	2092	70.6061548519203	1641.19052487535	29629145	1.27468442468548
GSE135251	GSM3998198	1	COL3A1	1912	59.2758028391311	1387.77955328396	32255995	1.37774043109048
GSE135251	GSM3998199	2	COL3A1	5158	212.51454393835	4329.58258788804	24271280	1.191338863573
GSE135251	GSM3998200	3	COL3A1	2174	78.6507923271413	1965.9837613253	27641171	1.10580770948712
GSE135251	GSM3998201	4	COL3A1	4831	211.371636534067	4707.90165086213	22855479	1.02614717941598
GSE135251	GSM3998202	0	COL3A1	2861	120.591756944342	2825.4672155384	23724673	1.01257589692288
GSE135251	GSM3998203	3	COL3A1	1664	71.1702280223107	1754.96510182535	23380563	0.948167002448805
GSE135251	GSM3998204	1	COL3A1	3314	162.303085683345	4104.92623723803	20418589	0.807322667563889
GSE135251	GSM3998205	1	COL3A1	1563	73.0181630227894	1816.41346863525	21405633	0.860486902893506
GSE135251	GSM3998206	0	COL3A1	1589	75.4456110263594	1539.4959630121	21061530	1.03215600311874
GSE135251	GSM3998207	3	COL3A1	4016	192.010057961124	4090.69106827128	20915571	0.981741210219806
GSE135251	GSM3998208	4	COL3A1	1318	55.2613200067739	1485.63160017116	23850317	0.887164758644169
GSE135251	GSM3998209	3	COL3A1	3928	181.334193101157	3909.69020678942	21661662	1.00468318261605
GSE135251	GSM3998210	3	COL3A1	3918	205.896999369171	4526.46391452317	19028932	0.865576324916473
GSE135251	GSM3998211	2	COL3A1	2219	110.872483503159	2439.8926006475	20013983	0.909466260691608
GSE135251	GSM3998212	1	COL3A1	1384	64.3850988132161	1466.14571422685	21495657	0.943971657503246
GSE135251	GSM3998213	0	COL3A1	3665	120.061095209431	2864.74181502614	30526125	1.27934740253951
GSE135251	GSM3998214	4	COL3A1	7236	355.618217403236	7714.09143903972	20347664	0.938023623025755
GSE135251	GSM3998215	2	COL3A1	3645	157.556868303725	3576.40363686093	23134504	1.01918026322087
GSE135251	GSM3998216	control	COL3A1	2167	86.7571757132275	2303.81218189015	24977761	0.940614871747964
GSE135251	GSM3998217	control	COL3A1	1621	82.3427523926005	2117.89601749999	19686007	0.765382240962644
GSE135251	GSM3998218	control	COL3A1	2361	102.991207534612	2377.95322994276	22924287	0.992870663001574
GSE135251	GSM3998219	0	COL3A1	2239	74.7861763347813	2003.52392298555	29938688	1.11753095349296
GSE135251	GSM3998220	control	COL3A1	1763	76.5433492382569	2005.47863106102	23032700	0.87909188993316
GSE135251	GSM3998221	control	COL3A1	2028	95.531391954561	2475.17709813876	21228624	0.819335312016655
GSE135251	GSM3998222	control	COL3A1	1271	58.0400783408629	1436.6486378283	21898661	0.884697877082385
GSE135251	GSM3998223	control	COL3A1	1246	59.3904244999705	1422.56615570269	20979813	0.875881937022837
GSE135251	GSM3998225	3	COL3A1	11917	396.196658363614	7590.72203761661	30078497	1.56994287775841
GSE135251	GSM3998226	4	COL3A1	7663	249.739766144765	5583.73542083952	30683940	1.37237877915925
GSE135251	GSM3998227	4	COL3A1	4536	207.391276974754	4316.92424537427	21871701	1.05074811189019
GSE135251	GSM3998228	1	COL3A1	4158	141.834570474402	3392.97317998928	29315843	1.22547387775495
GSE135251	GSM3998229	3	COL3A1	4029	167.837544254707	4393.2128096916	24005356	0.917096479167106
GSE135251	GSM3998230	4	COL3A1	2253	116.44394758937	3072.35075966391	19348365	0.733314707936036
GSE135251	GSM3998231	1	COL3A1	1939	79.9301824902114	2173.85871147352	24258671	0.891962292565775
GSE135251	GSM3998232	1	COL3A1	878	39.9451922844633	870.956171153195	21980117	1.0080874664881
GSE135251	GSM3998233	3	COL3A1	8583	370.763514952163	7605.74617949083	23149527	1.12848888162274
GSE135251	GSM3998234	1	COL3A1	2332	106.247029172236	2488.17210745239	21948849	0.937234202174106
GSE135251	GSM3998235	2	COL3A1	3765	113.901952654604	3169.10556259981	33054745	1.18803237242477
GSE135251	GSM3998236	1	COL3A1	3698	152.749600199194	3576.11430551374	24209556	1.03408327700777
GSE135251	GSM3998237	2	COL3A1	2590	96.1440018875406	2846.14322927323	26938758	0.910003394545034
GSE135251	GSM3998238	2	COL3A1	2922	118.700707418843	2991.82511675546	24616534	0.976661364207282
GSE135251	GSM3998239	3	COL3A1	3842	141.473944932832	3985.0882992405	27156944	0.96409407057109
GSE135251	GSM3998240	2	COL3A1	2711	116.80680107707	2817.30809423967	23209265	0.96226607432214
GSE135251	GSM3998241	3	COL3A1	4273	168.820907843223	4123.178824103	25310846	1.0363363274523
GSE135251	GSM3998242	4	COL3A1	5513	311.429637153686	7230.42369086035	17702233	0.762472606822299
GSE135251	GSM3998243	2	COL3A1	3911	174.230797313718	4215.58531515762	22447237	0.927747799561203
GSE135251	GSM3998244	0	COL3A1	2506	105.405710406938	2598.32749179156	23774803	0.964466568558724
GSE135251	GSM3998245	2	COL3A1	4237	168.565230208703	3683.11391804833	25135670	1.15038527025664
GSE135251	GSM3998246	2	COL3A1	3052	128.613721078137	2770.05806792878	23729972	1.10178195732988
GSE135251	GSM3998247	0	COL3A1	2876	87.9171429227357	2158.78058213558	32712619	1.33223358770205
GSE135251	GSM3998248	2	COL3A1	5593	205.190260678946	4415.44931968034	27257629	1.26668875465768
GSE135251	GSM3998249	0	COL3A1	2550	81.2543323694764	1961.99595922368	31382942	1.29969686635286
GSE135251	GSM3998250	4	COL3A1	3330	109.531273250726	2628.12953301026	30402276	1.26706083477773
GSE135251	GSM3998251	3	COL3A1	5139	185.157568947054	4801.76497200113	27754739	1.07023147321147
GSE135251	GSM3998252	2	COL3A1	3198	128.514998741172	3375.79432044579	24884255	0.947332596844257
GSE135251	GSM3998253	3	COL3A1	2354	102.261783911207	2650.74423115463	23019352	0.888052484405342
GSE135251	GSM3998254	0	COL3A1	3901	133.023733466405	3215.44051897419	29325594	1.21320857188318
GSE135251	GSM3998255	1	COL3A1	3130	108.625846600523	2978.66439002966	28814505	1.05080653277922
GSE135251	GSM3998256	2	COL3A1	2893	134.132216717789	3220.96434036126	21568271	0.898178214439817
GSE135251	GSM3998257	2	COL3A1	7480	278.676978807733	6152.9069553616	26841112	1.21568553762738
GSE135251	GSM3998258	4	COL3A1	6973	254.969976581375	5392.88272617979	27348318	1.29300048861614
GSE135251	GSM3998259	2	COL3A1	496	23.0324163614485	959.176317866675	21534866	0.517110348494805
GSE135251	GSM3998260	2	COL3A1	985	35.9199751090983	1079.43018147992	27422068	0.912518490681398
GSE135251	GSM3998261	3	COL3A1	3041	106.028103897779	2914.82361264087	28681075	1.04328782942883
GSE135251	GSM3998262	3	COL3A1	2572	93.2997942579926	2410.29629632949	27567049	1.06708872428537
GSE135251	GSM3998263	2	COL3A1	2332	78.1359129978723	2011.76566623565	29845431	1.15918073319323
GSE135251	GSM3998264	2	COL3A1	4821	154.651948908077	4002.80199326497	31173225	1.20440631540399
GSE135251	GSM3998265	3	COL3A1	3403	118.509795219392	3519.99721409952	28714926	0.966762128779284
GSE135251	GSM3998266	0	COL3A1	2391	91.2915253782995	2750.47879669895	26190821	0.8693031929094
GSE135251	GSM3998267	0	COL3A1	3213	106.445498562986	2893.83643885073	30184461	1.11029080872173
GSE135251	GSM3998268	3	COL3A1	1183	73.3804461022484	1736.39632314146	16121461	0.681296075229955
GSE135251	GSM3998269	2	COL3A1	2817	109.951080161051	2591.7546650543	25620485	1.08690843233844
GSE135251	GSM3998270	0	COL3A1	3464	111.923952714586	3023.8186919933	30949586	1.14557132977987
GSE135251	GSM3998271	1	COL3A1	2749	87.2633034477417	2096.92552200535	31502360	1.31096692331307
GSE135251	GSM3998272	0	COL3A1	2410	101.551038308802	2524.18562942449	23731909	0.954763378693933
GSE135251	GSM3998273	1	COL3A1	1513	75.4483040487864	2353.69486251523	20053466	0.642819094393213
GSE135251	GSM3998274	3	COL3A1	2576	91.8262352473364	2640.79420849819	28052985	0.975464120494629
GSE135251	GSM3998275	4	COL3A1	2498	99.1530511493597	2920.79758223944	25193375	0.855245846268033
GSE135251	GSM3998276	0	COL3A1	3191	132.62720189314	3279.29435042787	24059921	0.973075198200384
GSE135251	GSM3998277	2	COL3A1	1737	100.55078908925	2509.66340767987	17274852	0.692124686794482
GSE135251	GSM3998278	2	COL3A1	1893	102.022255726626	2612.56237674087	18554775	0.724576001267188
GSE135251	GSM3998279	1	COL3A1	2486	101.320950494853	2705.23694386772	24535893	0.918958321057722
GSE135251	GSM3998280	3	COL3A1	1118	74.6914451638859	2218.21436818955	14968247	0.50400899752195
GSE135251	GSM3998281	0	COL3A1	3861	161.483057725404	3558.27607826707	23909629	1.08507600733453
GSE135251	GSM3998282	3	COL3A1	4906	181.689202213675	4541.0578176788	27002155	1.08036501559184
GSE135251	GSM3998283	1	COL3A1	2274	127.235831221502	3063.40217970241	17872324	0.742311935098547
GSE135251	GSM3998284	2	COL3A1	1587	74.8008127883655	1948.68157786162	21216347	0.814396778842386
GSE135251	GSM3998285	4	COL3A1	2222	85.7189590894502	2217.15811705564	25921920	1.00218382392628
GSE135251	GSM3998286	0	COL3A1	2315	75.3364798924006	1931.87963792275	30728805	1.19831481970026
GSE135251	GSM3998287	2	COL3A1	2148	76.3350992873365	1897.74716799119	28139087	1.13186837331641
GSE135251	GSM3998288	0	COL3A1	1494	61.3260615565884	1687.13658834601	24361584	0.885524035409988
GSE135251	GSM3998289	0	COL3A1	2675	106.901936715412	2756.20263115657	25022933	0.970538221595667
GSE135251	GSM3998290	0	COL3A1	5330	140.947718709606	3294.35031347957	37815440	1.61792143907438
GSE135251	GSM3998291	1	COL3A1	3054	114.168642561756	2642.88597460897	26749902	1.15555496125854
GSE135251	GSM3998292	1	COL3A1	2607	122.329893174611	3050.08229787874	21311226	0.854731035229149
GSE135251	GSM3998293	0	COL3A1	1868	91.7841041330952	2324.90632617012	20352108	0.803473232006385
GSE135251	GSM3998294	1	COL3A1	2219	77.7756405151713	2370.62174200216	28530784	0.93604136024075
GSE135251	GSM3998295	1	COL3A1	2135	80.2194081596176	2303.37193917968	26614507	0.926901975180074
GSE135251	GSM3998296	1	COL3A1	1924	71.2903259991002	1879.00124957253	26988234	1.02394822804812
GSE135251	GSM3998297	2	COL3A1	1668	64.5313146328702	1717.16874376326	25847916	0.97136638787432
GSE135251	GSM3998298	3	COL3A1	2508	89.3416004949268	2237.31861840987	28072029	1.12098472670044
GSE135251	GSM3998299	2	COL3A1	2029	72.856948236808	2019.09517499177	27849094	1.0049055760872
GSE135251	GSM3998300	1	COL3A1	2218	75.0743508548	1980.58979999975	29544045	1.11986843515012
GSE135251	GSM3998301	3	COL3A1	9058	311.178049394586	7745.17922483001	29108737	1.16950166510818
GSE135251	GSM3998302	1	COL3A1	2448	90.6514607234957	2361.90971247023	27004529	1.03644944049946
GSE135251	GSM3998303	0	COL3A1	1592	66.0325742172745	1589.78756552659	24109313	1.00139165415643
GSE135251	GSM3998304	0	COL3A1	1262	42.446780415069	1283.73372003148	29731348	0.983069915752508
GSE135251	GSM3998305	0	COL3A1	1348	46.0805564015242	1077.13003762845	29253119	1.25147378023914
GSE135251	GSM3998306	1	COL3A1	1477	55.8941433798685	1573.78885692866	26424951	0.938499464840823
GSE135251	GSM3998307	0	COL3A1	1609	57.968113502503	1307.70943641028	27756639	1.2303956484529
GSE135251	GSM3998308	3	COL3A1	3789	128.204486189308	3038.34000690105	29554348	1.24706253789699
GSE135251	GSM3998309	3	COL3A1	3596	127.451175673299	3370.88367281304	28214726	1.06678258552871
GSE135251	GSM3998310	1	COL3A1	1593	71.1081828645349	1924.0797761132	22402485	0.827928249013663
GSE135251	GSM3998311	1	COL3A1	2366	65.7334261195186	1806.22627865988	35993864	1.30991339676192
GSE135251	GSM3998312	2	COL3A1	2979	106.093574746609	2704.63451894996	28078986	1.1014427195718
GSE135251	GSM3998313	2	COL3A1	4770	203.241328497809	4164.38197532722	23469636	1.14542806790081
GSE135251	GSM3998314	3	COL3A1	5434	188.198499475424	4393.53423701183	28873769	1.23681749290198
GSE135251	GSM3998315	1	COL3A1	2259	76.6161115644542	2059.09033199164	29484660	1.0970864001945
GSE135251	GSM3998316	1	COL3A1	2326	80.1562543830067	1985.37834035757	29018322	1.17156511316684
GSE135251	GSM3998317	1	COL3A1	1991	66.8882837998324	1666.95198359371	29766050	1.19439553124241
GSE135251	GSM3998318	2	COL3A1	4351	139.425446672538	3342.34513237552	31206642	1.30178058449266
GSE135251	GSM3998319	3	COL3A1	1506	64.1048697779379	1757.9983781638	23492755	0.856656080407192
GSE135251	GSM3998320	1	COL3A1	2665	97.0772039157119	2187.21926607193	27452377	1.2184420836719
GSE135251	GSM3998321	0	COL3A1	2752	96.49702814049	2447.72567990814	28519013	1.12430899532144
GSE135251	GSM3998322	3	COL3A1	3031	104.981869412945	2742.33877515315	28871652	1.10526096464166
GSE135251	GSM3998323	0	COL3A1	2383	88.1983697180909	2357.49979253537	27018640	1.01081663190189
GSE135251	GSM3998324	3	COL3A1	4996	195.97425111731	4136.68774984114	25493145	1.20772954163433
GSE135251	GSM3998325	0	COL3A1	1494	51.7900966103694	1273.64749269213	28847214	1.17300902217623
GSE135251	GSM3998326	0	COL3A1	2501	98.9322164000817	2457.26361145164	25279935	1.01779881830526
GSE135251	GSM3998327	3	COL3A1	9936	386.243090890121	7529.07599370727	25724732	1.31968385075465
GSE135251	GSM3998328	3	COL3A1	5973	203.59451172187	4714.60668929978	29337726	1.26691374140631
GSE135251	GSM3998329	3	COL3A1	7949	318.917313234174	6814.38559133432	24924956	1.16650281869998
GSE135251	GSM3998330	3	COL3A1	2529	111.868356821044	3218.41438438438	22606929	0.785790671415902
GSE135251	GSM3998331	1	COL3A1	1679	60.9624588893722	1545.45014654037	27541540	1.08641485702958
GSE135251	GSM3998332	4	COL3A1	6172	240.552966259328	4675.97599189886	25657551	1.31993834243225
GSE135251	GSM3998333	3	COL3A1	1554	63.8148151555012	1679.98095270678	24351712	0.925010487467848
GSE135251	GSM3998334	3	COL3A1	3887	136.765250944004	2940.73033414773	28420962	1.32178049611153
GSE135251	GSM3998335	2	COL3A1	3021	144.257195537931	3341.73667079251	20941763	0.904020962035753
GSE135251	GSM3998336	0	COL3A1	1769	80.9863357418795	2087.85309296358	21843191	0.847281835087836
GSE135251	GSM3998337	2	COL3A1	1398	47.5362776945572	1156.60536016287	29409118	1.20870959806302
GSE135251	GSM3998338	3	COL3A1	2034	92.3929907243161	2366.03379162442	22014657	0.859666504848835
GSE135251	GSM3998339	0	COL3A1	1509	49.7308617831048	1177.94253770592	30343331	1.28104720875334
GSE135251	GSM3998340	3	COL3A1	1799	69.0212888664863	1467.33698940506	26064422	1.2260305662501
GSE135251	GSM3998342	control	COL3A1	2272	91.9911947583158	2286.97871862422	24698016	0.993450433752514
GSE135251	GSM3998343	2	COL3A1	2420	138.769289576356	3331.34413091594	17439017	0.726433506986451
GSE135251	GSM3998344	1	COL3A1	1397	66.3226655121997	1548.74855407198	21063689	0.902018598388355
GSE135251	GSM3998345	0	COL3A1	1805	95.7940215189992	2388.3288561172	18842512	0.755758569585956
GSE135251	GSM3998346	0	COL3A1	2884	115.477463676051	2689.60578346614	24974570	1.07227609998791
GSE135251	GSM3998347	2	COL3A1	3648	156.750540666904	3801.76497939269	23272647	0.959554317474604
GSE135251	GSM3998348	2	COL3A1	3246	139.512712096607	3092.11140580551	23266697	1.04976812734029
GSE135251	GSM3998349	0	COL3A1	2107	87.3467550514676	2009.24511064514	24122247	1.04865254559384
GSE135251	GSM3998350	2	COL3A1	4183	185.263569648539	4131.2479294667	22578643	1.01252698250429
GSE135251	GSM3998351	1	COL3A1	4224	204.731904927622	4437.65683499072	20631860	0.951853682487108
GSE135251	GSM3998352	1	COL3A1	2760	108.980317759756	2543.01432014123	25325674	1.08532617301452
GSE135251	GSM3998353	0	COL3A1	1432	69.7745920111016	1656.24585624904	20523230	0.86460593673158
GSE135251	GSM3998354	3	COL3A1	4296	189.973452359779	4162.24339532491	22613686	1.03213569990293
GSE135251	GSM3998355	2	COL3A1	7618	380.694539157217	7331.57796999928	20010794	1.03906690090084
GSE135251	GSM3998356	2	COL3A1	3024	145.624994642599	3284.73368129497	20765666	0.920622581130479
GSE135251	GSM3998357	1	COL3A1	4431	191.243606546254	4847.86485742316	23169402	0.914010627423979
GSE135251	GSM3998358	1	COL3A1	3799	161.865522515882	3598.32841769891	23470100	1.05576800086231
GSE135251	GSM3998359	4	COL3A1	8981	392.603388874116	7376.09517947393	22875503	1.21758190227699
GSE135251	GSM3998360	2	COL3A1	3100	167.909194707502	3700.88057686816	18462360	0.83763848511517
GSE135251	GSM3998361	0	COL3A1	989	51.5669388660644	1241.00669790465	19178955	0.796933652066385
GSE135251	GSM3998362	2	COL3A1	9679	658.782826071465	12951.80499117	14692247	0.747308966325446
GSE135251	GSM3998363	1	COL3A1	2965	139.144959153563	3208.32840582551	21308713	0.924157263519631
GSE135251	GSM3998364	3	COL3A1	2877	125.311842243498	2876.81715710782	22958724	1.00006355735599
GSE135251	GSM3998365	3	COL3A1	3279	146.071114670948	3248.78451818701	22447970	1.00930054968061
GSE135251	GSM3998366	0	COL3A1	1329	56.4079494207871	1433.41319915374	23560509	0.92715764078677
GSE135251	GSM3998367	1	COL3A1	4423	203.181380335194	4105.40449598987	21768727	1.07736034398568
GSE135251	GSM3998368	2	COL3A1	3087	116.999704601329	2830.45719809124	26384682	1.09063652405052
GSE135251	GSM3998369	3	COL3A1	3236	172.253395390689	4741.34352397998	18786277	0.682506969518976
GSE135251	GSM3998370	2	COL3A1	3788	166.590642461123	2973.79704699209	22738372	1.27379237390509
GSE135251	GSM3998371	2	COL3A1	4867	214.304657561896	4614.81169074332	22710659	1.05464758394422
GSE135251	GSM3998372	3	COL3A1	4065	171.629322546765	3644.10735798406	23684764	1.11549951762365
GSE135251	GSM3998373	3	COL3A1	3393	158.670968599983	3262.25294009853	21383874	1.04007876222422
GSE135251	GSM3998374	3	COL3A1	2739	165.732447563288	2951.54301117936	16526637	0.927989187223657
GSE135251	GSM3998375	1	COL3A1	2109	100.973559386433	2020.01796354855	20886656	1.04405012136384
GSE135251	GSM3998376	2	COL3A1	5745	311.343301377064	5641.22738016755	18452300	1.01839539746213
GSE135251	GSM3998377	1	COL3A1	5046	207.923235038304	4162.45535637815	24268572	1.21226525403281
GSE135251	GSM3998378	3	COL3A1	13294	646.348391701517	12309.5976659166	20567855	1.07997030941223
GSE135251	GSM3998379	3	COL3A1	4566	176.499040639194	3663.14165865278	25869829	1.24647104193051
GSE135251	GSM3998380	1	COL3A1	3371	159.643580433749	3192.58616965422	21115788	1.05588379478732
GSE135251	GSM3998381	2	COL3A1	4039	189.914938420352	4000.52673652381	21267416	1.00961704945625
GSE135251	GSM3998382	3	COL3A1	9696	464.048982437641	7906.80182936077	20894346	1.22628595091321
GSE135251	GSM3998167	2	LUM	440	18.8937073090779	442.0791153791	23288177	0.995296960867928
GSE135251	GSM3998168	3	LUM	1397	70.0433897992357	1550.36713926055	19944780	0.901076889869006
GSE135251	GSM3998169	2	LUM	1474	60.1016157671084	1346.12890588671	24525131	1.09499171554381
GSE135251	GSM3998170	3	LUM	1155	41.1813492200876	940.215100043395	28046677	1.22844230000847
GSE135251	GSM3998171	0	LUM	530	18.6421028939262	431.855749709668	28430269	1.22726165011422
GSE135251	GSM3998172	1	LUM	1030	41.3111534418969	1073.34151799655	24932734	0.959620011646014
GSE135251	GSM3998173	3	LUM	709	28.642970782675	616.23251434398	24753019	1.15053974513951
GSE135251	GSM3998174	2	LUM	443	18.0305605383803	467.058377698998	24569397	0.948489570366934
GSE135251	GSM3998175	0	LUM	315	16.802942979453	428.6652183353	18746716	0.734839185748
GSE135251	GSM3998176	2	LUM	334	13.8845897930972	349.981351939644	24055446	0.954336561502283
GSE135251	GSM3998177	1	LUM	431	16.160388443245	398.942500871553	26670151	1.08035618932155
GSE135251	GSM3998178	2	LUM	900	36.1010526224587	915.546185075244	24930021	0.983019769697401
GSE135251	GSM3998179	3	LUM	1218	55.3896720272015	1344.49125103339	21989659	0.905918873822226
GSE135251	GSM3998180	2	LUM	403	17.2533482947976	409.081854409516	23357785	0.985132915713666
GSE135251	GSM3998181	1	LUM	393	17.1602217153043	456.590822460644	22901802	0.860726893024389
GSE135251	GSM3998182	2	LUM	490	18.9313909777704	533.653671995348	25882937	0.91819849785325
GSE135251	GSM3998183	1	LUM	319	14.5603898788585	358.92282856078	21908754	0.888770439258868
GSE135251	GSM3998184	2	LUM	1309	49.437845618789	1196.71038689298	26477691	1.09383190313786
GSE135251	GSM3998185	3	LUM	1461	52.485056038844	1324.7928862623	27836495	1.10281389276024
GSE135251	GSM3998186	2	LUM	543	21.1671545637321	502.081102183364	25652952	1.08149858187989
GSE135251	GSM3998187	2	LUM	1607	70.5857466162326	1491.43140513209	22766636	1.07748837423581
GSE135251	GSM3998188	3	LUM	2645	96.880084029646	2171.5802330127	27301793	1.21800703459642
GSE135251	GSM3998189	0	LUM	1701	66.8882617235049	1650.98700376073	25430471	1.03029278614874
GSE135251	GSM3998190	3	LUM	537	24.874456948221	595.246611473037	21588411	0.902147092733722
GSE135251	GSM3998191	4	LUM	3913	157.664734263001	3388.34821132881	24818486	1.15483998572432
GSE135251	GSM3998192	1	LUM	893	41.7724895271738	966.904502526858	21377706	0.923565871982476
GSE135251	GSM3998193	3	LUM	1061	53.2732174447544	1249.68288519316	19916199	0.849015388280688
GSE135251	GSM3998194	1	LUM	253	12.6175954912593	271.520457312441	20051364	0.931789827198437
GSE135251	GSM3998195	3	LUM	1354	56.7696508943191	1236.38758478149	23850772	1.09512584618786
GSE135251	GSM3998196	1	LUM	688	35.958562773877	803.536495125179	19133134	0.856214999783949
GSE135251	GSM3998197	1	LUM	821	27.7092032186551	644.080985144677	29629145	1.27468442468548
GSE135251	GSM3998198	1	LUM	1017	31.5290227444542	738.165170339849	32255995	1.37774043109048
GSE135251	GSM3998199	2	LUM	1625	66.9515575610351	1364.01157528462	24271280	1.191338863573
GSE135251	GSM3998200	3	LUM	576	20.8384803957835	520.886221951874	27641171	1.10580770948712
GSE135251	GSM3998201	4	LUM	1853	81.0746517279292	1805.78384579746	22855479	1.02614717941598
GSE135251	GSM3998202	0	LUM	457	19.2626469498652	451.324193464191	23724673	1.01257589692288
GSE135251	GSM3998203	3	LUM	450	19.2467563762258	474.599937392672	23380563	0.948167002448805
GSE135251	GSM3998204	1	LUM	587	28.748313607762	727.094659402149	20418589	0.807322667563889
GSE135251	GSM3998205	1	LUM	204	9.53020169971147	237.075078439918	21405633	0.860486902893506
GSE135251	GSM3998206	0	LUM	295	14.0065797688962	285.809508551648	21061530	1.03215600311874
GSE135251	GSM3998207	3	LUM	1035	49.4846638420725	1054.2493166486	20915571	0.981741210219806
GSE135251	GSM3998208	4	LUM	575	24.1086942366426	648.132147267389	23850317	0.887164758644169
GSE135251	GSM3998209	3	LUM	1941	89.6053128333366	1931.95231450567	21661662	1.00468318261605
GSE135251	GSM3998210	3	LUM	1122	58.9628466799923	1296.24617460311	19028932	0.865576324916473
GSE135251	GSM3998211	2	LUM	482	24.0831622571079	529.981177788235	20013983	0.909466260691608
GSE135251	GSM3998212	1	LUM	359	16.7010480303068	380.308028473583	21495657	0.943971657503246
GSE135251	GSM3998213	0	LUM	799	26.174301520419	624.537165131209	30526125	1.27934740253951
GSE135251	GSM3998214	4	LUM	3185	156.529024658555	3395.43687580728	20347664	0.938023623025755
GSE135251	GSM3998215	2	LUM	1601	69.2039907144757	1570.87029427006	23134504	1.01918026322087
GSE135251	GSM3998216	control	LUM	957	38.3140826753847	1017.41959301748	24977761	0.940614871747964
GSE135251	GSM3998217	control	LUM	447	22.7064838491625	584.021912290249	19686007	0.765382240962644
GSE135251	GSM3998218	control	LUM	528	23.0323412021495	531.791319529765	22924287	0.992870663001574
GSE135251	GSM3998219	0	LUM	524	17.5024369805384	468.890815383845	29938688	1.11753095349296
GSE135251	GSM3998220	control	LUM	617	26.7880014066957	701.860643995831	23032700	0.87909188993316
GSE135251	GSM3998221	control	LUM	912	42.9608626541221	1113.09739324583	21228624	0.819335312016655
GSE135251	GSM3998222	control	LUM	196	8.95031892589232	221.54455783977	21898661	0.884697877082385
GSE135251	GSM3998223	control	LUM	299	14.2517952853059	341.370209113245	20979813	0.875881937022837
GSE135251	GSM3998225	3	LUM	2035	67.6563060980075	1296.22550529074	30078497	1.56994287775841
GSE135251	GSM3998226	4	LUM	2876	93.7298143589122	2095.63135460452	30683940	1.37237877915925
GSE135251	GSM3998227	4	LUM	1004	45.9040657148706	955.509687468203	21871701	1.05074811189019
GSE135251	GSM3998228	1	LUM	731	24.93532251486	596.503942898549	29315843	1.22547387775495
GSE135251	GSM3998229	3	LUM	834	34.742246688614	909.391780412707	24005356	0.917096479167106
GSE135251	GSM3998230	4	LUM	246	12.7142525996383	335.46306563574	19348365	0.733314707936036
GSE135251	GSM3998231	1	LUM	305	12.5728239605541	341.94270603374	24258671	0.891962292565775
GSE135251	GSM3998232	1	LUM	53	2.41127014928992	52.5748030422771	21980117	1.0080874664881
GSE135251	GSM3998233	3	LUM	1064	45.9620622054178	942.853773153704	23149527	1.12848888162274
GSE135251	GSM3998234	1	LUM	352	16.0372874222243	375.5731482947	21948849	0.937234202174106
GSE135251	GSM3998235	2	LUM	784	23.7182286537077	659.914677577225	33054745	1.18803237242477
GSE135251	GSM3998236	1	LUM	580	23.9574819133403	560.883260464567	24209556	1.03408327700777
GSE135251	GSM3998237	2	LUM	483	17.9295571087576	530.767250864466	26938758	0.910003394545034
GSE135251	GSM3998238	2	LUM	247	10.0339064792793	252.902396933128	24616534	0.976661364207282
GSE135251	GSM3998239	3	LUM	1177	43.340664546055	1220.83522337482	27156944	0.96409407057109
GSE135251	GSM3998240	2	LUM	402	17.3206691379499	417.763870853688	23209265	0.96226607432214
GSE135251	GSM3998241	3	LUM	963	38.0469305530127	929.235012312471	25310846	1.0363363274523
GSE135251	GSM3998242	4	LUM	1217	68.7483889744305	1596.12291525069	17702233	0.762472606822299
GSE135251	GSM3998243	2	LUM	403	17.953211791723	434.385293277556	22447237	0.927747799561203
GSE135251	GSM3998244	0	LUM	134	5.63621915184744	138.936904988056	23774803	0.964466568558724
GSE135251	GSM3998245	2	LUM	664	26.416642166292	577.19793287328	25135670	1.15038527025664
GSE135251	GSM3998246	2	LUM	155	6.53182397349647	140.681192833866	23729972	1.10178195732988
GSE135251	GSM3998247	0	LUM	631	19.2891923450091	473.640663187604	32712619	1.33223358770205
GSE135251	GSM3998248	2	LUM	1211	44.4279287828006	956.035960331286	27257629	1.26668875465768
GSE135251	GSM3998249	0	LUM	552	17.5891731246867	424.714419408421	31382942	1.29969686635286
GSE135251	GSM3998250	4	LUM	965	31.741044650736	761.605104911382	30402276	1.26706083477773
GSE135251	GSM3998251	3	LUM	926	33.3636716958499	865.233384719409	27754739	1.07023147321147
GSE135251	GSM3998252	2	LUM	319	12.8193510314052	336.734955666731	24884255	0.947332596844257
GSE135251	GSM3998253	3	LUM	908	39.4450721288766	1022.46209086169	23019352	0.888052484405342
GSE135251	GSM3998254	0	LUM	767	26.1546279335382	632.20786415104	29325594	1.21320857188318
GSE135251	GSM3998255	1	LUM	564	19.5734752340878	536.730580184258	28814505	1.05080653277922
GSE135251	GSM3998256	2	LUM	307	14.2338715977743	341.802990836815	21568271	0.898178214439817
GSE135251	GSM3998257	2	LUM	748	27.8676978807733	615.29069553616	26841112	1.21568553762738
GSE135251	GSM3998258	4	LUM	3060	111.889879297147	2366.58843282808	27348318	1.29300048861614
GSE135251	GSM3998259	2	LUM	64	2.9719246917998	123.764686176345	21534866	0.517110348494805
GSE135251	GSM3998260	2	LUM	100	3.64669798061911	109.586820454814	27422068	0.912518490681398
GSE135251	GSM3998261	3	LUM	682	23.7787460895381	653.702631970099	28681075	1.04328782942883
GSE135251	GSM3998262	3	LUM	613	22.236692799436	574.46019815318	27567049	1.06708872428537
GSE135251	GSM3998263	2	LUM	717	24.0237777098947	618.540301325454	29845431	1.15918073319323
GSE135251	GSM3998264	2	LUM	1098	35.2225347233082	911.65247637522	31173225	1.20440631540399
GSE135251	GSM3998265	3	LUM	1118	38.9344552028447	1156.43752141148	28714926	0.966762128779284
GSE135251	GSM3998266	0	LUM	466	17.7924930264691	536.061530431497	26190821	0.8693031929094
GSE135251	GSM3998267	0	LUM	413	13.6825368523228	371.97461850151	30184461	1.11029080872173
GSE135251	GSM3998268	3	LUM	296	18.3606188049582	434.466028444524	16121461	0.681296075229955
GSE135251	GSM3998269	2	LUM	797	31.1079200881638	733.27244162168	25620485	1.08690843233844
GSE135251	GSM3998270	0	LUM	817	26.3977682932495	713.181256165856	30949586	1.14557132977987
GSE135251	GSM3998271	1	LUM	579	18.379575371496	441.658740356892	31502360	1.31096692331307
GSE135251	GSM3998272	0	LUM	125	5.26717003676358	130.922491152723	23731909	0.954763378693933
GSE135251	GSM3998273	1	LUM	256	12.7658729917312	398.245792996629	20053466	0.642819094393213
GSE135251	GSM3998274	3	LUM	692	24.6676066735857	709.405897624514	28052985	0.975464120494629
GSE135251	GSM3998275	4	LUM	679	26.951529916099	793.92376234611	25193375	0.855245846268033
GSE135251	GSM3998276	0	LUM	394	16.3757811174858	404.901903500025	24059921	0.973075198200384
GSE135251	GSM3998277	2	LUM	222	12.8510507644291	320.751454522125	17274852	0.692124686794482
GSE135251	GSM3998278	2	LUM	184	9.91658481442109	253.941615066202	18554775	0.724576001267188
GSE135251	GSM3998279	1	LUM	381	15.5282711739899	414.599869514723	24535893	0.918958321057722
GSE135251	GSM3998280	3	LUM	144	9.62036503005329	285.709185169316	14968247	0.50400899752195
GSE135251	GSM3998281	0	LUM	2162	90.4238204616224	1992.48714872142	23909629	1.08507600733453
GSE135251	GSM3998282	3	LUM	1622	60.0692796556423	1501.34443136466	27002155	1.08036501559184
GSE135251	GSM3998283	1	LUM	341	19.0797794399878	459.375612699438	17872324	0.742311935098547
GSE135251	GSM3998284	2	LUM	210	9.89802815725063	257.859566068645	21216347	0.814396778842386
GSE135251	GSM3998285	4	LUM	455	17.5527121447794	454.008525319674	25921920	1.00218382392628
GSE135251	GSM3998286	0	LUM	425	13.8306712545444	354.664728344349	30728805	1.19831481970026
GSE135251	GSM3998287	2	LUM	778	27.6483739504413	687.359076674648	28139087	1.13186837331641
GSE135251	GSM3998288	0	LUM	213	8.74327383638108	240.535537695917	24361584	0.885524035409988
GSE135251	GSM3998289	0	LUM	370	14.7864361064308	381.231765804835	25022933	0.970538221595667
GSE135251	GSM3998290	0	LUM	1090	28.824205139488	673.703910261301	37815440	1.61792143907438
GSE135251	GSM3998291	1	LUM	503	18.8038072064713	435.288685405473	26749902	1.15555496125854
GSE135251	GSM3998292	1	LUM	372	17.4555888994842	435.224631688106	21311226	0.854731035229149
GSE135251	GSM3998293	0	LUM	122	5.99446504509508	151.840777190982	20352108	0.803473232006385
GSE135251	GSM3998294	1	LUM	322	11.2860550905296	344.001893161197	28530784	0.93604136024075
GSE135251	GSM3998295	1	LUM	387	14.5409419005958	417.519878436784	26614507	0.926901975180074
GSE135251	GSM3998296	1	LUM	424	15.7105500122757	414.083435456732	26988234	1.02394822804812
GSE135251	GSM3998297	2	LUM	262	10.1362136893357	269.723148001183	25847916	0.97136638787432
GSE135251	GSM3998298	3	LUM	668	23.795928680467	595.904639991144	28072029	1.12098472670044
GSE135251	GSM3998299	2	LUM	351	12.6036416121831	349.286548261267	27849094	1.0049055760872
GSE135251	GSM3998300	1	LUM	611	20.6809866421473	545.599805139696	29544045	1.11986843515012
GSE135251	GSM3998301	3	LUM	3170	108.902011104089	2710.55620917544	29108737	1.16950166510818
GSE135251	GSM3998302	1	LUM	392	14.5160835799062	378.21430036288	27004529	1.03644944049946
GSE135251	GSM3998303	0	LUM	203	8.41998276765497	202.717886810237	24109313	1.00139165415643
GSE135251	GSM3998304	0	LUM	363	12.2093354125753	369.251458297486	29731348	0.983069915752508
GSE135251	GSM3998305	0	LUM	218	7.45219680677469	174.194620328637	29253119	1.25147378023914
GSE135251	GSM3998306	1	LUM	271	10.2554589410592	288.758822090499	26424951	0.938499464840823
GSE135251	GSM3998307	0	LUM	254	9.15096384688362	206.43766118596	27756639	1.2303956484529
GSE135251	GSM3998308	3	LUM	830	28.08385419296	665.564055351775	29554348	1.24706253789699
GSE135251	GSM3998309	3	LUM	1308	46.3587702393424	1226.11675306993	28214726	1.06678258552871
GSE135251	GSM3998310	1	LUM	307	13.703836873454	370.805079263497	22402485	0.827928249013663
GSE135251	GSM3998311	1	LUM	664	18.4475887334575	506.903740080371	35993864	1.30991339676192
GSE135251	GSM3998312	2	LUM	602	21.4395206436586	546.555884661925	28078986	1.1014427195718
GSE135251	GSM3998313	2	LUM	1308	55.7315844182671	1141.93115801426	23469636	1.14542806790081
GSE135251	GSM3998314	3	LUM	2774	96.0733598720693	2242.85314197107	28873769	1.23681749290198
GSE135251	GSM3998315	1	LUM	580	19.671245997071	528.673037873019	29484660	1.0970864001945
GSE135251	GSM3998316	1	LUM	415	14.3013093589629	354.227003976092	29018322	1.17156511316684
GSE135251	GSM3998317	1	LUM	586	19.6868580144158	490.624742534363	29766050	1.19439553124241
GSE135251	GSM3998318	2	LUM	1234	39.5428639838916	947.932404815304	31206642	1.30178058449266
GSE135251	GSM3998319	3	LUM	381	16.2177658601556	444.752577742635	23492755	0.856656080407192
GSE135251	GSM3998320	1	LUM	500	18.2133590836233	410.360087443139	27452377	1.2184420836719
GSE135251	GSM3998321	0	LUM	572	20.0567950931542	508.756936376256	28519013	1.12430899532144
GSE135251	GSM3998322	3	LUM	1291	44.7151413434881	1168.04993689301	28871652	1.10526096464166
GSE135251	GSM3998323	0	LUM	619	22.9101094651692	612.376152572132	27018640	1.01081663190189
GSE135251	GSM3998324	3	LUM	2634	103.321893003001	2180.9518681108	25493145	1.20772954163433
GSE135251	GSM3998325	0	LUM	199	6.89841313618709	169.649164019902	28847214	1.17300902217623
GSE135251	GSM3998326	0	LUM	428	16.9304232783826	420.51532415086	25279935	1.01779881830526
GSE135251	GSM3998327	3	LUM	5790	225.075231104448	4387.41445285478	25724732	1.31968385075465
GSE135251	GSM3998328	3	LUM	2493	84.975911220931	1967.77406268615	29337726	1.26691374140631
GSE135251	GSM3998329	3	LUM	1409	56.5296885579256	1207.88392227828	24924956	1.16650281869998
GSE135251	GSM3998330	3	LUM	1078	47.6844953155734	1371.86662964269	22606929	0.785790671415902
GSE135251	GSM3998331	1	LUM	413	14.9955303879159	380.149440453349	27541540	1.08641485702958
GSE135251	GSM3998332	4	LUM	2504	97.5931023190795	1897.05830909183	25657551	1.31993834243225
GSE135251	GSM3998333	3	LUM	528	21.6822537980081	570.804339143617	24351712	0.925010487467848
GSE135251	GSM3998334	3	LUM	1629	57.316849443731	1232.42853468656	28420962	1.32178049611153
GSE135251	GSM3998335	2	LUM	1123	53.6249025452155	1242.22783227408	20941763	0.904020962035753
GSE135251	GSM3998336	0	LUM	398	18.220781020502	469.737439796216	21843191	0.847281835087836
GSE135251	GSM3998337	2	LUM	489	16.6274962751348	404.563677481862	29409118	1.20870959806302
GSE135251	GSM3998338	3	LUM	483	21.9399284758332	561.84578237689	22014657	0.859666504848835
GSE135251	GSM3998339	0	LUM	310	10.2164129574304	241.989520668546	30343331	1.28104720875334
GSE135251	GSM3998340	3	LUM	395	15.1547576999789	322.17793819622	26064422	1.2260305662501
GSE135251	GSM3998342	control	LUM	463	18.7464450585828	466.052441339355	24698016	0.993450433752514
GSE135251	GSM3998343	2	LUM	206	11.8125924184832	283.57722767301	17439017	0.726433506986451
GSE135251	GSM3998344	1	LUM	193	9.16268750454871	213.964546124476	21063689	0.902018598388355
GSE135251	GSM3998345	0	LUM	87	4.61721876573569	115.116127690968	18842512	0.755758569585956
GSE135251	GSM3998346	0	LUM	177	7.08720910910578	165.069425684295	24974570	1.07227609998791
GSE135251	GSM3998347	2	LUM	309	13.277389546621	322.024500721585	23272647	0.959554317474604
GSE135251	GSM3998348	2	LUM	188	8.0802186919785	179.087167064521	23266697	1.04976812734029
GSE135251	GSM3998349	0	LUM	177	7.33762489041755	168.788032550636	24122247	1.04865254559384
GSE135251	GSM3998350	2	LUM	496	21.9676620955475	489.863488648215	22578643	1.01252698250429
GSE135251	GSM3998351	1	LUM	218	10.566182593329	229.026796881623	20631860	0.951853682487108
GSE135251	GSM3998352	1	LUM	252	9.95037683893428	232.188264012895	25325674	1.08532617301452
GSE135251	GSM3998353	0	LUM	51	2.48498896128923	58.9864096848471	20523230	0.86460593673158
GSE135251	GSM3998354	3	LUM	413	18.2632764954815	400.141183023554	22613686	1.03213569990293
GSE135251	GSM3998355	2	LUM	567	28.3347077582229	545.68189931604	20010794	1.03906690090084
GSE135251	GSM3998356	2	LUM	217	10.4499417451865	235.710055833667	20765666	0.920622581130479
GSE135251	GSM3998357	1	LUM	445	19.2063653606597	486.865236188965	23169402	0.914010627423979
GSE135251	GSM3998358	1	LUM	353	15.0404131213757	334.353759264995	23470100	1.05576800086231
GSE135251	GSM3998359	4	LUM	2045	89.3969413481312	1679.55847255586	22875503	1.21758190227699
GSE135251	GSM3998360	2	LUM	200	10.8328512714518	238.766488830204	18462360	0.83763848511517
GSE135251	GSM3998361	0	LUM	66	3.44127195668377	82.8174338338798	19178955	0.796933652066385
GSE135251	GSM3998362	2	LUM	714	48.5970593878527	955.428118989087	14692247	0.747308966325446
GSE135251	GSM3998363	1	LUM	217	10.183627701964	234.808520763621	21308713	0.924157263519631
GSE135251	GSM3998364	3	LUM	238	10.3664297719682	237.984874310622	22958724	1.00006355735599
GSE135251	GSM3998365	3	LUM	343	15.2797780823834	339.839307635909	22447970	1.00930054968061
GSE135251	GSM3998366	0	LUM	195	8.27656142742926	210.320221094793	23560509	0.92715764078677
GSE135251	GSM3998367	1	LUM	301	13.8271751030733	279.386559641183	21768727	1.07736034398568
GSE135251	GSM3998368	2	LUM	432	16.3731365039761	396.098966496733	26384682	1.09063652405052
GSE135251	GSM3998369	3	LUM	143	7.61193928951436	209.521669941019	18786277	0.682506969518976
GSE135251	GSM3998370	2	LUM	1081	47.5407826030817	848.646939756718	22738372	1.27379237390509
GSE135251	GSM3998371	2	LUM	2249	99.0283901493127	2132.46589120233	22710659	1.05464758394422
GSE135251	GSM3998372	3	LUM	2363	99.7687796255855	2118.33350231644	23684764	1.11549951762365
GSE135251	GSM3998373	3	LUM	551	25.7670803709375	529.767571468991	21383874	1.04007876222422
GSE135251	GSM3998374	3	LUM	738	44.6551830236242	795.267886911416	16526637	0.927989187223657
GSE135251	GSM3998375	1	LUM	361	17.2837624174976	345.768840607409	20886656	1.04405012136384
GSE135251	GSM3998376	2	LUM	1727	93.5926686646109	1695.80499313305	18452300	1.01839539746213
GSE135251	GSM3998377	1	LUM	926	38.1563447573265	763.859227111804	24268572	1.21226525403281
GSE135251	GSM3998378	3	LUM	4088	198.756749306138	3785.28924765061	20567855	1.07997030941223
GSE135251	GSM3998379	3	LUM	1637	63.278346370206	1313.30768620556	25869829	1.24647104193051
GSE135251	GSM3998380	1	LUM	843	39.922734590819	798.383310892466	21115788	1.05588379478732
GSE135251	GSM3998381	2	LUM	674	31.6916733090658	667.579851551634	21267416	1.00961704945625
GSE135251	GSM3998382	3	LUM	1642	78.5858528426781	1339.0025375217	20894346	1.22628595091321
GSE135251	GSM3998167	2	THBS2	79	3.39227926685717	79.3732957157929	23288177	0.995296960867928
GSE135251	GSM3998168	3	THBS2	246	12.3340543239885	273.006668760268	19944780	0.901076889869006
GSE135251	GSM3998169	2	THBS2	310	12.6400955819563	283.107164738725	24525131	1.09499171554381
GSE135251	GSM3998170	3	THBS2	204	7.27358895315834	166.06396572195	28046677	1.22844230000847
GSE135251	GSM3998171	0	THBS2	114	4.00981081114639	92.8897272960419	28430269	1.22726165011422
GSE135251	GSM3998172	1	THBS2	232	9.30503650341756	241.762361335145	24932734	0.959620011646014
GSE135251	GSM3998173	3	THBS2	213	8.60501096856105	185.130501488389	24753019	1.15053974513951
GSE135251	GSM3998174	2	THBS2	108	4.39571227572252	113.865247836325	24569397	0.948489570366934
GSE135251	GSM3998175	0	THBS2	65	3.4672739481411	88.4547275929983	18746716	0.734839185748
GSE135251	GSM3998176	2	THBS2	90	3.74135653107409	94.3063523190657	24055446	0.954336561502283
GSE135251	GSM3998177	1	THBS2	58	2.17471584619075	53.6859977971	26670151	1.08035618932155
GSE135251	GSM3998178	2	THBS2	194	7.78178245417443	197.351066560664	24930021	0.983019769697401
GSE135251	GSM3998179	3	THBS2	191	8.6859009500784	210.835655950227	21989659	0.905918873822226
GSE135251	GSM3998180	2	THBS2	88	3.76748052094837	89.3280476129961	23357785	0.985132915713666
GSE135251	GSM3998181	1	THBS2	53	2.31422837381967	61.5758615532166	22901802	0.860726893024389
GSE135251	GSM3998182	2	THBS2	53	2.04768106494251	57.7217237056193	25882937	0.91819849785325
GSE135251	GSM3998183	1	THBS2	85	3.87972771066762	95.6377442873552	21908754	0.888770439258868
GSE135251	GSM3998184	2	THBS2	219	8.27111397289137	200.213578861393	26477691	1.09383190313786
GSE135251	GSM3998185	3	THBS2	347	12.4656498600129	314.649645128691	27836495	1.10281389276024
GSE135251	GSM3998186	2	THBS2	60	2.33891210648973	55.478574826891	25652952	1.08149858187989
GSE135251	GSM3998187	2	THBS2	426	18.7115918223492	395.363894577642	22766636	1.07748837423581
GSE135251	GSM3998188	3	THBS2	698	25.5660864471429	573.067297785581	27301793	1.21800703459642
GSE135251	GSM3998189	0	THBS2	169	6.64557097664451	164.031042701684	25430471	1.03029278614874
GSE135251	GSM3998190	3	THBS2	109	5.04900522785118	120.822868995458	21588411	0.902147092733722
GSE135251	GSM3998191	4	THBS2	748	30.1388247453934	647.70878151647	24818486	1.15483998572432
GSE135251	GSM3998192	1	THBS2	90	4.20999334540385	97.4483821135691	21377706	0.923565871982476
GSE135251	GSM3998193	3	THBS2	213	10.6948117961665	250.878845001077	19916199	0.849015388280688
GSE135251	GSM3998194	1	THBS2	90	4.48847270440056	96.5883049728051	20051364	0.931789827198437
GSE135251	GSM3998195	3	THBS2	301	12.6201365725185	274.854256291898	23850772	1.09512584618786
GSE135251	GSM3998196	1	THBS2	107	5.59239275698377	124.968611887201	19133134	0.856214999783949
GSE135251	GSM3998197	1	THBS2	130	4.38757176422067	101.986026880399	29629145	1.27468442468548
GSE135251	GSM3998198	1	THBS2	123	3.8132446387098	89.2766135219287	32255995	1.37774043109048
GSE135251	GSM3998199	2	THBS2	380	15.6563642296574	318.968860681942	24271280	1.191338863573
GSE135251	GSM3998200	3	THBS2	176	6.36731345426719	159.159678929739	27641171	1.10580770948712
GSE135251	GSM3998201	4	THBS2	520	22.7516561783719	506.749918950177	22855479	1.02614717941598
GSE135251	GSM3998202	0	THBS2	130	5.47952757873628	128.385437965744	23724673	1.01257589692288
GSE135251	GSM3998203	3	THBS2	110	4.7047626697441	116.01331802932	23380563	0.948167002448805
GSE135251	GSM3998204	1	THBS2	141	6.90547226353398	174.651357709886	20418589	0.807322667563889
GSE135251	GSM3998205	1	THBS2	34	1.58836694995191	39.5125130733197	21405633	0.860486902893506
GSE135251	GSM3998206	0	THBS2	64	3.03871561087917	62.0061306688321	21061530	1.03215600311874
GSE135251	GSM3998207	3	THBS2	310	14.8214935179154	315.765495807793	20915571	0.981741210219806
GSE135251	GSM3998208	4	THBS2	121	5.07330783066741	136.38954751192	23850317	0.887164758644169
GSE135251	GSM3998209	3	THBS2	414	19.1121069103562	412.070200002755	21661662	1.00468318261605
GSE135251	GSM3998210	3	THBS2	269	14.1363687673065	310.775598010907	19028932	0.865576324916473
GSE135251	GSM3998211	2	THBS2	178	8.89378191237596	195.719190137564	20013983	0.909466260691608
GSE135251	GSM3998212	1	THBS2	57	2.6516984337813	60.3831688662792	21495657	0.943971657503246
GSE135251	GSM3998213	0	THBS2	249	8.15694753264622	194.630480748024	30526125	1.27934740253951
GSE135251	GSM3998214	4	THBS2	584	28.7010833282877	622.585599834051	20347664	0.938023623025755
GSE135251	GSM3998215	2	THBS2	186	8.0399389587086	182.499609452986	23134504	1.01918026322087
GSE135251	GSM3998216	control	THBS2	115	4.6040956192991	122.260452661452	24977761	0.940614871747964
GSE135251	GSM3998217	control	THBS2	98	4.97815529578954	128.040598220234	19686007	0.765382240962644
GSE135251	GSM3998218	control	THBS2	301	13.1301793595587	303.161339353143	22924287	0.992870663001574
GSE135251	GSM3998219	0	THBS2	68	2.27130861579505	60.8484264238578	29938688	1.11753095349296
GSE135251	GSM3998220	control	THBS2	140	6.07831474382074	159.255251473932	23032700	0.87909188993316
GSE135251	GSM3998221	control	THBS2	120	5.6527450860687	146.46018332182	21228624	0.819335312016655
GSE135251	GSM3998222	control	THBS2	79	3.60752650584435	89.2960207619481	21898661	0.884697877082385
GSE135251	GSM3998223	control	THBS2	101	4.81415158466856	115.312344884407	20979813	0.875881937022837
GSE135251	GSM3998225	3	THBS2	837	27.8271883066498	533.140416672409	30078497	1.56994287775841
GSE135251	GSM3998226	4	THBS2	709	23.106550201832	516.621220589224	30683940	1.37237877915925
GSE135251	GSM3998227	4	THBS2	413	18.8828477492446	393.053287773275	21871701	1.05074811189019
GSE135251	GSM3998228	1	THBS2	238	8.11847709786139	194.210586059993	29315843	1.22547387775495
GSE135251	GSM3998229	3	THBS2	243	10.1227409416465	264.96666983248	24005356	0.917096479167106
GSE135251	GSM3998230	4	THBS2	232	11.9906772484393	316.37167165647	19348365	0.733314707936036
GSE135251	GSM3998231	1	THBS2	63	2.59700953939315	70.6307884594283	24258671	0.891962292565775
GSE135251	GSM3998232	1	THBS2	57	2.59325280206652	56.5427127058452	21980117	1.0080874664881
GSE135251	GSM3998233	3	THBS2	606	26.1776406921835	537.001303130775	23149527	1.12848888162274
GSE135251	GSM3998234	1	THBS2	111	5.05721279507641	118.433578013385	21948849	0.937234202174106
GSE135251	GSM3998235	2	THBS2	165	4.99171904064	138.885104337044	33054745	1.18803237242477
GSE135251	GSM3998236	1	THBS2	209	8.63295468946229	202.111381788094	24209556	1.03408327700777
GSE135251	GSM3998237	2	THBS2	120	4.45454835000188	131.867639966327	26938758	0.910003394545034
GSE135251	GSM3998238	2	THBS2	110	4.46854134704748	112.62859782447	24616534	0.976661364207282
GSE135251	GSM3998239	3	THBS2	256	9.42668659625324	265.534254191975	27156944	0.96409407057109
GSE135251	GSM3998240	2	THBS2	128	5.51503892949648	133.019341963363	23209265	0.96226607432214
GSE135251	GSM3998241	3	THBS2	271	10.7068724609205	261.498118729678	25310846	1.0363363274523
GSE135251	GSM3998242	4	THBS2	429	24.2342307888502	562.64316404482	17702233	0.762472606822299
GSE135251	GSM3998243	2	THBS2	187	8.33064666266053	201.563399113903	22447237	0.927747799561203
GSE135251	GSM3998244	0	THBS2	58	2.43955754333695	60.1368693231885	23774803	0.964466568558724
GSE135251	GSM3998245	2	THBS2	168	6.68372874086905	146.038031208902	25135670	1.15038527025664
GSE135251	GSM3998246	2	THBS2	104	4.38264318221699	94.3925422885298	23729972	1.10178195732988
GSE135251	GSM3998247	0	THBS2	189	5.77758693059703	141.86701322101	32712619	1.33223358770205
GSE135251	GSM3998248	2	THBS2	211	7.74095208354329	166.576042634105	27257629	1.26668875465768
GSE135251	GSM3998249	0	THBS2	78	2.48542663718398	60.0139940468421	31382942	1.29969686635286
GSE135251	GSM3998250	4	THBS2	229	7.53233080312803	180.733232149955	30402276	1.26706083477773
GSE135251	GSM3998251	3	THBS2	319	11.493532690039	298.066360394699	27754739	1.07023147321147
GSE135251	GSM3998252	2	THBS2	131	5.26437299408803	138.283006872545	24884255	0.947332596844257
GSE135251	GSM3998253	3	THBS2	169	7.34164888742307	190.304067572274	23019352	0.888052484405342
GSE135251	GSM3998254	0	THBS2	164	5.5923845907435	135.17873496841	29325594	1.21320857188318
GSE135251	GSM3998255	1	THBS2	154	5.34453047171902	146.554094589319	28814505	1.05080653277922
GSE135251	GSM3998256	2	THBS2	49	2.27185572733206	54.5548747589705	21568271	0.898178214439817
GSE135251	GSM3998257	2	THBS2	282	10.5062711261739	231.967882541707	26841112	1.21568553762738
GSE135251	GSM3998258	4	THBS2	856	31.2999139471758	662.02604526171	27348318	1.29300048861614
GSE135251	GSM3998259	2	THBS2	29	1.34665337597178	56.0808734236564	21534866	0.517110348494805
GSE135251	GSM3998260	2	THBS2	45	1.6410140912786	49.3140692046662	27422068	0.912518490681398
GSE135251	GSM3998261	3	THBS2	116	4.04447880701822	111.186957930398	28681075	1.04328782942883
GSE135251	GSM3998262	3	THBS2	154	5.58637959398556	144.317896436525	27567049	1.06708872428537
GSE135251	GSM3998263	2	THBS2	110	3.68565627348454	94.8946068979079	29845431	1.15918073319323
GSE135251	GSM3998264	2	THBS2	308	9.88027385681141	255.727652753705	31173225	1.20440631540399
GSE135251	GSM3998265	3	THBS2	165	5.74614052635901	170.672800566095	28714926	0.966762128779284
GSE135251	GSM3998266	0	THBS2	62	2.36724156146155	71.3214911732893	26190821	0.8693031929094
GSE135251	GSM3998267	0	THBS2	156	5.16822215245122	140.503729990885	30184461	1.11029080872173
GSE135251	GSM3998268	3	THBS2	88	5.45856234742	129.165576024048	16121461	0.681296075229955
GSE135251	GSM3998269	2	THBS2	114	4.44956447936095	104.884640332336	25620485	1.08690843233844
GSE135251	GSM3998270	0	THBS2	110	3.5541670896664	96.0219561545216	30949586	1.14557132977987
GSE135251	GSM3998271	1	THBS2	144	4.57108610275548	109.842588275289	31502360	1.31096692331307
GSE135251	GSM3998272	0	THBS2	91	3.83449978676389	95.3115735591821	23731909	0.954763378693933
GSE135251	GSM3998273	1	THBS2	93	4.63760229777735	144.675229487057	20053466	0.642819094393213
GSE135251	GSM3998274	3	THBS2	191	6.80854461655328	195.804228968616	28052985	0.975464120494629
GSE135251	GSM3998275	4	THBS2	117	4.64407805623502	136.802769064057	25193375	0.855245846268033
GSE135251	GSM3998276	0	THBS2	305	12.6766833523684	313.439290780476	24059921	0.973075198200384
GSE135251	GSM3998277	2	THBS2	49	2.83649318674337	70.7964922143428	17274852	0.692124686794482
GSE135251	GSM3998278	2	THBS2	109	5.87449861289075	150.432804577261	18554775	0.724576001267188
GSE135251	GSM3998279	1	THBS2	88	3.58658231840186	95.760599782928	24535893	0.918958321057722
GSE135251	GSM3998280	3	THBS2	251	16.7688307121068	498.006982482627	14968247	0.50400899752195
GSE135251	GSM3998281	0	THBS2	311	13.0073118240354	286.615866444201	23909629	1.08507600733453
GSE135251	GSM3998282	3	THBS2	375	13.887780438265	347.104908607736	27002155	1.08036501559184
GSE135251	GSM3998283	1	THBS2	140	7.8333405325463	188.599958293024	17872324	0.742311935098547
GSE135251	GSM3998284	2	THBS2	61	2.87514151234423	74.9020644294636	21216347	0.814396778842386
GSE135251	GSM3998285	4	THBS2	515	19.8673555045305	513.877781405784	25921920	1.00218382392628
GSE135251	GSM3998286	0	THBS2	115	3.74241692770025	95.9681029637651	30728805	1.19831481970026
GSE135251	GSM3998287	2	THBS2	79	2.80748270190856	69.7961016160632	28139087	1.13186837331641
GSE135251	GSM3998288	0	THBS2	53	2.17555640060187	59.8515657177635	24361584	0.885524035409988
GSE135251	GSM3998289	0	THBS2	92	3.67662735619362	94.7927633893102	25022933	0.970538221595667
GSE135251	GSM3998290	0	THBS2	325	8.59437309204917	200.875019114608	37815440	1.61792143907438
GSE135251	GSM3998291	1	THBS2	208	7.77572942136386	180.000092573237	26749902	1.15555496125854
GSE135251	GSM3998292	1	THBS2	109	5.11467524205318	127.525496919364	21311226	0.854731035229149
GSE135251	GSM3998293	0	THBS2	50	2.45674796930126	62.2298267176157	20352108	0.803473232006385
GSE135251	GSM3998294	1	THBS2	134	4.69668131096573	143.156067340374	28530784	0.93604136024075
GSE135251	GSM3998295	1	THBS2	57	2.14168911714202	61.4951758937899	26614507	0.926901975180074
GSE135251	GSM3998296	1	THBS2	82	3.03836108727974	80.0821738383302	26988234	1.02394822804812
GSE135251	GSM3998297	2	THBS2	76	2.94027572667754	78.2403024736257	25847916	0.97136638787432
GSE135251	GSM3998298	3	THBS2	161	5.73524628376524	143.623723111638	28072029	1.12098472670044
GSE135251	GSM3998299	2	THBS2	45	1.61585148874143	44.7803267001625	27849094	1.0049055760872
GSE135251	GSM3998300	1	THBS2	96	3.24938578992822	85.7243556356969	29544045	1.11986843515012
GSE135251	GSM3998301	3	THBS2	787	27.0365560690593	672.936194517688	29108737	1.16950166510818
GSE135251	GSM3998302	1	THBS2	110	4.07339080048387	106.131563877339	27004529	1.03644944049946
GSE135251	GSM3998303	0	THBS2	42	1.74206540020448	41.9416317538422	24109313	1.00139165415643
GSE135251	GSM3998304	0	THBS2	49	1.64809210803358	49.8438607619196	29731348	0.983069915752508
GSE135251	GSM3998305	0	THBS2	58	1.98269456327033	46.3453577021144	29253119	1.25147378023914
GSE135251	GSM3998306	1	THBS2	43	1.62724994267728	45.8178204793043	26424951	0.938499464840823
GSE135251	GSM3998307	0	THBS2	59	2.12561758648084	47.9520551573687	27756639	1.2303956484529
GSE135251	GSM3998308	3	THBS2	208	7.0378815326936	166.791956039963	29554348	1.24706253789699
GSE135251	GSM3998309	3	THBS2	217	7.6910192216646	203.415394049063	28214726	1.06678258552871
GSE135251	GSM3998310	1	THBS2	64	2.85682592801647	77.3013846021623	22402485	0.827928249013663
GSE135251	GSM3998311	1	THBS2	179	4.97306985435073	136.65025523251	35993864	1.30991339676192
GSE135251	GSM3998312	2	THBS2	118	4.20243095673042	107.132216594862	28078986	1.1014427195718
GSE135251	GSM3998313	2	THBS2	360	15.3389681885139	314.292979269979	23469636	1.14542806790081
GSE135251	GSM3998314	3	THBS2	426	14.7538757409883	344.432385897504	28873769	1.23681749290198
GSE135251	GSM3998315	1	THBS2	116	3.9342491994142	105.734607574604	29484660	1.0970864001945
GSE135251	GSM3998316	1	THBS2	112	3.85963047759964	95.5986131212586	29018322	1.17156511316684
GSE135251	GSM3998317	1	THBS2	106	3.56110400943357	88.7478203219155	29766050	1.19439553124241
GSE135251	GSM3998318	2	THBS2	219	7.01773680103101	168.231115603364	31206642	1.30178058449266
GSE135251	GSM3998319	3	THBS2	86	3.66070305504825	100.390345632196	23492755	0.856656080407192
GSE135251	GSM3998320	1	THBS2	113	4.11621915289885	92.7413797621494	27452377	1.2184420836719
GSE135251	GSM3998321	0	THBS2	130	4.5583625211714	115.626576449149	28519013	1.12430899532144
GSE135251	GSM3998322	3	THBS2	199	6.89257407231148	180.047976329752	28871652	1.10526096464166
GSE135251	GSM3998323	0	THBS2	112	4.14528636526487	110.801500950047	27018640	1.01081663190189
GSE135251	GSM3998324	3	THBS2	487	19.1031745985048	403.235975615019	25493145	1.20772954163433
GSE135251	GSM3998325	0	THBS2	41	1.4212810984104	34.9528428382713	28847214	1.17300902217623
GSE135251	GSM3998326	0	THBS2	92	3.63924986357758	90.3911444436429	25279935	1.01779881830526
GSE135251	GSM3998327	3	THBS2	1159	45.0539193177989	878.240647816699	25724732	1.31968385075465
GSE135251	GSM3998328	3	THBS2	340	11.5891736121607	268.368704899033	29337726	1.26691374140631
GSE135251	GSM3998329	3	THBS2	620	24.8746677827636	531.503216332529	24924956	1.16650281869998
GSE135251	GSM3998330	3	THBS2	167	7.38711569359996	212.524793274888	22606929	0.785790671415902
GSE135251	GSM3998331	1	THBS2	87	3.15886475483942	80.079906342473	27541540	1.08641485702958
GSE135251	GSM3998332	4	THBS2	607	23.6577528385308	459.869965502691	25657551	1.31993834243225
GSE135251	GSM3998333	3	THBS2	114	4.68139570638812	123.241845951463	24351712	0.925010487467848
GSE135251	GSM3998334	3	THBS2	244	8.58521256247414	184.599485858515	28420962	1.32178049611153
GSE135251	GSM3998335	2	THBS2	141	6.73295748786766	155.969834684457	20941763	0.904020962035753
GSE135251	GSM3998336	0	THBS2	95	4.34918139936605	112.123258242815	21843191	0.847281835087836
GSE135251	GSM3998337	2	THBS2	75	2.55022949005135	62.0496437855616	29409118	1.20870959806302
GSE135251	GSM3998338	3	THBS2	147	6.67736953612314	170.996542462532	22014657	0.859666504848835
GSE135251	GSM3998339	0	THBS2	116	3.8229158163288	90.5509174114558	30343331	1.28104720875334
GSE135251	GSM3998340	3	THBS2	78	2.99258506480596	63.6199472893802	26064422	1.2260305662501
GSE135251	GSM3998342	control	THBS2	188	7.61194745359303	189.239436224187	24698016	0.993450433752514
GSE135251	GSM3998343	2	THBS2	105	6.02098157252786	144.541790804204	17439017	0.726433506986451
GSE135251	GSM3998344	1	THBS2	89	4.22528076634629	98.6675886273489	21063689	0.902018598388355
GSE135251	GSM3998345	0	THBS2	53	2.81278844349416	70.1282157197849	18842512	0.755758569585956
GSE135251	GSM3998346	0	THBS2	63	2.5225659540885	58.753524396105	24974570	1.07227609998791
GSE135251	GSM3998347	2	THBS2	145	6.23049024032376	151.111820726957	23272647	0.959554317474604
GSE135251	GSM3998348	2	THBS2	112	4.81374730585953	106.690227187374	23266697	1.04976812734029
GSE135251	GSM3998349	0	THBS2	80	3.31644062843731	76.2883762940728	24122247	1.04865254559384
GSE135251	GSM3998350	2	THBS2	306	13.5526302444305	302.214168399907	22578643	1.01252698250429
GSE135251	GSM3998351	1	THBS2	97	4.70146656675646	101.906418795952	20631860	0.951853682487108
GSE135251	GSM3998352	1	THBS2	69	2.72450794399391	63.5753580035308	25325674	1.08532617301452
GSE135251	GSM3998353	0	THBS2	46	2.24136259253539	53.2034283431954	20523230	0.86460593673158
GSE135251	GSM3998354	3	THBS2	252	11.1436941328362	244.153942183863	22613686	1.03213569990293
GSE135251	GSM3998355	2	THBS2	359	17.9403176105856	345.502296039609	20010794	1.03906690090084
GSE135251	GSM3998356	2	THBS2	107	5.15273625223482	116.225695733652	20765666	0.920622581130479
GSE135251	GSM3998357	1	THBS2	113	4.87712199045966	123.630947616524	23169402	0.914010627423979
GSE135251	GSM3998358	1	THBS2	202	8.60669532724616	191.329913233793	23470100	1.05576800086231
GSE135251	GSM3998359	4	THBS2	470	20.5459963000595	386.010993692545	22875503	1.21758190227699
GSE135251	GSM3998360	2	THBS2	114	6.1747252247275	136.096898633216	18462360	0.83763848511517
GSE135251	GSM3998361	0	THBS2	56	2.91986711476199	70.2693377984435	19178955	0.796933652066385
GSE135251	GSM3998362	2	THBS2	511	34.780248385424	683.786791041209	14692247	0.747308966325446
GSE135251	GSM3998363	1	THBS2	111	5.2091367507742	120.109427671714	21308713	0.924157263519631
GSE135251	GSM3998364	3	THBS2	135	5.88011772779707	134.991420302244	22958724	1.00006355735599
GSE135251	GSM3998365	3	THBS2	127	5.65752716169881	125.829714489098	22447970	1.00930054968061
GSE135251	GSM3998366	0	THBS2	51	2.16463914255842	55.0068270555612	23560509	0.92715764078677
GSE135251	GSM3998367	1	THBS2	238	10.9331151977789	220.910302972098	21768727	1.07736034398568
GSE135251	GSM3998368	2	THBS2	143	5.41981138904763	131.116093076465	26384682	1.09063652405052
GSE135251	GSM3998369	3	THBS2	120	6.38764136183023	175.822380370086	18786277	0.682506969518976
GSE135251	GSM3998370	2	THBS2	223	9.8072104722361	175.067777581636	22738372	1.27379237390509
GSE135251	GSM3998371	2	THBS2	401	17.6569072698419	380.221797408685	22710659	1.05464758394422
GSE135251	GSM3998372	3	THBS2	273	11.5263973075687	244.733409281586	23684764	1.11549951762365
GSE135251	GSM3998373	3	THBS2	109	5.09729902074806	104.799755517459	21383874	1.04007876222422
GSE135251	GSM3998374	3	THBS2	139	8.41066455323004	149.786228022611	16526637	0.927989187223657
GSE135251	GSM3998375	1	THBS2	97	4.64411344736084	92.9074170053149	20886656	1.04405012136384
GSE135251	GSM3998376	2	THBS2	579	31.3782021753386	568.541453980333	18452300	1.01839539746213
GSE135251	GSM3998377	1	THBS2	206	8.48834451404887	169.929806463317	24268572	1.21226525403281
GSE135251	GSM3998378	3	THBS2	1363	66.2684562877364	1262.07173301071	20567855	1.07997030941223
GSE135251	GSM3998379	3	THBS2	426	16.4670589821061	341.764859085871	25869829	1.24647104193051
GSE135251	GSM3998380	1	THBS2	159	7.52991079470963	150.584752588259	21115788	1.05588379478732
GSE135251	GSM3998381	2	THBS2	162	7.61728646300989	160.45687826612	21267416	1.00961704945625
GSE135251	GSM3998382	3	THBS2	563	26.9450883985553	459.109883449888	20894346	1.22628595091321
GSE135251	GSM3998167	2	ALB	3547755	152341.464941631	3564519.07268586	23288177	0.995296960867928
GSE135251	GSM3998168	3	ALB	3091362	154996.044077699	3430741.63232552	19944780	0.901076889869006
GSE135251	GSM3998169	2	ALB	3667287	149531.800666019	3349145.88662317	24525131	1.09499171554381
GSE135251	GSM3998170	3	ALB	4749437	169340.453416282	3866227.17238511	28046677	1.22844230000847
GSE135251	GSM3998171	0	ALB	4177039	146922.246848948	3403543.97907835	28430269	1.22726165011422
GSE135251	GSM3998172	1	ALB	5195662	208387.174868187	5414291.00784174	24932734	0.959620011646014
GSE135251	GSM3998173	3	ALB	3478443	140526.010180819	3023314.07036984	24753019	1.15053974513951
GSE135251	GSM3998174	2	ALB	3861182	157154.121446285	4070874.49417737	24569397	0.948489570366934
GSE135251	GSM3998175	0	ALB	3467423	184961.622078235	4718614.72176457	18746716	0.734839185748
GSE135251	GSM3998176	2	ALB	3845354	159853.781135465	4029347.87906143	24055446	0.954336561502283
GSE135251	GSM3998177	1	ALB	4009172	150324.308250073	3710972.39931371	26670151	1.08035618932155
GSE135251	GSM3998178	2	ALB	4812407	193036.620386321	4895534.299866	24930021	0.983019769697401
GSE135251	GSM3998179	3	ALB	3784701	172112.764458967	4177748.26131142	21989659	0.905918873822226
GSE135251	GSM3998180	2	ALB	4097156	175408.584332804	4158988.02552128	23357785	0.985132915713666
GSE135251	GSM3998181	1	ALB	4076404	177994.901885887	4736001.66677317	22901802	0.860726893024389
GSE135251	GSM3998182	2	ALB	4524908	174822.045890696	4928028.10130842	25882937	0.91819849785325
GSE135251	GSM3998183	1	ALB	3151492	143846.245204086	3545901.01199583	21908754	0.888770439258868
GSE135251	GSM3998184	2	ALB	4255987	160738.600658192	3890896.75277426	26477691	1.09383190313786
GSE135251	GSM3998185	3	ALB	4475158	160765.857914224	4057944.88932226	27836495	1.10281389276024
GSE135251	GSM3998186	2	ALB	2354942	91800.0392313524	2177480.43266647	25652952	1.08149858187989
GSE135251	GSM3998187	2	ALB	2720931	119513.967720132	2525253.23248131	22766636	1.07748837423581
GSE135251	GSM3998188	3	ALB	4402630	161257.907127199	3614617.87571595	27301793	1.21800703459642
GSE135251	GSM3998189	0	ALB	4437477	174494.487341583	4307005.79452509	25430471	1.03029278614874
GSE135251	GSM3998190	3	ALB	3703754	171562.140446557	4105487.92966426	21588411	0.902147092733722
GSE135251	GSM3998191	4	ALB	3272864	131872.024748004	2834041.11431701	24818486	1.15483998572432
GSE135251	GSM3998192	1	ALB	2741413	128237.005411151	2968291.79505673	21377706	0.923565871982476
GSE135251	GSM3998193	3	ALB	3332225	167312.296889582	3924811.07644936	19916199	0.849015388280688
GSE135251	GSM3998194	1	ALB	2580877	128713.288532391	2769805.94192554	20051364	0.931789827198437
GSE135251	GSM3998195	3	ALB	3595024	150729.879938477	3282749.66070274	23850772	1.09512584618786
GSE135251	GSM3998196	1	ALB	2866519	149819.627040714	3347896.26521763	19133134	0.856214999783949
GSE135251	GSM3998197	1	ALB	4486311	151415.472839328	3519546.41722947	29629145	1.27468442468548
GSE135251	GSM3998198	1	ALB	5290967	164030.500376752	3840322.08143316	32255995	1.37774043109048
GSE135251	GSM3998199	2	ALB	3225722	132902.838251629	2707644.39793862	24271280	1.191338863573
GSE135251	GSM3998200	3	ALB	4408227	159480.472082749	3986431.78391709	27641171	1.10580770948712
GSE135251	GSM3998201	4	ALB	2319849	101500.782372577	2260737.1013974	22855479	1.02614717941598
GSE135251	GSM3998202	0	ALB	2828287	119212.897054472	2793160.50144476	23724673	1.01257589692288
GSE135251	GSM3998203	3	ALB	3550828	151870.936555292	3744939.43664921	23380563	0.948167002448805
GSE135251	GSM3998204	1	ALB	3052202	149481.533714205	3780646.97379311	20418589	0.807322667563889
GSE135251	GSM3998205	1	ALB	2893191	135160.263655833	3362271.97679738	21405633	0.860486902893506
GSE135251	GSM3998206	0	ALB	2208008	104836.068414783	2139219.25884104	21061530	1.03215600311874
GSE135251	GSM3998207	3	ALB	2557355	122270.388888737	2604917.64365013	20915571	0.981741210219806
GSE135251	GSM3998208	4	ALB	3487714	146233.444192796	3931303.58934702	23850317	0.887164758644169
GSE135251	GSM3998209	3	ALB	2880016	132954.525834629	2866591.22978535	21661662	1.00468318261605
GSE135251	GSM3998210	3	ALB	2482373	130452.565598532	2867884.5857291	19028932	0.865576324916473
GSE135251	GSM3998211	2	ALB	2581329	128976.276236469	2838290.00763263	20013983	0.909466260691608
GSE135251	GSM3998212	1	ALB	3410737	158670.981770876	3613177.33735906	21495657	0.943971657503246
GSE135251	GSM3998213	0	ALB	4935956	161696.120945584	3858182.68767507	30526125	1.27934740253951
GSE135251	GSM3998214	4	ALB	2416743	118772.50381174	2576420.18886943	20347664	0.938023623025755
GSE135251	GSM3998215	2	ALB	3448377	149057.745089326	3383480.94487451	23134504	1.01918026322087
GSE135251	GSM3998216	control	ALB	3710759	148562.515271085	3945035.43528311	24977761	0.940614871747964
GSE135251	GSM3998217	control	ALB	2433974	123639.801611368	3180076.39808668	19686007	0.765382240962644
GSE135251	GSM3998218	control	ALB	2208600	96343.2363239912	2224458.9172603	22924287	0.992870663001574
GSE135251	GSM3998219	0	ALB	5536766	184936.828227075	4954463.21436937	29938688	1.11753095349296
GSE135251	GSM3998220	control	ALB	3677274	159654.491223348	4183037.11148967	23032700	0.87909188993316
GSE135251	GSM3998221	control	ALB	2354918	110931.259604956	2874181.01656545	21228624	0.819335312016655
GSE135251	GSM3998222	control	ALB	3116520	142315.550708785	3522694.10917755	21898661	0.884697877082385
GSE135251	GSM3998223	control	ALB	2578013	122880.647220259	2943333.90269787	20979813	0.875881937022837
GSE135251	GSM3998225	3	ALB	3490973	116062.082490358	2223630.58519968	30078497	1.56994287775841
GSE135251	GSM3998226	4	ALB	4025209	131182.925008979	2933016.06023516	30683940	1.37237877915925
GSE135251	GSM3998227	4	ALB	2714948	124130.628888901	2583823.81969365	21871701	1.05074811189019
GSE135251	GSM3998228	1	ALB	3857796	131594.237286644	3148003.45403317	29315843	1.22547387775495
GSE135251	GSM3998229	3	ALB	3367759	140291.983172422	3672197.06596033	24005356	0.917096479167106
GSE135251	GSM3998230	4	ALB	1608840	83151.2120016343	2193928.44925774	19348365	0.733314707936036
GSE135251	GSM3998231	1	ALB	4582863	188916.490932253	5137955.98558002	24258671	0.891962292565775
GSE135251	GSM3998232	1	ALB	1872328	85182.8040769756	1857307.09114228	21980117	1.0080874664881
GSE135251	GSM3998233	3	ALB	2682607	115881.719743129	2377167.41714148	23149527	1.12848888162274
GSE135251	GSM3998234	1	ALB	2947590	134293.60236612	3144987.65960788	21948849	0.937234202174106
GSE135251	GSM3998235	2	ALB	6387008	193225.148159515	5376122.86352444	33054745	1.18803237242477
GSE135251	GSM3998236	1	ALB	2862816	118251.487140037	2768457.88308643	24209556	1.03408327700777
GSE135251	GSM3998237	2	ALB	3735269	138657.80300636	4104675.89724485	26938758	0.910003394545034
GSE135251	GSM3998238	2	ALB	2664143	108225.75590861	2727806.27721706	24616534	0.976661364207282
GSE135251	GSM3998239	3	ALB	2944398	108421.55140873	3054056.74599353	27156944	0.96409407057109
GSE135251	GSM3998240	2	ALB	3261510	140526.207960485	3389405.57817913	23209265	0.96226607432214
GSE135251	GSM3998241	3	ALB	4074467	160977.116292359	3931606.84622197	25310846	1.0363363274523
GSE135251	GSM3998242	4	ALB	1587936	89702.5815895656	2082613.83529295	17702233	0.762472606822299
GSE135251	GSM3998243	2	ALB	2933838	130699.292745918	3162322.77930233	22447237	0.927747799561203
GSE135251	GSM3998244	0	ALB	3337736	140389.638559781	3460706.78736727	23774803	0.964466568558724
GSE135251	GSM3998245	2	ALB	3840127	152775.995229091	3338122.53971517	25135670	1.15038527025664
GSE135251	GSM3998246	2	ALB	2756348	116154.709327091	2501718.22261447	23729972	1.10178195732988
GSE135251	GSM3998247	0	ALB	4294351	131275.059328023	3223421.9581622	32712619	1.33223358770205
GSE135251	GSM3998248	2	ALB	3701146	135783.857062549	2921906.41654525	27257629	1.26668875465768
GSE135251	GSM3998249	0	ALB	4568115	145560.444906663	3514754.18481141	31382942	1.29969686635286
GSE135251	GSM3998250	4	ALB	4764990	156731.35787597	3760663.94699657	30402276	1.26706083477773
GSE135251	GSM3998251	3	ALB	4079770	146993.635933669	3812044.49889493	27754739	1.07023147321147
GSE135251	GSM3998252	2	ALB	3699467	148666.978376487	3905140.61515841	24884255	0.947332596844257
GSE135251	GSM3998253	3	ALB	2932411	127388.946482942	3302069.4739271	23019352	0.888052484405342
GSE135251	GSM3998254	0	ALB	5014725	171001.65132205	4133440.13240524	29325594	1.21320857188318
GSE135251	GSM3998255	1	ALB	5559886	192954.416534311	5291065.31655733	28814505	1.05080653277922
GSE135251	GSM3998256	2	ALB	2488360	115371.324850286	2770452.41133126	21568271	0.898178214439817
GSE135251	GSM3998257	2	ALB	4337873	161613.013648615	3568252.53384697	26841112	1.21568553762738
GSE135251	GSM3998258	4	ALB	2994535	109496.130621269	2315958.1348689	27348318	1.29300048861614
GSE135251	GSM3998259	2	ALB	964963	44809.3338495814	1866067.85729351	21534866	0.517110348494805
GSE135251	GSM3998260	2	ALB	1675372	61095.756891858	1835986.90559022	27422068	0.912518490681398
GSE135251	GSM3998261	3	ALB	6334694	220866.686482288	6071856.51103401	28681075	1.04328782942883
GSE135251	GSM3998262	3	ALB	4927286	178738.246520329	4617503.57572168	27567049	1.06708872428537
GSE135251	GSM3998263	2	ALB	5212275	174642.309571606	4496516.24698903	29845431	1.15918073319323
GSE135251	GSM3998264	2	ALB	4558708	146237.933354666	3785024.98840758	31173225	1.20440631540399
GSE135251	GSM3998265	3	ALB	5817696	202601.810640222	6017711.93431617	28714926	0.966762128779284
GSE135251	GSM3998266	0	ALB	5157340	196914.025719163	5932728.69818793	26190821	0.8693031929094
GSE135251	GSM3998267	0	ALB	6108708	202379.230823436	5501899.09887923	30184461	1.11029080872173
GSE135251	GSM3998268	3	ALB	1617601	100338.362633511	2374299.60161449	16121461	0.681296075229955
GSE135251	GSM3998269	2	ALB	4074467	159031.610837968	3748675.48983308	25620485	1.08690843233844
GSE135251	GSM3998270	0	ALB	5225338	168833.857745302	4561337.96662323	30949586	1.14557132977987
GSE135251	GSM3998271	1	ALB	4671981	148305.745982206	3563767.25981232	31502360	1.31096692331307
GSE135251	GSM3998272	0	ALB	2753023	116005.122048968	2883461.03488594	23731909	0.954763378693933
GSE135251	GSM3998273	1	ALB	3185249	158837.828832183	4955125.05428406	20053466	0.642819094393213
GSE135251	GSM3998274	3	ALB	5341661	190413.284005249	5476019.96605616	28052985	0.975464120494629
GSE135251	GSM3998275	4	ALB	4861867	192981.964504557	5684759.55915522	25193375	0.855245846268033
GSE135251	GSM3998276	0	ALB	2281494	94825.4983879623	2344622.49599971	24059921	0.973075198200384
GSE135251	GSM3998277	2	ALB	2017906	116811.767765073	2915523.8044546	17274852	0.692124686794482
GSE135251	GSM3998278	2	ALB	1977963	106601.292659167	2729821.29761516	18554775	0.724576001267188
GSE135251	GSM3998279	1	ALB	4460275	181785.721025112	4853620.55905454	24535893	0.918958321057722
GSE135251	GSM3998280	3	ALB	710186	47446.1705502321	1409074.05124066	14968247	0.50400899752195
GSE135251	GSM3998281	0	ALB	4319795	180671.770356621	3981098.99288208	23909629	1.08507600733453
GSE135251	GSM3998282	3	ALB	4747906	175834.33618539	4394723.94188832	27002155	1.08036501559184
GSE135251	GSM3998283	1	ALB	2051403	114780.987632051	2763532.28744418	17872324	0.742311935098547
GSE135251	GSM3998284	2	ALB	2998364	141323.291893746	3681699.23788499	21216347	0.814396778842386
GSE135251	GSM3998285	4	ALB	1738318	67059.7702639311	1734530.09168493	25921920	1.00218382392628
GSE135251	GSM3998286	0	ALB	6305392	205194.832665963	5261882.68419914	30728805	1.19831481970026
GSE135251	GSM3998287	2	ALB	5324674	189226.96390256	4704322.62754949	28139087	1.13186837331641
GSE135251	GSM3998288	0	ALB	4579776	187991.71679477	5171825.74031389	24361584	0.885524035409988
GSE135251	GSM3998289	0	ALB	4367273	174530.819388758	4499846.47984264	25022933	0.970538221595667
GSE135251	GSM3998290	0	ALB	5918238	156503.216675517	3657926.68115323	37815440	1.61792143907438
GSE135251	GSM3998291	1	ALB	4363351	163116.522819411	3775978.76889196	26749902	1.15555496125854
GSE135251	GSM3998292	1	ALB	3266358	153269.361415434	3821503.91804166	21311226	0.854731035229149
GSE135251	GSM3998293	0	ALB	2976022	146226.720101918	3703946.66735624	20352108	0.803473232006385
GSE135251	GSM3998294	1	ALB	6041192	211742.937032505	6453979.76692633	28530784	0.93604136024075
GSE135251	GSM3998295	1	ALB	5370206	201777.399070364	5793715.13255941	26614507	0.926901975180074
GSE135251	GSM3998296	1	ALB	4769205	176714.230356829	4657662.24244675	26988234	1.02394822804812
GSE135251	GSM3998297	2	ALB	3645075	141020.072952883	3752523.29656646	25847916	0.97136638787432
GSE135251	GSM3998298	3	ALB	4821260	171746.046571838	4300914.97695165	28072029	1.12098472670044
GSE135251	GSM3998299	2	ALB	5194117	186509.370825493	5168761.24841929	27849094	1.0049055760872
GSE135251	GSM3998300	1	ALB	5361732	181482.664272952	4787823.13324267	29544045	1.11986843515012
GSE135251	GSM3998301	3	ALB	4095141	140684.255727069	3501611.94479461	29108737	1.16950166510818
GSE135251	GSM3998302	1	ALB	3494962	129421.327807643	3372052.57047156	27004529	1.03644944049946
GSE135251	GSM3998303	0	ALB	3282452	136148.715643619	3277890.31032531	24109313	1.00139165415643
GSE135251	GSM3998304	0	ALB	4724861	158918.492360319	4806230.89394743	29731348	0.983069915752508
GSE135251	GSM3998305	0	ALB	4655229	159136.159122041	3719797.46879752	29253119	1.25147378023914
GSE135251	GSM3998306	1	ALB	3979552	150598.273578634	4240334.86335015	26424951	0.938499464840823
GSE135251	GSM3998307	0	ALB	4248122	153048.86157146	3452647.12642765	27756639	1.2303956484529
GSE135251	GSM3998308	3	ALB	4765807	161255.697469624	3821626.30595648	29554348	1.24706253789699
GSE135251	GSM3998309	3	ALB	4370346	154895.922079839	4096754.16461173	28214726	1.06678258552871
GSE135251	GSM3998310	1	ALB	4309427	192363.793570222	5205073.03034285	22402485	0.827928249013663
GSE135251	GSM3998311	1	ALB	5841293	162285.799601843	4459297.09127303	35993864	1.30991339676192
GSE135251	GSM3998312	2	ALB	5294157	188545.163276195	4806565.88484073	28078986	1.1014427195718
GSE135251	GSM3998313	2	ALB	3530541	150430.1557979	3082289.58145781	23469636	1.14542806790081
GSE135251	GSM3998314	3	ALB	5874068	203439.599450976	4749340.97691122	28873769	1.23681749290198
GSE135251	GSM3998315	1	ALB	6973101	236499.284712796	6356018.08459549	29484660	1.0970864001945
GSE135251	GSM3998316	1	ALB	4864210	167625.474691473	4151890.44580855	29018322	1.17156511316684
GSE135251	GSM3998317	1	ALB	5225306	175545.831576578	4374853.94353799	29766050	1.19439553124241
GSE135251	GSM3998318	2	ALB	5793373	185645.51097808	4450345.21870507	31206642	1.30178058449266
GSE135251	GSM3998319	3	ALB	4083632	173825.164396428	4766944.51063598	23492755	0.856656080407192
GSE135251	GSM3998320	1	ALB	4169184	151869.690555393	3421733.42161307	27452377	1.2184420836719
GSE135251	GSM3998321	0	ALB	4391744	153993.548093688	3906171.71816224	28519013	1.12430899532144
GSE135251	GSM3998322	3	ALB	5949904	206081.176096193	5383257.15857435	28871652	1.10526096464166
GSE135251	GSM3998323	0	ALB	5669986	209854.604080738	5609312.13540849	27018640	1.01081663190189
GSE135251	GSM3998324	3	ALB	4124120	161773.684651305	3414771.15349777	25493145	1.20772954163433
GSE135251	GSM3998325	0	ALB	4974463	172441.713088827	4240771.30350721	28847214	1.17300902217623
GSE135251	GSM3998326	0	ALB	4231680	167392.835464173	4157678.2404269	25279935	1.01779881830526
GSE135251	GSM3998327	3	ALB	4218673	163992.884357357	3196730.03317241	25724732	1.31968385075465
GSE135251	GSM3998328	3	ALB	5446221	185638.825585869	4298809.63636446	29337726	1.26691374140631
GSE135251	GSM3998329	3	ALB	4134084	165861.235622643	3543998.29449814	24924956	1.16650281869998
GSE135251	GSM3998330	3	ALB	4547441	201152.531597724	5787089.57158533	22606929	0.785790671415902
GSE135251	GSM3998331	1	ALB	3470400	126006.025806836	3194359.85024044	27541540	1.08641485702958
GSE135251	GSM3998332	4	ALB	2658963	103632.766821744	2014460.00507897	25657551	1.31993834243225
GSE135251	GSM3998333	3	ALB	3162370	129862.327543953	3418739.61738182	24351712	0.925010487467848
GSE135251	GSM3998334	3	ALB	4170052	146724.519740043	3154874.81640685	28420962	1.32178049611153
GSE135251	GSM3998335	2	ALB	3112048	148604.871519174	3442451.14957514	20941763	0.904020962035753
GSE135251	GSM3998336	0	ALB	3401781	155736.448946493	4014934.41630003	21843191	0.847281835087836
GSE135251	GSM3998337	2	ALB	4634282	157579.768288189	3834073.96402454	29409118	1.20870959806302
GSE135251	GSM3998338	3	ALB	3130192	142186.72587086	3641170.13091073	22014657	0.859666504848835
GSE135251	GSM3998339	0	ALB	3165921	104336.633311616	2471353.88794994	30343331	1.28104720875334
GSE135251	GSM3998340	3	ALB	1839281	70566.7288536074	1500191.79833793	26064422	1.2260305662501
GSE135251	GSM3998342	control	ALB	2445271	99006.7785201856	2461392.05029444	24698016	0.993450433752514
GSE135251	GSM3998343	2	ALB	2518218	144401.37308198	3466549.89862268	17439017	0.726433506986451
GSE135251	GSM3998344	1	ALB	2487408	118089.855960179	2757601.67744243	21063689	0.902018598388355
GSE135251	GSM3998345	0	ALB	2319615	123105.401233126	3069253.98314809	18842512	0.755758569585956
GSE135251	GSM3998346	0	ALB	3138676	125674.87648436	2927115.50694396	24974570	1.07227609998791
GSE135251	GSM3998347	2	ALB	2916888	125335.463559431	3039836.25197664	23272647	0.959554317474604
GSE135251	GSM3998348	2	ALB	2677096	115061.282656494	2550178.39680724	23266697	1.04976812734029
GSE135251	GSM3998349	0	ALB	2372697	98361.3591221415	2262615.01959772	24122247	1.04865254559384
GSE135251	GSM3998350	2	ALB	2564831	113595.445040696	2533098.91421994	22578643	1.01252698250429
GSE135251	GSM3998351	1	ALB	2252681	109184.58151616	2366625.29278024	20631860	0.951853682487108
GSE135251	GSM3998352	1	ALB	3038753	119987.053454135	2799852.3168015	25325674	1.08532617301452
GSE135251	GSM3998353	0	ALB	2686723	130911.313667488	3107453.79583728	20523230	0.86460593673158
GSE135251	GSM3998354	3	ALB	2267728	100281.219081224	2197121.94841559	22613686	1.03213569990293
GSE135251	GSM3998355	2	ALB	1696612	84784.8416209772	1632822.67824054	20010794	1.03906690090084
GSE135251	GSM3998356	2	ALB	2503622	120565.456460679	2719487.93274837	20765666	0.920622581130479
GSE135251	GSM3998357	1	ALB	3187775	137585.553567589	3487678.26582535	23169402	0.914010627423979
GSE135251	GSM3998358	1	ALB	3251282	138528.681173067	3079542.09385442	23470100	1.05576800086231
GSE135251	GSM3998359	4	ALB	2444163	106846.306286686	2007391.03909905	22875503	1.21758190227699
GSE135251	GSM3998360	2	ALB	2157860	116878.882223074	2576123.27793572	18462360	0.83763848511517
GSE135251	GSM3998361	0	ALB	1636266	85315.7015071989	2053202.29075193	19178955	0.796933652066385
GSE135251	GSM3998362	2	ALB	1518273	103338.379759066	2031653.66456851	14692247	0.747308966325446
GSE135251	GSM3998363	1	ALB	2747084	128918.344341115	2972528.71176687	21308713	0.924157263519631
GSE135251	GSM3998364	3	ALB	3038204	132333.312600474	3038010.91205895	22958724	1.00006355735599
GSE135251	GSM3998365	3	ALB	2814539	125380.55779654	2788603.45502701	22447970	1.00930054968061
GSE135251	GSM3998366	0	ALB	2376505	100868.151872271	2563215.6770917	23560509	0.92715764078677
GSE135251	GSM3998367	1	ALB	2068441	95018.9232470966	1919915.66382315	21768727	1.07736034398568
GSE135251	GSM3998368	2	ALB	2861131	108439.093561939	2623358.87062908	26384682	1.09063652405052
GSE135251	GSM3998369	3	ALB	1847174	98325.7087074783	2706454.41364777	18786277	0.682506969518976
GSE135251	GSM3998370	2	ALB	2326194	102302.574696201	1826195.57759523	22738372	1.27379237390509
GSE135251	GSM3998371	2	ALB	3411189	150202.114346396	3234434.94483974	22710659	1.05464758394422
GSE135251	GSM3998372	3	ALB	3213239	135666.920725915	2880538.22456613	23684764	1.11549951762365
GSE135251	GSM3998373	3	ALB	2817134	131741.049353359	2708577.5638525	21383874	1.04007876222422
GSE135251	GSM3998374	3	ALB	1044250	63185.8738108667	1125282.5080044	16526637	0.927989187223657
GSE135251	GSM3998375	1	ALB	2585355	123780.225996924	2476274.79476058	20886656	1.04405012136384
GSE135251	GSM3998376	2	ALB	2188885	118623.965576107	2149346.90931907	18452300	1.01839539746213
GSE135251	GSM3998377	1	ALB	3543593	146015.719425107	2923116.85764449	24268572	1.21226525403281
GSE135251	GSM3998378	3	ALB	2227487	108299.431321351	2062544.66496613	20567855	1.07997030941223
GSE135251	GSM3998379	3	ALB	3897741	150667.443530454	3127020.90051226	25869829	1.24647104193051
GSE135251	GSM3998380	1	ALB	3415521	161752.002814198	3234750.84745284	21115788	1.05588379478732
GSE135251	GSM3998381	2	ALB	2745419	129090.388790063	2719267.66834872	21267416	1.00961704945625
GSE135251	GSM3998382	3	ALB	1857594	88904.1466050194	1514813.08141601	20894346	1.22628595091321
GSE162694	GSM4957321	0	POSTN	1176	36.5853749590281	1219.9164568101	32143992	0.964000439075202
GSE162694	GSM4957322	1	POSTN	236	7.98423316938026	236.609850127029	29558255	0.997422549709146
GSE162694	GSM4957323	control	POSTN	328	14.936698000641	409.16329470072	21959338	0.801635934229911
GSE162694	GSM4957324	3	POSTN	406	13.9892442007605	338.747059161542	29022297	1.19853439024658
GSE162694	GSM4957325	1	POSTN	701	16.8394135867595	522.96182530604	41628528	1.34044200949041
GSE162694	GSM4957326	control	POSTN	274	11.287243836722	354.766569371096	24275191	0.772338838142859
GSE162694	GSM4957327	0	POSTN	248	9.91254101113994	299.124665388576	25018812	0.829085758199972
GSE162694	GSM4957328	2	POSTN	421	18.9577019446685	463.798627140552	22207333	0.90772153120759
GSE162694	GSM4957329	1	POSTN	515	20.4290529535333	612.387097911717	25209196	0.840971342727805
GSE162694	GSM4957330	control	POSTN	420	13.9717863061857	644.79519890647	30060580	0.651369614277979
GSE162694	GSM4957331	control	POSTN	711	31.5611223081825	846.29598511905	22527716	0.840131599938977
GSE162694	GSM4957332	1	POSTN	335	10.805469360882	324.963358941053	31002818	1.03088545456833
GSE162694	GSM4957333	2	POSTN	172	6.9455776437039	188.280945470046	24763959	0.913528448514001
GSE162694	GSM4957334	2	POSTN	129	5.07307728502904	143.479560948358	25428353	0.899082762362444
GSE162694	GSM4957335	4	POSTN	240	3.81380829018632	209.586186377374	62929225	1.14511363629597
GSE162694	GSM4957336	control	POSTN	426	11.8076549636915	373.6117733165	36078290	1.14022102734734
GSE162694	GSM4957337	4	POSTN	340	5.22629656616791	261.487240369575	65055627	1.30025464921141
GSE162694	GSM4957338	4	POSTN	525	8.62996949396193	347.567632353311	60834514	1.51049738563206
GSE162694	GSM4957339	4	POSTN	105	1.70080027026202	96.2664160052444	61735644	1.09072306165714
GSE162694	GSM4957340	4	POSTN	237	4.52036306259137	179.567908006154	52429417	1.31983494507202
GSE162694	GSM4957341	4	POSTN	628	10.9494572530138	659.332567451368	57354441	0.952478356146605
GSE162694	GSM4957342	4	POSTN	484	9.01435144348821	565.926609005912	53692160	0.855234569814942
GSE162694	GSM4957343	2	POSTN	550	10.8570212810646	480.565240142646	50658462	1.14448560581856
GSE162694	GSM4957344	2	POSTN	184	4.22652414490353	128.194502645359	43534591	1.43531895832556
GSE162694	GSM4957345	3	POSTN	335	9.06973489029546	456.218315529747	36936030	0.734297568941326
GSE162694	GSM4957346	2	POSTN	1016	21.6093669629532	871.763533317282	47016648	1.16545365935859
GSE162694	GSM4957347	1	POSTN	344	16.2585794727872	464.242487500637	21158060	0.740992066133386
GSE162694	GSM4957348	2	POSTN	564	14.0710681250514	510.776720855951	40082245	1.10420067511076
GSE162694	GSM4957349	4	POSTN	270	6.75225170713804	213.989653455111	39986661	1.26174324618288
GSE162694	GSM4957350	2	POSTN	564	13.7629992015508	586.003402169651	40979440	0.962451750129463
GSE162694	GSM4957351	2	POSTN	142	2.52974386432449	142.966037074176	56132165	0.993242891151308
GSE162694	GSM4957352	2	POSTN	186	5.21235878290862	212.571483006	35684420	0.874999775933022
GSE162694	GSM4957353	2	POSTN	120	2.85015434654594	138.188380140892	42102983	0.868379815131001
GSE162694	GSM4957354	2	POSTN	252	5.30991576197923	215.549836819374	47458380	1.16910318151236
GSE162694	GSM4957355	3	POSTN	105	2.39597394230016	120.312539141288	43823515	0.872726988802841
GSE162694	GSM4957356	3	POSTN	107	2.36248076730902	114.504201367827	45291374	0.934463528165911
GSE162694	GSM4957357	2	POSTN	395	8.27389291856566	329.375914841854	47740526	1.19923765582452
GSE162694	GSM4957358	control	POSTN	290	11.0525811302331	280.644193657658	26238215	1.03333689616167
GSE162694	GSM4957359	1	POSTN	208	6.78676787782304	166.094188402257	30647873	1.25230149230901
GSE162694	GSM4957360	4	POSTN	84	1.97414407106016	81.9094854633654	42550086	1.02552225209093
GSE162694	GSM4957361	1	POSTN	318	11.5171201810404	284.060203159029	27611069	1.11948099896968
GSE162694	GSM4957362	2	POSTN	347	11.431587221528	312.381323591718	30354490	1.11082185071195
GSE162694	GSM4957363	0	POSTN	259	10.7825361049475	265.547030316729	24020323	0.975345119435454
GSE162694	GSM4957364	0	POSTN	665	20.5319288629489	595.929993673338	32388579	1.11590288634561
GSE162694	GSM4957365	1	POSTN	454	8.92143996128331	409.180774779221	50888646	1.10953404456737
GSE162694	GSM4957366	4	POSTN	178	4.0965443186143	303.694100265773	43451257	0.586116094597249
GSE162694	GSM4957367	1	POSTN	166	4.3524137910059	199.062404170427	38139756	0.833909349642332
GSE162694	GSM4957368	0	POSTN	326	7.98199966034878	339.731402982177	40841896	0.959581590451627
GSE162694	GSM4957369	0	POSTN	59	1.37611457408659	60.4996209528744	42874337	0.975212721513702
GSE162694	GSM4957370	1	POSTN	405	9.64811283746687	351.418111265125	41977121	1.15247332740472
GSE162694	GSM4957371	0	POSTN	708	22.3340607675725	686.224376848639	31700460	1.03173251182268
GSE162694	GSM4957372	0	POSTN	158	3.70426446647737	169.79606904537	42653542	0.930528020397114
GSE162694	GSM4957373	0	POSTN	295	7.8007014390734	340.784936464231	37817112	0.86564859075267
GSE162694	GSM4957374	3	POSTN	100	2.21122080903837	104.163943099105	45223887	0.960025101054951
GSE162694	GSM4957375	0	POSTN	228	5.64857746893933	226.509058231247	40364145	1.00658226112631
GSE162694	GSM4957376	1	POSTN	189	3.88969940300112	162.853930682266	48589873	1.16054920632371
GSE162694	GSM4957377	1	POSTN	176	3.93368970326994	184.121639213439	44741709	0.955889816926818
GSE162694	GSM4957378	0	POSTN	243	6.76424870199495	297.746966097411	35924167	0.816129222692062
GSE162694	GSM4957379	0	POSTN	242	6.22116429295401	242.322476688094	38899471	0.998669225024019
GSE162694	GSM4957380	0	POSTN	256	6.80901207857568	308.542614582107	37597231	0.829707106574984
GSE162694	GSM4957381	1	POSTN	100	3.74604230630339	100.683396754637	26694840	0.993212418564874
GSE162694	GSM4957382	0	POSTN	106	2.75501525836611	127.054838588438	38475286	0.83428542492081
GSE162694	GSM4957383	1	POSTN	110	3.60401861180739	104.607365241582	30521485	1.05155119571136
GSE162694	GSM4957384	2	POSTN	738	20.4365269855893	679.460404916892	36111811	1.08615600653031
GSE162694	GSM4957385	2	POSTN	175	6.4602554746789	168.055072635713	27088712	1.04132530637347
GSE162694	GSM4957386	0	POSTN	419	12.7414694721538	355.856151891567	32884747	1.1774420584632
GSE162694	GSM4957387	1	POSTN	434	12.7947984957798	454.088493986635	33920034	0.955760839015608
GSE162694	GSM4957388	0	POSTN	583	14.9104664850693	529.633772864377	39100051	1.10076061963913
GSE162694	GSM4957389	0	POSTN	761	26.1043226151249	725.973136285903	29152260	1.04824815404781
GSE162694	GSM4957390	2	POSTN	556	23.0858584667469	586.656286926915	24084008	0.947744040914481
GSE162694	GSM4957391	control	POSTN	88	3.30804110361364	104.205509794577	26601846	0.844485096550814
GSE162694	GSM4957392	1	POSTN	483	15.1753039805042	456.053563901024	31828028	1.05908612108736
GSE162694	GSM4957393	1	POSTN	734	24.3813093281295	690.253237172813	30105028	1.06337784521862
GSE162694	GSM4957394	0	POSTN	823	19.4159786851716	896.029663751172	42387768	0.918496377178589
GSE162694	GSM4957395	4	POSTN	248	6.82497714871058	199.686751128653	36337118	1.24194518964465
GSE162694	GSM4957396	2	POSTN	179	7.51213461543788	172.073614273102	23828114	1.04025245681133
GSE162694	GSM4957397	0	POSTN	264	8.20932357132815	288.102051771291	32158557	0.916341964164751
GSE162694	GSM4957398	control	POSTN	804	25.3785066964694	804.515555185252	31680351	0.999359173129805
GSE162694	GSM4957399	0	POSTN	530	22.6848009821748	586.304466521929	23363661	0.903967188147247
GSE162694	GSM4957400	2	POSTN	297	11.8788487019838	305.400129223776	25002423	0.972494676917373
GSE162694	GSM4957401	0	POSTN	267	11.31661864521	281.07133701527	23593620	0.949936777030718
GSE162694	GSM4957402	control	POSTN	235	7.49563259790014	197.152985578545	31351590	1.19196774682561
GSE162694	GSM4957403	3	POSTN	149	4.62993245114994	138.315136059162	32181895	1.07725014228572
GSE162694	GSM4957404	control	POSTN	498	20.1382543732464	586.071631277	24729055	0.849725483069195
GSE162694	GSM4957405	0	POSTN	365	10.2889709644957	335.0519656616	35474879	1.08938325217482
GSE162694	GSM4957406	control	POSTN	995	38.8982483590999	983.924321489383	25579558	1.01125663658141
GSE162694	GSM4957407	3	POSTN	476	19.745406216725	543.943463642818	24106873	0.875090945688001
GSE162694	GSM4957408	0	POSTN	147	7.04811073953237	182.500114424966	20856653	0.80547894703068
GSE162694	GSM4957409	control	POSTN	376	12.635775779503	413.844734538068	29756780	0.908553301806993
GSE162694	GSM4957410	0	POSTN	456	15.3759153348151	412.571723797246	29656771	1.10526236699657
GSE162694	GSM4957411	1	POSTN	104	2.88806819617648	95.5626969783433	36010230	1.08829075872114
GSE162694	GSM4957412	1	POSTN	77	2.66992494598256	69.4735026820128	28839762	1.10833622931662
GSE162694	GSM4957413	control	POSTN	364	10.640444868815	361.849073820061	34209096	1.00594426332844
GSE162694	GSM4957414	0	POSTN	467	14.5933053602273	472.975235016248	32000975	0.987366706385709
GSE162694	GSM4957415	2	POSTN	177	7.72933324762653	190.083117317559	22899776	0.931171597445439
GSE162694	GSM4957416	0	POSTN	189	6.05020517878356	169.110122359894	31238610	1.11761494440751
GSE162694	GSM4957417	1	POSTN	519	18.5950171158355	513.787740785009	27910703	1.01014477147124
GSE162694	GSM4957418	control	POSTN	259	10.8089524334729	293.756975328599	23961619	0.881681191434791
GSE162694	GSM4957419	1	POSTN	240	8.94187379647967	257.840856779362	26840012	0.930806711542119
GSE162694	GSM4957420	1	POSTN	117	3.53943685925983	94.3654695765196	33056106	1.2398603061592
GSE162694	GSM4957421	control	POSTN	70	2.31391151701527	61.9791708716705	30251805	1.12941168808045
GSE162694	GSM4957422	0	POSTN	241	7.99558643628717	215.095373001916	30141629	1.12043321358593
GSE162694	GSM4957423	control	POSTN	234	7.91611328580576	228.339531885046	29559961	1.02478969834187
GSE162694	GSM4957424	1	POSTN	310	9.7112902332489	266.126220328117	31921608	1.16486079281399
GSE162694	GSM4957425	control	POSTN	272	9.68867922713691	282.635918134498	28074002	0.962368837603165
GSE162694	GSM4957426	1	POSTN	307	10.3412243612163	294.61910895039	29687007	1.04202338094674
GSE162694	GSM4957427	control	POSTN	397	13.0203072189044	354.717272239347	30490832	1.1192012091594
GSE162694	GSM4957428	0	POSTN	172	6.75464460358876	175.933537160516	25463960	0.977641913963642
GSE162694	GSM4957429	control	POSTN	212	7.38044300273602	208.822138473425	28724563	1.01521802980185
GSE162694	GSM4957430	control	POSTN	386	13.4393201291665	363.416146509551	28721691	1.06214323085905
GSE162694	GSM4957431	1	POSTN	248	9.36440003251863	268.388711701896	26483277	0.924032901486027
GSE162694	GSM4957432	2	POSTN	450	14.277269847158	421.724336428818	31518631	1.06704773978808
GSE162694	GSM4957433	2	POSTN	116	3.9215830781797	101.739916150173	29579891	1.14016213487711
GSE162694	GSM4957434	control	POSTN	306	8.75885456508781	280.636460240991	34936075	1.09037863340077
GSE162694	GSM4957435	control	POSTN	393	14.9073225413169	396.678371572749	26362883	0.990727067981637
GSE162694	GSM4957436	0	POSTN	331	10.8461771239707	296.959734810679	30517665	1.11462922813769
GSE162694	GSM4957437	control	POSTN	562	17.3172434572096	497.396610030042	32453202	1.12988305241175
GSE162694	GSM4957438	control	POSTN	391	11.6298590056572	333.715479689643	33620356	1.17165676690704
GSE162694	GSM4957439	control	POSTN	397	11.3784172976935	357.116116560263	34890617	1.11168323576068
GSE162694	GSM4957440	control	POSTN	446	13.8005596343532	346.294796478898	32317530	1.28792001651454
GSE162694	GSM4957441	control	POSTN	242	10.0691061059517	311.046561922095	24033911	0.778018565788269
GSE162694	GSM4957442	0	POSTN	243	6.94946191145779	200.507673664868	34966736	1.21192369129051
GSE162694	GSM4957443	1	POSTN	221	7.18667682470375	190.600380853584	30751348	1.15949401050656
GSE162694	GSM4957444	control	POSTN	296	9.77963637858215	281.62870084459	30266974	1.05102924209184
GSE162694	GSM4957445	2	POSTN	86	2.71995294860927	62.3107698933603	31618194	1.38017874192827
GSE162694	GSM4957446	2	POSTN	656	19.7960989734938	531.675237455088	33137842	1.23383590919149
GSE162694	GSM4957447	1	POSTN	224	7.33158394321584	204.328766226485	30552743	1.09627246391588
GSE162694	GSM4957448	2	POSTN	310	8.79033704902771	220.938299577949	35265997	1.40310666186978
GSE162694	GSM4957449	0	POSTN	502	17.8604427696267	481.958453700799	28106806	1.04158355589638
GSE162694	GSM4957450	0	POSTN	451	11.9040753245543	346.041938351413	37886185	1.30331023502128
GSE162694	GSM4957451	4	POSTN	270	7.74696706956538	222.080479936985	34852349	1.2157754705709
GSE162694	GSM4957452	0	POSTN	408	10.6848630582906	371.472444576536	38184860	1.09833180349381
GSE162694	GSM4957453	control	POSTN	584	18.361058006921	590.098525703557	31806446	0.98966524158608
GSE162694	GSM4957454	1	POSTN	256	11.8473021587312	363.427931183501	21608295	0.704403756657716
GSE162694	GSM4957455	1	POSTN	157	5.3753758483336	139.399141225743	29207260	1.12626231854437
GSE162694	GSM4957456	control	POSTN	188	7.99259511570812	204.743282970386	23521772	0.918223041423013
GSE162694	GSM4957457	2	POSTN	595	25.9552842363177	746.992526203372	22924041	0.796527380299396
GSE162694	GSM4957458	3	POSTN	348	11.4895536021187	366.276257974299	30288383	0.950102531691853
GSE162694	GSM4957459	0	POSTN	812	20.7586838789902	702.232257367048	39116160	1.15631258957616
GSE162694	GSM4957460	2	POSTN	205	7.98113369006276	235.319867701425	25685574	0.871154662810302
GSE162694	GSM4957461	0	POSTN	412	13.966476185853	390.948449475091	29499209	1.05384738206066
GSE162694	GSM4957462	1	POSTN	479	17.0811203802835	515.040770301186	28042657	0.930023461482262
GSE162694	GSM4957463	control	POSTN	570	13.5815652696788	987.503848440678	41968653	0.577212940385054
GSE162694	GSM4957321	0	COL1A1	384	11.9462448845806	398.340067529828	32143992	0.964000439075202
GSE162694	GSM4957322	1	COL1A1	401	13.5664300886504	402.036228393808	29558255	0.997422549709146
GSE162694	GSM4957323	control	COL1A1	245	11.1569847870642	305.62502195633	21959338	0.801635934229911
GSE162694	GSM4957324	3	COL1A1	1686	58.093265326311	1406.71808311911	29022297	1.19853439024658
GSE162694	GSM4957325	1	COL1A1	395	9.48868525930103	294.678917255187	41628528	1.34044200949041
GSE162694	GSM4957326	control	COL1A1	321	13.223376903605	415.620688934751	24275191	0.772338838142859
GSE162694	GSM4957327	0	COL1A1	321	12.8303454216771	387.173458023116	25018812	0.829085758199972
GSE162694	GSM4957328	2	COL1A1	493	22.1998742487448	543.118107316609	22207333	0.90772153120759
GSE162694	GSM4957329	1	COL1A1	479	19.0010026499853	569.579456115946	25209196	0.840971342727805
GSE162694	GSM4957330	control	COL1A1	251	8.34980562583955	385.341892679819	30060580	0.651369614277979
GSE162694	GSM4957331	control	COL1A1	127	5.63750004660925	151.166793403825	22527716	0.840131599938977
GSE162694	GSM4957332	1	COL1A1	508	16.3856072696359	492.780257737478	31002818	1.03088545456833
GSE162694	GSM4957333	2	COL1A1	319	12.8816236531485	349.195474447352	24763959	0.913528448514001
GSE162694	GSM4957334	2	COL1A1	368	14.4720344255092	409.306034333299	25428353	0.899082762362444
GSE162694	GSM4957335	4	COL1A1	2081	33.0688960494905	1817.28689104715	62929225	1.14511363629597
GSE162694	GSM4957336	control	COL1A1	297	8.2320974746863	260.475813791081	36078290	1.14022102734734
GSE162694	GSM4957337	4	COL1A1	2472	37.9982503281384	1901.16605351056	65055627	1.30025464921141
GSE162694	GSM4957338	4	COL1A1	2020	33.2048350053392	1337.30784257845	60834514	1.51049738563206
GSE162694	GSM4957339	4	COL1A1	804	13.0232706408635	737.1256996973	61735644	1.09072306165714
GSE162694	GSM4957340	4	COL1A1	2528	48.2172060009746	1915.39101873231	52429417	1.31983494507202
GSE162694	GSM4957341	4	COL1A1	722	12.5883887526687	758.022474044408	57354441	0.952478356146605
GSE162694	GSM4957342	4	COL1A1	466	8.67910696831716	544.879751646188	53692160	0.855234569814942
GSE162694	GSM4957343	2	COL1A1	1954	38.5720356058184	1707.31723497951	50658462	1.14448560581856
GSE162694	GSM4957344	2	COL1A1	1155	26.5306271052368	804.699187801032	43534591	1.43531895832556
GSE162694	GSM4957345	3	COL1A1	999	27.0467616579259	1360.48387228125	36936030	0.734297568941326
GSE162694	GSM4957346	2	COL1A1	1370	29.1386149008326	1175.50791402035	47016648	1.16545365935859
GSE162694	GSM4957347	1	COL1A1	303	14.3207836635306	408.911260792713	21158060	0.740992066133386
GSE162694	GSM4957348	2	COL1A1	1061	26.4705731926942	960.876065298163	40082245	1.10420067511076
GSE162694	GSM4957349	4	COL1A1	3975	99.4081501328656	3150.40323142246	39986661	1.26174324618288
GSE162694	GSM4957350	2	COL1A1	1111	27.1111562285868	1154.34358122426	40979440	0.962451750129463
GSE162694	GSM4957351	2	COL1A1	962	17.1381239259166	968.544561023646	56132165	0.993242891151308
GSE162694	GSM4957352	2	COL1A1	237	6.64155393306098	270.857212217322	35684420	0.874999775933022
GSE162694	GSM4957353	2	COL1A1	1117	26.5301867090985	1286.3035051448	42102983	0.868379815131001
GSE162694	GSM4957354	2	COL1A1	2244	47.2835355947675	1919.41997548681	47458380	1.16910318151236
GSE162694	GSM4957355	3	COL1A1	3193	72.8604266453752	3658.64702360125	43823515	0.872726988802841
GSE162694	GSM4957356	3	COL1A1	1962	43.3195071538346	2099.60040265119	45291374	0.934463528165911
GSE162694	GSM4957357	2	COL1A1	1324	27.7332512004581	1104.03471202687	47740526	1.19923765582452
GSE162694	GSM4957358	control	COL1A1	503	19.1705114086457	486.772515206215	26238215	1.03333689616167
GSE162694	GSM4957359	1	COL1A1	558	18.2068099799291	445.579601579131	30647873	1.25230149230901
GSE162694	GSM4957360	4	COL1A1	2638	61.9975245173417	2572.34788871855	42550086	1.02552225209093
GSE162694	GSM4957361	1	COL1A1	489	17.7102885802792	436.809557687941	27611069	1.11948099896968
GSE162694	GSM4957362	2	COL1A1	708	23.3243912185644	637.365928250537	30354490	1.11082185071195
GSE162694	GSM4957363	0	COL1A1	606	25.2286366007651	621.318534254586	24020323	0.975345119435454
GSE162694	GSM4957364	0	COL1A1	557	17.197420115282	499.147378159472	32388579	1.11590288634561
GSE162694	GSM4957365	1	COL1A1	2333	45.8451969816607	2102.68446599102	50888646	1.10953404456737
GSE162694	GSM4957366	4	COL1A1	12354	284.318587146973	21077.7354757492	43451257	0.586116094597249
GSE162694	GSM4957367	1	COL1A1	1395	36.5760074605616	1672.84369769726	38139756	0.833909349642332
GSE162694	GSM4957368	0	COL1A1	1744	42.7012497167125	1817.45879386784	40841896	0.959581590451627
GSE162694	GSM4957369	0	COL1A1	1809	42.1930722800448	1854.97990345338	42874337	0.975212721513702
GSE162694	GSM4957370	1	COL1A1	2634	62.7484671947845	2285.51927178355	41977121	1.15247332740472
GSE162694	GSM4957371	0	COL1A1	188	5.93051331116331	182.217772383537	31700460	1.03173251182268
GSE162694	GSM4957372	0	COL1A1	768	18.0055386724976	825.337854600281	42653542	0.930528020397114
GSE162694	GSM4957373	0	COL1A1	1875	49.580729485636	2166.00595210317	37817112	0.86564859075267
GSE162694	GSM4957374	3	COL1A1	1044	23.0851452463606	1087.47156595465	45223887	0.960025101054951
GSE162694	GSM4957375	0	COL1A1	2656	65.8009726206266	2638.63183623769	40364145	1.00658226112631
GSE162694	GSM4957376	1	COL1A1	3461	71.2288340412003	2982.20875180593	48589873	1.16054920632371
GSE162694	GSM4957377	1	COL1A1	1688	37.7276603359072	1765.89390336526	44741709	0.955889816926818
GSE162694	GSM4957378	0	COL1A1	2456	68.3662337946486	3009.32736105038	35924167	0.816129222692062
GSE162694	GSM4957379	0	COL1A1	1476	37.9439607289261	1477.96684128771	38899471	0.998669225024019
GSE162694	GSM4957380	0	COL1A1	1047	27.8477954932373	1261.89108385729	37597231	0.829707106574984
GSE162694	GSM4957381	1	COL1A1	686	25.6978502212413	690.688101736811	26694840	0.993212418564874
GSE162694	GSM4957382	0	COL1A1	1469	38.1803529673568	1760.78828194732	38475286	0.83428542492081
GSE162694	GSM4957383	1	COL1A1	2017	66.0845958183227	1918.11868811155	30521485	1.05155119571136
GSE162694	GSM4957384	2	COL1A1	945	26.1687235791082	870.040762393581	36111811	1.08615600653031
GSE162694	GSM4957385	2	COL1A1	1350	49.8362565189515	1296.42484604693	27088712	1.04132530637347
GSE162694	GSM4957386	0	COL1A1	196	5.96021006334639	166.462543605602	32884747	1.1774420584632
GSE162694	GSM4957387	1	COL1A1	390	11.4976299846869	408.051872476469	33920034	0.955760839015608
GSE162694	GSM4957388	0	COL1A1	1979	50.6137447237601	1797.84774699589	39100051	1.10076061963913
GSE162694	GSM4957389	0	COL1A1	372	12.7605887159349	354.877801180494	29152260	1.04824815404781
GSE162694	GSM4957390	2	COL1A1	1083	44.9675984163433	1142.71359485944	24084008	0.947744040914481
GSE162694	GSM4957391	control	COL1A1	86	3.23285835125878	101.837202753791	26601846	0.844485096550814
GSE162694	GSM4957392	1	COL1A1	288	9.04862846042488	271.932559841604	31828028	1.05908612108736
GSE162694	GSM4957393	1	COL1A1	704	23.3847980476882	662.041252002262	30105028	1.06337784521862
GSE162694	GSM4957394	0	COL1A1	1254	29.5840064048666	1365.27484610446	42387768	0.918496377178589
GSE162694	GSM4957395	4	COL1A1	2004	55.1502185726452	1613.59777928154	36337118	1.24194518964465
GSE162694	GSM4957396	2	COL1A1	1250	52.4590406105997	1201.6313845887	23828114	1.04025245681133
GSE162694	GSM4957397	0	COL1A1	1481	46.0530613982462	1616.20885861092	32158557	0.916341964164751
GSE162694	GSM4957398	control	COL1A1	125	3.94566335455059	125.080154724075	31680351	0.999359173129805
GSE162694	GSM4957399	0	COL1A1	559	23.9260448095014	618.385276954261	23363661	0.903967188147247
GSE162694	GSM4957400	2	COL1A1	1439	57.5544218254367	1479.69961600341	25002423	0.972494676917373
GSE162694	GSM4957401	0	COL1A1	1971	83.5395331449773	2074.87492605654	23593620	0.949936777030718
GSE162694	GSM4957402	control	COL1A1	604	19.2653705920497	506.7251203806	31351590	1.19196774682561
GSE162694	GSM4957403	3	COL1A1	2409	74.8557535222833	2236.2494145404	32181895	1.07725014228572
GSE162694	GSM4957404	control	COL1A1	210	8.49203497667016	247.13863969512	24729055	0.849725483069195
GSE162694	GSM4957405	0	COL1A1	362	10.2044040798561	332.298113889039	35474879	1.08938325217482
GSE162694	GSM4957406	control	COL1A1	201	7.85783710570761	198.762601627503	25579558	1.01125663658141
GSE162694	GSM4957407	3	COL1A1	1255	52.0598420209871	1434.13665309188	24106873	0.875090945688001
GSE162694	GSM4957408	0	COL1A1	210	10.0687296279034	260.714449178523	20856653	0.80547894703068
GSE162694	GSM4957409	control	COL1A1	367	12.3333236996745	403.938876530508	29756780	0.908553301806993
GSE162694	GSM4957410	0	COL1A1	239	8.05886790574739	216.238249972679	29656771	1.10526236699657
GSE162694	GSM4957411	1	COL1A1	519	14.4125710943807	476.894612805386	36010230	1.08829075872114
GSE162694	GSM4957412	1	COL1A1	147	5.09712944233035	132.631232392934	28839762	1.10833622931662
GSE162694	GSM4957413	control	COL1A1	231	6.75259001290183	229.634989155039	34209096	1.00594426332844
GSE162694	GSM4957414	0	COL1A1	430	13.4370905886461	435.501822391835	32000975	0.987366706385709
GSE162694	GSM4957415	2	COL1A1	643	28.0788772781009	690.527934662092	22899776	0.931171597445439
GSE162694	GSM4957416	0	COL1A1	805	25.7693924281522	720.283854495846	31238610	1.11761494440751
GSE162694	GSM4957417	1	COL1A1	352	12.6116493733605	348.464903191374	27910703	1.01014477147124
GSE162694	GSM4957418	control	COL1A1	334	13.9389579644013	378.82173652414	23961619	0.881681191434791
GSE162694	GSM4957419	1	COL1A1	195	7.26527245963973	209.495696133231	26840012	0.930806711542119
GSE162694	GSM4957420	1	COL1A1	577	17.4551715195976	465.375008082494	33056106	1.2398603061592
GSE162694	GSM4957421	control	COL1A1	413	13.6520779503901	365.677108142856	30251805	1.12941168808045
GSE162694	GSM4957422	0	COL1A1	714	23.6881689440209	637.25351171522	30141629	1.12043321358593
GSE162694	GSM4957423	control	COL1A1	315	10.656306346277	307.380139076024	29559961	1.02478969834187
GSE162694	GSM4957424	1	COL1A1	905	28.3507021325492	776.916869022407	31921608	1.16486079281399
GSE162694	GSM4957425	control	COL1A1	268	9.54619865026725	278.479507573696	28074002	0.962368837603165
GSE162694	GSM4957426	1	COL1A1	505	17.0108088026523	484.634039152921	29687007	1.04202338094674
GSE162694	GSM4957427	control	COL1A1	232	7.60884452087106	207.290698134833	30490832	1.1192012091594
GSE162694	GSM4957428	0	COL1A1	250	9.81779738893715	255.717350524005	25463960	0.977641913963642
GSE162694	GSM4957429	control	COL1A1	184	6.40566751180862	181.241856033538	28724563	1.01521802980185
GSE162694	GSM4957430	control	COL1A1	299	10.4102505663751	281.506289653772	28721691	1.06214323085905
GSE162694	GSM4957431	1	COL1A1	69	2.60541775098301	74.6726657557695	26483277	0.924032901486027
GSE162694	GSM4957432	2	COL1A1	354	11.2314522797643	331.756477990671	31518631	1.06704773978808
GSE162694	GSM4957433	2	COL1A1	1251	42.2922450931276	1097.21237158506	29579891	1.14016213487711
GSE162694	GSM4957434	control	COL1A1	457	13.0810344321736	419.120465131153	34936075	1.09037863340077
GSE162694	GSM4957435	control	COL1A1	265	10.0520113828218	267.480326887477	26362883	0.990727067981637
GSE162694	GSM4957436	0	COL1A1	455	14.9093975571198	408.207490449725	30517665	1.11462922813769
GSE162694	GSM4957437	control	COL1A1	167	5.1458712764306	147.80290725092	32453202	1.12988305241175
GSE162694	GSM4957438	control	COL1A1	129	3.83696115531912	110.10050352932	33620356	1.17165676690704
GSE162694	GSM4957439	control	COL1A1	276	7.91043620696074	248.272161638873	34890617	1.11168323576068
GSE162694	GSM4957440	control	COL1A1	665	20.5770676162442	516.336411790285	32317530	1.28792001651454
GSE162694	GSM4957441	control	COL1A1	38	1.58109930589324	48.8420221199983	24033911	0.778018565788269
GSE162694	GSM4957442	0	COL1A1	396	11.3250490408942	326.753245972378	34966736	1.21192369129051
GSE162694	GSM4957443	1	COL1A1	530	17.2350168194253	457.095935983709	30751348	1.15949401050656
GSE162694	GSM4957444	control	COL1A1	189	6.24442998497306	179.823731282526	30266974	1.05102924209184
GSE162694	GSM4957445	2	COL1A1	784	24.7958501361589	568.042367399936	31618194	1.38017874192827
GSE162694	GSM4957446	2	COL1A1	472	14.2435346272699	382.546817193295	33137842	1.23383590919149
GSE162694	GSM4957447	1	COL1A1	250	8.18257136519624	228.04549802063	30552743	1.09627246391588
GSE162694	GSM4957448	2	COL1A1	909	25.7755367018264	647.84811069792	35265997	1.40310666186978
GSE162694	GSM4957449	0	COL1A1	252	8.96579995606758	241.939303451397	28106806	1.04158355589638
GSE162694	GSM4957450	0	COL1A1	395	10.4259639760509	303.074424941924	37886185	1.30331023502128
GSE162694	GSM4957451	4	COL1A1	839	24.0729828569087	690.094528396779	34852349	1.2157754705709
GSE162694	GSM4957452	0	COL1A1	1284	33.625892565797	1169.04563440263	38184860	1.09833180349381
GSE162694	GSM4957453	control	COL1A1	157	4.93610634775102	158.639500916881	31806446	0.98966524158608
GSE162694	GSM4957454	1	COL1A1	657	30.4049903058062	932.703714013907	21608295	0.704403756657716
GSE162694	GSM4957455	1	COL1A1	1136	38.8944392592801	1008.64601549327	29207260	1.12626231854437
GSE162694	GSM4957456	control	COL1A1	936	39.7929203633128	1019.36017478873	23521772	0.918223041423013
GSE162694	GSM4957457	2	COL1A1	300	13.0866979342778	376.634887161364	22924041	0.796527380299396
GSE162694	GSM4957458	3	COL1A1	905	29.8794425572339	952.528774329715	30288383	0.950102531691853
GSE162694	GSM4957459	0	COL1A1	154	3.93699177015331	133.181979845475	39116160	1.15631258957616
GSE162694	GSM4957460	2	COL1A1	342	13.3148669365925	392.582413433597	25685574	0.871154662810302
GSE162694	GSM4957461	0	COL1A1	990	33.5602219028992	939.414963544515	29499209	1.05384738206066
GSE162694	GSM4957462	1	COL1A1	119	4.24353512579068	127.953761306558	28042657	0.930023461482262
GSE162694	GSM4957463	control	COL1A1	291	6.93374647978338	504.146701572346	41968653	0.577212940385054
GSE162694	GSM4957321	0	COL3A1	6041	187.935586843103	6266.59465611378	32143992	0.964000439075202
GSE162694	GSM4957322	1	COL3A1	5745	194.361947280041	5759.84571601602	29558255	0.997422549709146
GSE162694	GSM4957323	control	COL3A1	3284	149.549134860076	4096.62274328404	21959338	0.801635934229911
GSE162694	GSM4957324	3	COL3A1	13563	467.330342598313	11316.3210921379	29022297	1.19853439024658
GSE162694	GSM4957325	1	COL3A1	3174	76.2457899063834	2367.87565409611	41628528	1.34044200949041
GSE162694	GSM4957326	control	COL3A1	2397	98.7427864110317	3103.56009774641	24275191	0.772338838142859
GSE162694	GSM4957327	0	COL3A1	4130	165.075783774226	4981.39059699523	25018812	0.829085758199972
GSE162694	GSM4957328	2	COL3A1	3754	169.043261520868	4135.62956362383	22207333	0.90772153120759
GSE162694	GSM4957329	1	COL3A1	3720	147.565198033289	4423.45631889628	25209196	0.840971342727805
GSE162694	GSM4957330	control	COL3A1	1765	58.7147686438518	2709.67506207124	30060580	0.651369614277979
GSE162694	GSM4957331	control	COL3A1	3408	151.280316211373	4056.5073379546	22527716	0.840131599938977
GSE162694	GSM4957332	1	COL3A1	5598	180.564231290201	5430.28323388662	31002818	1.03088545456833
GSE162694	GSM4957333	2	COL3A1	3337	134.75228254093	3652.86927345083	24763959	0.913528448514001
GSE162694	GSM4957334	2	COL3A1	5680	223.372705263294	6317.54966036179	25428353	0.899082762362444
GSE162694	GSM4957335	4	COL3A1	11164	177.405648965167	9749.25076965417	62929225	1.14511363629597
GSE162694	GSM4957336	control	COL3A1	2471	68.4899422893934	2167.12368982411	36078290	1.14022102734734
GSE162694	GSM4957337	4	COL3A1	13487	207.31488761149	10372.583561366	65055627	1.30025464921141
GSE162694	GSM4957338	4	COL3A1	15787	259.507292192718	10451.5242132604	60834514	1.51049738563206
GSE162694	GSM4957339	4	COL3A1	4812	77.9452466714367	4411.75232206891	61735644	1.09072306165714
GSE162694	GSM4957340	4	COL3A1	13106	249.974170035116	9930.02954569052	52429417	1.31983494507202
GSE162694	GSM4957341	4	COL3A1	4712	82.1558002805746	4947.09404113192	57354441	0.952478356146605
GSE162694	GSM4957342	4	COL3A1	3602	67.08614442034	4211.71001165144	53692160	0.855234569814942
GSE162694	GSM4957343	2	COL3A1	6717	132.593839899837	5869.01221461482	50658462	1.14448560581856
GSE162694	GSM4957344	2	COL3A1	11501	264.180729296389	8012.85312458846	43534591	1.43531895832556
GSE162694	GSM4957345	3	COL3A1	6408	173.489137841831	8726.70736093916	36936030	0.734297568941326
GSE162694	GSM4957346	2	COL3A1	9714	206.607667990283	8334.95173488591	47016648	1.16545365935859
GSE162694	GSM4957347	1	COL3A1	4316	203.988456408574	5824.62376759521	21158060	0.740992066133386
GSE162694	GSM4957348	2	COL3A1	7867	196.271441382587	7124.61074995349	40082245	1.10420067511076
GSE162694	GSM4957349	4	COL3A1	18249	456.377190383563	14463.3229107493	39986661	1.26174324618288
GSE162694	GSM4957350	2	COL3A1	5758	140.509484756258	5982.63757037739	40979440	0.962451750129463
GSE162694	GSM4957351	2	COL3A1	4505	80.2570148505763	4535.64786633215	56132165	0.993242891151308
GSE162694	GSM4957352	2	COL3A1	4390	123.02287665037	5017.1441419158	35684420	0.874999775933022
GSE162694	GSM4957353	2	COL3A1	8761	208.085018584075	10088.9033201196	42102983	0.868379815131001
GSE162694	GSM4957354	2	COL3A1	10080	212.396630479169	8621.99347277496	47458380	1.16910318151236
GSE162694	GSM4957355	3	COL3A1	12668	289.068551438651	14515.4213889698	43823515	0.872726988802841
GSE162694	GSM4957356	3	COL3A1	9427	208.141179377777	10088.1411803225	45291374	0.934463528165911
GSE162694	GSM4957357	2	COL3A1	5454	114.242561969259	4547.88921404423	47740526	1.19923765582452
GSE162694	GSM4957358	control	COL3A1	4739	180.614420607499	4586.11321980567	26238215	1.03333689616167
GSE162694	GSM4957359	1	COL3A1	6035	196.914154532029	4819.12705292125	30647873	1.25230149230901
GSE162694	GSM4957360	4	COL3A1	5390	126.674244559694	5255.85865056595	42550086	1.02552225209093
GSE162694	GSM4957361	1	COL3A1	9371	339.392871750094	8370.8432824002	27611069	1.11948099896968
GSE162694	GSM4957362	2	COL3A1	6796	223.887800453903	6117.9927237156	30354490	1.11082185071195
GSE162694	GSM4957363	0	COL3A1	5463	227.43241212868	5601.09431127525	24020323	0.975345119435454
GSE162694	GSM4957364	0	COL3A1	3182	98.2445077321855	2851.5026163437	32388579	1.11590288634561
GSE162694	GSM4957365	1	COL3A1	23364	459.120095276263	21057.4881540566	50888646	1.10953404456737
GSE162694	GSM4957366	4	COL3A1	23354	537.475820319767	39845.3484135216	43451257	0.586116094597249
GSE162694	GSM4957367	1	COL3A1	8258	216.51947642245	9902.75502192402	38139756	0.833909349642332
GSE162694	GSM4957368	0	COL3A1	9175	224.646769581902	9561.458964299	40841896	0.959581590451627
GSE162694	GSM4957369	0	COL3A1	9818	228.994794718342	10067.54709348	42874337	0.975212721513702
GSE162694	GSM4957370	1	COL3A1	21147	503.77442512077	18349.2316022805	41977121	1.15247332740472
GSE162694	GSM4957371	0	COL3A1	4638	146.307025197742	4495.35121444066	31700460	1.03173251182268
GSE162694	GSM4957372	0	COL3A1	5941	139.285032881912	6384.54712783889	42653542	0.930528020397114
GSE162694	GSM4957373	0	COL3A1	10697	282.861367097519	12357.2083571454	37817112	0.86564859075267
GSE162694	GSM4957374	3	COL3A1	11218	248.054750357925	11685.1111368575	45223887	0.960025101054951
GSE162694	GSM4957375	0	COL3A1	14568	360.914370910123	14472.7366680386	40364145	1.00658226112631
GSE162694	GSM4957376	1	COL3A1	18999	391.00740189216	16370.6975081077	48589873	1.16054920632371
GSE162694	GSM4957377	1	COL3A1	14031	313.600001287389	14678.469998885	44741709	0.955889816926818
GSE162694	GSM4957378	0	COL3A1	13149	366.021013096838	16111.4191654933	35924167	0.816129222692062
GSE162694	GSM4957379	0	COL3A1	10780	277.124591231588	10794.3648706515	38899471	0.998669225024019
GSE162694	GSM4957380	0	COL3A1	10556	280.765357427519	12722.561873159	37597231	0.829707106574984
GSE162694	GSM4957381	1	COL3A1	6416	240.346074372426	6459.84673577752	26694840	0.993212418564874
GSE162694	GSM4957382	0	COL3A1	13059	339.412681688708	15652.916387985	38475286	0.83428542492081
GSE162694	GSM4957383	1	COL3A1	8031	263.126122467501	7637.28863868311	30521485	1.05155119571136
GSE162694	GSM4957384	2	COL3A1	6769	187.445597785168	6232.06975729328	36111811	1.08615600653031
GSE162694	GSM4957385	2	COL3A1	8403	310.203010021296	8069.52443061653	27088712	1.04132530637347
GSE162694	GSM4957386	0	COL3A1	1657	50.3881024232907	1407.28793242083	32884747	1.1774420584632
GSE162694	GSM4957387	1	COL3A1	3238	95.4598099754263	3387.8768284072	33920034	0.955760839015608
GSE162694	GSM4957388	0	COL3A1	11408	291.764325320189	10363.7428487767	39100051	1.10076061963913
GSE162694	GSM4957389	0	COL3A1	6306	216.312560329799	6015.75111355967	29152260	1.04824815404781
GSE162694	GSM4957390	2	COL3A1	5406	224.464300128118	5704.07173943688	24084008	0.947744040914481
GSE162694	GSM4957391	control	COL3A1	2730	102.624456964378	3232.73911067267	26601846	0.844485096550814
GSE162694	GSM4957392	1	COL3A1	5750	180.658380720288	5429.2090940598	31828028	1.05908612108736
GSE162694	GSM4957393	1	COL3A1	12981	431.190431046933	12207.3259832974	30105028	1.06337784521862
GSE162694	GSM4957394	0	COL3A1	7296	172.125128173769	7943.41728642594	42387768	0.918496377178589
GSE162694	GSM4957395	4	COL3A1	18194	500.700138079195	14649.5997985271	36337118	1.24194518964465
GSE162694	GSM4957396	2	COL3A1	4961	208.199440375348	4769.03463915563	23828114	1.04025245681133
GSE162694	GSM4957397	0	COL3A1	4556	141.673023450648	4971.94298435607	32158557	0.916341964164751
GSE162694	GSM4957398	control	COL3A1	6082	191.980196179013	6085.90000825461	31680351	0.999359173129805
GSE162694	GSM4957399	0	COL3A1	7092	303.548318048272	7845.41750296891	23363661	0.903967188147247
GSE162694	GSM4957400	2	COL3A1	7095	283.772496769613	7295.66975367909	25002423	0.972494676917373
GSE162694	GSM4957401	0	COL3A1	11800	500.13520604299	12421.8793137835	23593620	0.949936777030718
GSE162694	GSM4957402	control	COL3A1	2502	79.804564935941	2099.0500847554	31351590	1.19196774682561
GSE162694	GSM4957403	3	COL3A1	23076	717.049135857289	21421.2085885987	32181895	1.07725014228572
GSE162694	GSM4957404	control	COL3A1	2589	104.694659783805	3046.86637224127	24729055	0.849725483069195
GSE162694	GSM4957405	0	COL3A1	3461	97.561995912657	3177.02699494465	35474879	1.08938325217482
GSE162694	GSM4957406	control	COL3A1	3532	138.079008245569	3492.68412412111	25579558	1.01125663658141
GSE162694	GSM4957407	3	COL3A1	10541	437.261191030458	12045.6051476028	24106873	0.875090945688001
GSE162694	GSM4957408	0	COL3A1	528	25.3156630644428	655.510615077428	20856653	0.80547894703068
GSE162694	GSM4957409	control	COL3A1	3845	129.214249660077	4232.00267100764	29756780	0.908553301806993
GSE162694	GSM4957410	0	COL3A1	1644	55.4342210755176	1487.42963579533	29656771	1.10526236699657
GSE162694	GSM4957411	1	COL3A1	2077	57.6780542640244	1908.49732330788	36010230	1.08829075872114
GSE162694	GSM4957412	1	COL3A1	1781	61.7550172570772	1606.91309450214	28839762	1.10833622931662
GSE162694	GSM4957413	control	COL3A1	2703	79.0140727483708	2687.0276003726	34209096	1.00594426332844
GSE162694	GSM4957414	0	COL3A1	4979	155.58900939737	5042.70598532313	32000975	0.987366706385709
GSE162694	GSM4957415	2	COL3A1	4707	205.54786212756	5054.92222154661	22899776	0.931171597445439
GSE162694	GSM4957416	0	COL3A1	5221	167.132916605444	4671.55528487305	31238610	1.11761494440751
GSE162694	GSM4957417	1	COL3A1	3662	131.204147742176	3625.2229417239	27910703	1.01014477147124
GSE162694	GSM4957418	control	COL3A1	3346	139.639980086487	3795.02254613704	23961619	0.881681191434791
GSE162694	GSM4957419	1	COL3A1	2126	79.2100987138158	2284.04025630384	26840012	0.930806711542119
GSE162694	GSM4957420	1	COL3A1	3489	105.547822238953	2814.02669532032	33056106	1.2398603061592
GSE162694	GSM4957421	control	COL3A1	3594	118.802828459327	3182.18771589691	30251805	1.12941168808045
GSE162694	GSM4957422	0	COL3A1	3641	120.796390931625	3249.63590497915	30141629	1.12043321358593
GSE162694	GSM4957423	control	COL3A1	1508	51.0149522863038	1471.52142770363	29559961	1.02478969834187
GSE162694	GSM4957424	1	COL3A1	5705	178.719067034468	4897.58092571584	31921608	1.16486079281399
GSE162694	GSM4957425	control	COL3A1	4082	145.401428695488	4241.61697729787	28074002	0.962368837603165
GSE162694	GSM4957426	1	COL3A1	6728	226.631131929197	6456.66894142743	29687007	1.04202338094674
GSE162694	GSM4957427	control	COL3A1	3207	105.179156803593	2865.43650395866	30490832	1.1192012091594
GSE162694	GSM4957428	0	COL3A1	6470	254.084596425693	6617.96503156126	25463960	0.977641913963642
GSE162694	GSM4957429	control	COL3A1	3036	105.693513944842	2990.49062455338	28724563	1.01521802980185
GSE162694	GSM4957430	control	COL3A1	2683	93.413719965165	2526.02466602364	28721691	1.06214323085905
GSE162694	GSM4957431	1	COL3A1	3205	121.019766549283	3468.49121372813	26483277	0.924032901486027
GSE162694	GSM4957432	2	COL3A1	2370	75.1936211950322	2221.08150519178	31518631	1.06704773978808
GSE162694	GSM4957433	2	COL3A1	9159	309.636029422826	8033.06803465031	29579891	1.14016213487711
GSE162694	GSM4957434	control	COL3A1	2987	85.4990149866578	2739.41538150275	34936075	1.09037863340077
GSE162694	GSM4957435	control	COL3A1	3489	132.345161187416	3521.65607739777	26362883	0.990727067981637
GSE162694	GSM4957436	0	COL3A1	3486	114.228922822241	3127.49738836866	30517665	1.11462922813769
GSE162694	GSM4957437	control	COL3A1	2396	73.8293866965731	2120.57344774374	32453202	1.12988305241175
GSE162694	GSM4957438	control	COL3A1	2167	64.4549986323762	1849.51776083748	33620356	1.17165676690704
GSE162694	GSM4957439	control	COL3A1	4466	128.000029348865	4017.33142709857	34890617	1.11168323576068
GSE162694	GSM4957440	control	COL3A1	6608	204.471071891942	5130.7533971582	32317530	1.28792001651454
GSE162694	GSM4957441	control	COL3A1	3444	143.297526565693	4426.62958371774	24033911	0.778018565788269
GSE162694	GSM4957442	0	COL3A1	4579	130.953029187511	3778.2906901705	34966736	1.21192369129051
GSE162694	GSM4957443	1	COL3A1	5250	170.724223211288	4527.83710172542	30751348	1.15949401050656
GSE162694	GSM4957444	control	COL3A1	2995	98.9527397089646	2849.58769942415	30266974	1.05102924209184
GSE162694	GSM4957445	2	COL3A1	6875	217.438099089404	4981.23887228898	31618194	1.38017874192827
GSE162694	GSM4957446	2	COL3A1	8728	263.384682683924	7073.87419589635	33137842	1.23383590919149
GSE162694	GSM4957447	1	COL3A1	4871	159.429220479484	4443.23848343396	30552743	1.09627246391588
GSE162694	GSM4957448	2	COL3A1	6647	188.481839886733	4737.34476546653	35265997	1.40310666186978
GSE162694	GSM4957449	0	COL3A1	3458	123.03069939715	3319.94488624972	28106806	1.04158355589638
GSE162694	GSM4957450	0	COL3A1	3329	87.8684406994264	2554.26521678903	37886185	1.30331023502128
GSE162694	GSM4957451	4	COL3A1	5194	149.028692441936	4272.17041775074	34852349	1.2157754705709
GSE162694	GSM4957452	0	COL3A1	6319	165.484435454261	5753.27053254689	38184860	1.09833180349381
GSE162694	GSM4957453	control	COL3A1	2736	86.020299155712	2764.57117521392	31806446	0.98966524158608
GSE162694	GSM4957454	1	COL3A1	5024	232.503304865099	7132.27314947621	21608295	0.704403756657716
GSE162694	GSM4957455	1	COL3A1	6177	211.488513472335	5484.51270924468	29207260	1.12626231854437
GSE162694	GSM4957456	control	COL3A1	8106	344.616893659202	8827.92048807418	23521772	0.918223041423013
GSE162694	GSM4957457	2	COL3A1	6162	268.800775570066	7736.08058229442	22924041	0.796527380299396
GSE162694	GSM4957458	3	COL3A1	3516	116.084110531751	3700.65322711964	30288383	0.950102531691853
GSE162694	GSM4957459	0	COL3A1	5459	139.558688787447	4721.04174010679	39116160	1.15631258957616
GSE162694	GSM4957460	2	COL3A1	4413	171.8085023134	5065.6906154458	25685574	0.871154662810302
GSE162694	GSM4957461	0	COL3A1	7759	263.024001762217	7362.54616377969	29499209	1.05384738206066
GSE162694	GSM4957462	1	COL3A1	5495	195.951474926217	5908.45309562634	28042657	0.930023461482262
GSE162694	GSM4957463	control	COL3A1	2897	69.0277098004551	5018.94499812744	41968653	0.577212940385054
GSE162694	GSM4957321	0	LUM	976	30.3633724149757	1012.44767163831	32143992	0.964000439075202
GSE162694	GSM4957322	1	LUM	1104	37.349972114389	1106.85285822136	29558255	0.997422549709146
GSE162694	GSM4957323	control	LUM	366	16.6671691104714	456.566359330681	21959338	0.801635934229911
GSE162694	GSM4957324	3	LUM	2555	88.0357609185793	2131.77028610281	29022297	1.19853439024658
GSE162694	GSM4957325	1	LUM	287	6.89431055549214	214.108479119591	41628528	1.34044200949041
GSE162694	GSM4957326	control	LUM	895	36.8689169119205	1158.81780871216	24275191	0.772338838142859
GSE162694	GSM4957327	0	LUM	1078	43.0875774597131	1300.22737616486	25018812	0.829085758199972
GSE162694	GSM4957328	2	LUM	897	40.3920632882841	988.188523860036	22207333	0.90772153120759
GSE162694	GSM4957329	1	LUM	164	6.5055624939407	195.012590402954	25209196	0.840971342727805
GSE162694	GSM4957330	control	LUM	243	8.08367636286459	373.060079367314	30060580	0.651369614277979
GSE162694	GSM4957331	control	LUM	635	28.1875002330463	755.833967019124	22527716	0.840131599938977
GSE162694	GSM4957332	1	LUM	731	23.5785017994171	709.099150405701	31002818	1.03088545456833
GSE162694	GSM4957333	2	LUM	973	39.2909712053715	1065.10092989741	24763959	0.913528448514001
GSE162694	GSM4957334	2	LUM	1638	64.4162836657176	1821.85675064659	25428353	0.899082762362444
GSE162694	GSM4957335	4	LUM	6286	99.8899954671299	5489.41153153405	62929225	1.14511363629597
GSE162694	GSM4957336	control	LUM	646	17.9055049449406	566.556820569152	36078290	1.14022102734734
GSE162694	GSM4957337	4	LUM	10319	158.618100783196	7936.13774521659	65055627	1.30025464921141
GSE162694	GSM4957338	4	LUM	13593	223.442238726523	8999.0225268163	60834514	1.51049738563206
GSE162694	GSM4957339	4	LUM	3050	49.4041983266587	2796.31017919996	61735644	1.09072306165714
GSE162694	GSM4957340	4	LUM	11314	215.794884768602	8572.28401342458	52429417	1.31983494507202
GSE162694	GSM4957341	4	LUM	1225	21.3584158199711	1286.1184635795	57354441	0.952478356146605
GSE162694	GSM4957342	4	LUM	1496	27.8625408253272	1749.22770056373	53692160	0.855234569814942
GSE162694	GSM4957343	2	LUM	986	19.4636781511448	861.522412328453	50658462	1.14448560581856
GSE162694	GSM4957344	2	LUM	1566	35.9713957115159	1091.04669099257	43534591	1.43531895832556
GSE162694	GSM4957345	3	LUM	999	27.0467616579259	1360.48387228125	36936030	0.734297568941326
GSE162694	GSM4957346	2	LUM	1763	37.497356255597	1512.71565869918	47016648	1.16545365935859
GSE162694	GSM4957347	1	LUM	279	13.1864641654292	376.522250036854	21158060	0.740992066133386
GSE162694	GSM4957348	2	LUM	1369	34.1547735163038	1239.8108703046	40082245	1.10420067511076
GSE162694	GSM4957349	4	LUM	3102	77.5758696131192	2458.50335191761	39986661	1.26174324618288
GSE162694	GSM4957350	2	LUM	1447	35.3103897954682	1503.45199102746	40979440	0.962451750129463
GSE162694	GSM4957351	2	LUM	664	11.8292248303624	668.517243783473	56132165	0.993242891151308
GSE162694	GSM4957352	2	LUM	826	23.1473567456049	944.000241736321	35684420	0.874999775933022
GSE162694	GSM4957353	2	LUM	670	15.9133617682149	771.551789119978	42102983	0.868379815131001
GSE162694	GSM4957354	2	LUM	2240	47.1992512175932	1915.99854950555	47458380	1.16910318151236
GSE162694	GSM4957355	3	LUM	2072	47.2805524613897	2374.16743905474	43823515	0.872726988802841
GSE162694	GSM4957356	3	LUM	1273	28.1068973531251	1362.27895646023	45291374	0.934463528165911
GSE162694	GSM4957357	2	LUM	818	17.1342896389537	682.099995799079	47740526	1.19923765582452
GSE162694	GSM4957358	control	LUM	448	17.0743322287739	433.546892271141	26238215	1.03333689616167
GSE162694	GSM4957359	1	LUM	737	24.0473457978634	588.516427175304	30647873	1.25230149230901
GSE162694	GSM4957360	4	LUM	299	7.02701282436891	291.558763732693	42550086	1.02552225209093
GSE162694	GSM4957361	1	LUM	1436	52.0081276099813	1282.73726961121	27611069	1.11948099896968
GSE162694	GSM4957362	2	LUM	1447	47.6700481543258	1302.63912172108	30354490	1.11082185071195
GSE162694	GSM4957363	0	LUM	555	23.1054345106017	569.029350678705	24020323	0.975345119435454
GSE162694	GSM4957364	0	LUM	290	8.95377348910553	259.879245361305	32388579	1.11590288634561
GSE162694	GSM4957365	1	LUM	2381	46.7884329247039	2145.9458694919	50888646	1.10953404456737
GSE162694	GSM4957366	4	LUM	1276	29.3662390480441	2177.04310078161	43451257	0.586116094597249
GSE162694	GSM4957367	1	LUM	291	7.62983381435372	348.958792852978	38139756	0.833909349642332
GSE162694	GSM4957368	0	LUM	383	9.37762536783307	399.132292460656	40841896	0.959581590451627
GSE162694	GSM4957369	0	LUM	611	14.2509492333374	626.52997291875	42874337	0.975212721513702
GSE162694	GSM4957370	1	LUM	2344	55.8399419531416	2033.88655013692	41977121	1.15247332740472
GSE162694	GSM4957371	0	LUM	441	13.9114700543778	427.436370325212	31700460	1.03173251182268
GSE162694	GSM4957372	0	LUM	670	15.7079569148091	720.021305445557	42653542	0.930528020397114
GSE162694	GSM4957373	0	LUM	486	12.8513250826769	561.42874278514	37817112	0.86564859075267
GSE162694	GSM4957374	3	LUM	1091	24.1244190266087	1136.42861921123	45223887	0.960025101054951
GSE162694	GSM4957375	0	LUM	777	19.2497574270432	771.919027393329	40364145	1.00658226112631
GSE162694	GSM4957376	1	LUM	277	5.70077637371063	238.680099465543	48589873	1.16054920632371
GSE162694	GSM4957377	1	LUM	995	22.2387571292818	1040.91494896234	44741709	0.955889816926818
GSE162694	GSM4957378	0	LUM	681	18.9565982142328	834.426682766819	35924167	0.816129222692062
GSE162694	GSM4957379	0	LUM	704	18.0979324885935	704.938114001729	38899471	0.998669225024019
GSE162694	GSM4957380	0	LUM	500	13.2988517159681	602.622294105677	37597231	0.829707106574984
GSE162694	GSM4957381	1	LUM	1032	38.659156601051	1039.05265450786	26694840	0.993212418564874
GSE162694	GSM4957382	0	LUM	637	16.5560822601812	763.527662083349	38475286	0.83428542492081
GSE162694	GSM4957383	1	LUM	481	15.7593904752668	457.419478920007	30521485	1.05155119571136
GSE162694	GSM4957384	2	LUM	429	11.8797697517856	394.970885785023	36111811	1.08615600653031
GSE162694	GSM4957385	2	LUM	2425	89.5206830062648	2328.76314938059	27088712	1.04132530637347
GSE162694	GSM4957386	0	LUM	416	12.6502417671025	353.308255815972	32884747	1.1774420584632
GSE162694	GSM4957387	1	LUM	220	6.48584255546442	230.183107550829	33920034	0.955760839015608
GSE162694	GSM4957388	0	LUM	2280	58.3119444013001	2071.29502938384	39100051	1.10076061963913
GSE162694	GSM4957389	0	LUM	618	21.1990425442144	589.555056799853	29152260	1.04824815404781
GSE162694	GSM4957390	2	LUM	916	38.0335366106837	966.505681340026	24084008	0.947744040914481
GSE162694	GSM4957391	control	LUM	1215	45.6735220555746	1438.7465272774	26601846	0.844485096550814
GSE162694	GSM4957392	1	LUM	1925	60.4812839802705	1817.6047836635	31828028	1.05908612108736
GSE162694	GSM4957393	1	LUM	3252	108.021822799833	3058.17919248772	30105028	1.06337784521862
GSE162694	GSM4957394	0	LUM	281	6.62927097270137	305.93479406328	42387768	0.918496377178589
GSE162694	GSM4957395	4	LUM	16543	455.264503915803	13320.2335641988	36337118	1.24194518964465
GSE162694	GSM4957396	2	LUM	368	15.4439415557606	353.760279622913	23828114	1.04025245681133
GSE162694	GSM4957397	0	LUM	877	27.2711241365712	957.066285619025	32158557	0.916341964164751
GSE162694	GSM4957398	control	LUM	1649	52.0511909732313	1650.05740112	31680351	0.999359173129805
GSE162694	GSM4957399	0	LUM	1606	68.7392271271185	1776.61315704569	23363661	0.903967188147247
GSE162694	GSM4957400	2	LUM	518	20.7179920122142	532.650730430693	25002423	0.972494676917373
GSE162694	GSM4957401	0	LUM	3920	166.146610821061	4126.59041610433	23593620	0.949936777030718
GSE162694	GSM4957402	control	LUM	304	9.69647791387933	255.040457939905	31351590	1.19196774682561
GSE162694	GSM4957403	3	LUM	2692	83.6495178422526	2498.95534410244	32181895	1.07725014228572
GSE162694	GSM4957404	control	LUM	298	12.0506020145129	350.701498234028	24729055	0.849725483069195
GSE162694	GSM4957405	0	LUM	352	9.92251446439042	323.118607980502	35474879	1.08938325217482
GSE162694	GSM4957406	control	LUM	403	15.754767928359	398.51407191982	25579558	1.01125663658141
GSE162694	GSM4957407	3	LUM	1470	60.9784603751801	1679.82540242635	24106873	0.875090945688001
GSE162694	GSM4957408	0	LUM	155	7.43168139202393	192.43209344129	20856653	0.80547894703068
GSE162694	GSM4957409	control	LUM	314	10.5522170073509	345.604379374876	29756780	0.908553301806993
GSE162694	GSM4957410	0	LUM	592	19.9617146451986	535.61943089467	29656771	1.10526236699657
GSE162694	GSM4957411	1	LUM	252	6.99801139842761	231.555765755216	36010230	1.08829075872114
GSE162694	GSM4957412	1	LUM	338	11.719930282365	304.961609175589	28839762	1.10833622931662
GSE162694	GSM4957413	control	LUM	509	14.8790836215023	505.992248830799	34209096	1.00594426332844
GSE162694	GSM4957414	0	LUM	293	9.15597102900771	296.748916187925	32000975	0.987366706385709
GSE162694	GSM4957415	2	LUM	565	24.6727304232146	606.76249313232	22899776	0.931171597445439
GSE162694	GSM4957416	0	LUM	589	18.8548722238281	527.015143227395	31238610	1.11761494440751
GSE162694	GSM4957417	1	LUM	521	18.6666742145477	515.767655007687	27910703	1.01014477147124
GSE162694	GSM4957418	control	LUM	458	19.113900442203	519.462141700767	23961619	0.881681191434791
GSE162694	GSM4957419	1	LUM	301	11.2146000530849	323.375407877449	26840012	0.930806711542119
GSE162694	GSM4957420	1	LUM	1191	36.0296521314398	960.592087740469	33056106	1.2398603061592
GSE162694	GSM4957421	control	LUM	552	18.2468451056061	488.750033159459	30251805	1.12941168808045
GSE162694	GSM4957422	0	LUM	595	19.7401407866841	531.044593096016	30141629	1.12043321358593
GSE162694	GSM4957423	control	LUM	239	8.08526100558793	233.21858171165	29559961	1.02478969834187
GSE162694	GSM4957424	1	LUM	599	18.7647188700519	514.224535408201	31921608	1.16486079281399
GSE162694	GSM4957425	control	LUM	734	26.1451858555827	762.701337907064	28074002	0.962368837603165
GSE162694	GSM4957426	1	LUM	1591	53.5924689208313	1526.83714117287	29687007	1.04202338094674
GSE162694	GSM4957427	control	LUM	487	15.9720141451043	435.131767205446	30490832	1.1192012091594
GSE162694	GSM4957428	0	LUM	3685	144.714333512934	3769.27374672384	25463960	0.977641913963642
GSE162694	GSM4957429	control	LUM	271	9.43443421576161	266.937733614614	28724563	1.01521802980185
GSE162694	GSM4957430	control	LUM	423	14.727545115641	398.251372988446	28721691	1.06214323085905
GSE162694	GSM4957431	1	LUM	549	20.7300629752126	594.134688404601	26483277	0.924032901486027
GSE162694	GSM4957432	2	LUM	504	15.990542228817	472.331256800277	31518631	1.06704773978808
GSE162694	GSM4957433	2	LUM	1849	62.5086819961575	1621.69918070405	29579891	1.14016213487711
GSE162694	GSM4957434	control	LUM	533	15.256436219581	488.821023883818	34936075	1.09037863340077
GSE162694	GSM4957435	control	LUM	637	24.1627594371981	642.962144254049	26362883	0.990727067981637
GSE162694	GSM4957436	0	LUM	601	19.6935119380857	539.192751121504	30517665	1.11462922813769
GSE162694	GSM4957437	control	LUM	400	12.3254401830673	354.018939523162	32453202	1.12988305241175
GSE162694	GSM4957438	control	LUM	391	11.6298590056572	333.715479689643	33620356	1.17165676690704
GSE162694	GSM4957439	control	LUM	809	23.1867496066349	727.725285383508	34890617	1.11168323576068
GSE162694	GSM4957440	control	LUM	2248	69.5597714305518	1745.45000557077	32317530	1.28792001651454
GSE162694	GSM4957441	control	LUM	496	20.6375067295539	637.516920303136	24033911	0.778018565788269
GSE162694	GSM4957442	0	LUM	627	17.9313276480825	517.359306122932	34966736	1.21192369129051
GSE162694	GSM4957443	1	LUM	623	20.2592744877395	537.303336071417	30751348	1.15949401050656
GSE162694	GSM4957444	control	LUM	567	18.7332899549192	539.471193847577	30266974	1.05102924209184
GSE162694	GSM4957445	2	LUM	5291	167.340361059205	3833.5614361136	31618194	1.38017874192827
GSE162694	GSM4957446	2	LUM	1673	50.4860877784377	1355.93395161945	33137842	1.23383590919149
GSE162694	GSM4957447	1	LUM	786	25.726004372177	716.975045776861	30552743	1.09627246391588
GSE162694	GSM4957448	2	LUM	1718	48.7154808071923	1224.42580217715	35265997	1.40310666186978
GSE162694	GSM4957449	0	LUM	355	12.6303927952539	340.82719335415	28106806	1.04158355589638
GSE162694	GSM4957450	0	LUM	803	21.1950609437187	616.123451211051	37886185	1.30331023502128
GSE162694	GSM4957451	4	LUM	1281	36.7550548744935	1053.64849925658	34852349	1.2157754705709
GSE162694	GSM4957452	0	LUM	352	9.21831322676055	320.486030615051	38184860	1.09833180349381
GSE162694	GSM4957453	control	LUM	357	11.2241399117651	360.728037116729	31806446	0.98966524158608
GSE162694	GSM4957454	1	LUM	835	38.6425675880489	1185.39969741494	21608295	0.704403756657716
GSE162694	GSM4957455	1	LUM	464	15.8864611059031	411.982175342323	29207260	1.12626231854437
GSE162694	GSM4957456	control	LUM	1302	55.3529725566594	1417.9561405715	23521772	0.918223041423013
GSE162694	GSM4957457	2	LUM	666	29.0524694140968	836.129449498229	22924041	0.796527380299396
GSE162694	GSM4957458	3	LUM	534	17.6305219066993	562.044602753666	30288383	0.950102531691853
GSE162694	GSM4957459	0	LUM	872	22.2925767764525	754.121340423726	39116160	1.15631258957616
GSE162694	GSM4957460	2	LUM	995	38.7376976664022	1142.16228469716	25685574	0.871154662810302
GSE162694	GSM4957461	0	LUM	1174	39.7976772868723	1114.01330020329	29499209	1.05384738206066
GSE162694	GSM4957462	1	LUM	836	29.8117257576556	898.902054220859	28042657	0.930023461482262
GSE162694	GSM4957463	control	LUM	337	8.02980262435394	583.839994604401	41968653	0.577212940385054
GSE162694	GSM4957321	0	THBS2	244	7.59084310374393	253.111917909578	32143992	0.964000439075202
GSE162694	GSM4957322	1	THBS2	364	12.3146647188746	364.940616297621	29558255	0.997422549709146
GSE162694	GSM4957323	control	THBS2	189	8.60681683573521	235.767874080598	21959338	0.801635934229911
GSE162694	GSM4957324	3	THBS2	1187	40.8995883406472	990.376254248153	29022297	1.19853439024658
GSE162694	GSM4957325	1	THBS2	281	6.75017862750275	209.632343667614	41628528	1.34044200949041
GSE162694	GSM4957326	control	THBS2	235	9.68066533441488	304.270597818276	24275191	0.772338838142859
GSE162694	GSM4957327	0	THBS2	145	5.7956388976423	174.891437424772	25018812	0.829085758199972
GSE162694	GSM4957328	2	THBS2	242	10.8973013553676	266.601586147301	22207333	0.90772153120759
GSE162694	GSM4957329	1	THBS2	96	3.80813414279456	114.153711455388	25209196	0.840971342727805
GSE162694	GSM4957330	control	THBS2	142	4.72379441780564	218.002186296949	30060580	0.651369614277979
GSE162694	GSM4957331	control	THBS2	188	8.34527565954756	223.774465826134	22527716	0.840131599938977
GSE162694	GSM4957332	1	THBS2	340	10.9667450229847	329.813558328233	31002818	1.03088545456833
GSE162694	GSM4957333	2	THBS2	190	7.67244042037059	207.984765344818	24763959	0.913528448514001
GSE162694	GSM4957334	2	THBS2	342	13.4495537324026	380.387673211925	25428353	0.899082762362444
GSE162694	GSM4957335	4	THBS2	2678	42.555744171329	2338.63252966086	62929225	1.14511363629597
GSE162694	GSM4957336	control	THBS2	183	5.07230248440267	160.495198396524	36078290	1.14022102734734
GSE162694	GSM4957337	4	THBS2	2871	44.1314630631413	2208.02902088544	65055627	1.30025464921141
GSE162694	GSM4957338	4	THBS2	2866	47.1114144184665	1897.38825585636	60834514	1.51049738563206
GSE162694	GSM4957339	4	THBS2	1108	17.9474923757173	1015.83989460772	61735644	1.09072306165714
GSE162694	GSM4957340	4	THBS2	2890	55.1217267970002	2189.667738978	52429417	1.31983494507202
GSE162694	GSM4957341	4	THBS2	552	9.62436370010127	579.540728078273	57354441	0.952478356146605
GSE162694	GSM4957342	4	THBS2	372	6.92838582020168	434.968385434296	53692160	0.855234569814942
GSE162694	GSM4957343	2	THBS2	988	19.5031582285305	863.269922292608	50658462	1.14448560581856
GSE162694	GSM4957344	2	THBS2	686	15.7575845837164	477.942547906068	43534591	1.43531895832556
GSE162694	GSM4957345	3	THBS2	240	6.49772051842063	326.842972319819	36936030	0.734297568941326
GSE162694	GSM4957346	2	THBS2	980	20.8436807319824	840.874274262733	47016648	1.16545365935859
GSE162694	GSM4957347	1	THBS2	94	4.44275136756394	126.856958793779	21158060	0.740992066133386
GSE162694	GSM4957348	2	THBS2	472	11.7757875089082	427.458532347533	40082245	1.10420067511076
GSE162694	GSM4957349	4	THBS2	1265	31.6355496649245	1002.5811541508	39986661	1.26174324618288
GSE162694	GSM4957350	2	THBS2	660	16.1056373635169	685.748662113421	40979440	0.962451750129463
GSE162694	GSM4957351	2	THBS2	461	8.21276001023656	464.13621895208	56132165	0.993242891151308
GSE162694	GSM4957352	2	THBS2	208	5.82887433787631	237.714346587354	35684420	0.874999775933022
GSE162694	GSM4957353	2	THBS2	438	10.4030633648927	504.387587514254	42102983	0.868379815131001
GSE162694	GSM4957354	2	THBS2	568	11.9683815587468	485.842489338907	47458380	1.16910318151236
GSE162694	GSM4957355	3	THBS2	1029	23.4805446345415	1179.06288358462	43823515	0.872726988802841
GSE162694	GSM4957356	3	THBS2	494	10.9071541967351	528.645565193521	45291374	0.934463528165911
GSE162694	GSM4957357	2	THBS2	481	10.0752974527344	401.088139339067	47740526	1.19923765582452
GSE162694	GSM4957358	control	THBS2	209	7.96548088351285	202.257367153278	26238215	1.03333689616167
GSE162694	GSM4957359	1	THBS2	197	6.4278522688997	157.310361130984	30647873	1.25230149230901
GSE162694	GSM4957360	4	THBS2	336	7.89657628424065	327.637941853462	42550086	1.02552225209093
GSE162694	GSM4957361	1	THBS2	497	18.0000274527582	443.955726320873	27611069	1.11948099896968
GSE162694	GSM4957362	2	THBS2	596	19.6346570144977	536.539679713729	30354490	1.11082185071195
GSE162694	GSM4957363	0	THBS2	283	11.7816900297302	290.153704940673	24020323	0.975345119435454
GSE162694	GSM4957364	0	THBS2	110	3.39625890966072	98.5748861715296	32388579	1.11590288634561
GSE162694	GSM4957365	1	THBS2	1097	21.5568714482991	988.703325843183	50888646	1.10953404456737
GSE162694	GSM4957366	4	THBS2	7110	163.631629805324	12130.7025443238	43451257	0.586116094597249
GSE162694	GSM4957367	1	THBS2	277	7.26276277173876	332.170397320532	38139756	0.833909349642332
GSE162694	GSM4957368	0	THBS2	583	14.2745576747955	607.556466069353	40841896	0.959581590451627
GSE162694	GSM4957369	0	THBS2	753	17.562953801478	772.139230127363	42874337	0.975212721513702
GSE162694	GSM4957370	1	THBS2	1687	40.1885589056953	1463.80828075127	41977121	1.15247332740472
GSE162694	GSM4957371	0	THBS2	157	4.95260952049276	152.171224809656	31700460	1.03173251182268
GSE162694	GSM4957372	0	THBS2	228	5.34539429339772	245.022175584458	42653542	0.930528020397114
GSE162694	GSM4957373	0	THBS2	404	10.6829945131717	466.702082479829	37817112	0.86564859075267
GSE162694	GSM4957374	3	THBS2	531	11.7415824959938	553.110537856245	45223887	0.960025101054951
GSE162694	GSM4957375	0	THBS2	737	18.2587789237205	732.180596124689	40364145	1.00658226112631
GSE162694	GSM4957376	1	THBS2	334	6.87386032064747	287.794776972893	48589873	1.16054920632371
GSE162694	GSM4957377	1	THBS2	453	10.1247808839846	473.903991839136	44741709	0.955889816926818
GSE162694	GSM4957378	0	THBS2	630	17.5369410792462	771.936578771066	35924167	0.816129222692062
GSE162694	GSM4957379	0	THBS2	608	15.6300326037853	608.810189365129	38899471	0.998669225024019
GSE162694	GSM4957380	0	THBS2	220	5.85149475502598	265.153809406498	37597231	0.829707106574984
GSE162694	GSM4957381	1	THBS2	266	9.96447253476702	267.817835367335	26694840	0.993212418564874
GSE162694	GSM4957382	0	THBS2	511	13.2812528021234	612.500212440489	38475286	0.83428542492081
GSE162694	GSM4957383	1	THBS2	280	9.1738655573279	266.273293342208	30521485	1.05155119571136
GSE162694	GSM4957384	2	THBS2	272	7.53216170742586	250.42443108048	36111811	1.08615600653031
GSE162694	GSM4957385	2	THBS2	504	18.6055357670752	483.998609190852	27088712	1.04132530637347
GSE162694	GSM4957386	0	THBS2	221	6.72044093877323	187.695010902235	32884747	1.1774420584632
GSE162694	GSM4957387	1	THBS2	187	5.51296617214476	195.655641418204	33920034	0.955760839015608
GSE162694	GSM4957388	0	THBS2	854	21.8414037362765	775.827173286755	39100051	1.10076061963913
GSE162694	GSM4957389	0	THBS2	237	8.12972990773271	226.091502364992	29152260	1.04824815404781
GSE162694	GSM4957390	2	THBS2	290	12.0411851715047	305.989789943895	24084008	0.947744040914481
GSE162694	GSM4957391	control	THBS2	166	6.240168445453	196.569484385224	26601846	0.844485096550814
GSE162694	GSM4957392	1	THBS2	430	13.5101049929955	406.010419207951	31828028	1.05908612108736
GSE162694	GSM4957393	1	THBS2	873	28.9984782608407	820.968768463032	30105028	1.06337784521862
GSE162694	GSM4957394	0	THBS2	536	12.6451574425905	583.562454156292	42387768	0.918496377178589
GSE162694	GSM4957395	4	THBS2	5184	142.66403846337	4174.09724939894	36337118	1.24194518964465
GSE162694	GSM4957396	2	THBS2	433	18.1718116675117	416.245111621526	23828114	1.04025245681133
GSE162694	GSM4957397	0	THBS2	707	21.9848172913977	771.546025008723	32158557	0.916341964164751
GSE162694	GSM4957398	control	THBS2	199	6.28149606044453	199.127606320728	31680351	0.999359173129805
GSE162694	GSM4957399	0	THBS2	555	23.7548387643529	613.960337584284	23363661	0.903967188147247
GSE162694	GSM4957400	2	THBS2	597	23.8776857746947	613.885108237691	25002423	0.972494676917373
GSE162694	GSM4957401	0	THBS2	1061	44.9697842043739	1116.91643660375	23593620	0.949936777030718
GSE162694	GSM4957402	control	THBS2	139	4.43358694088561	116.613893597522	31351590	1.19196774682561
GSE162694	GSM4957403	3	THBS2	2828	87.8754964553828	2625.20271661281	32181895	1.07725014228572
GSE162694	GSM4957404	control	THBS2	66	2.66892527838205	77.6721439041807	24729055	0.849725483069195
GSE162694	GSM4957405	0	THBS2	129	3.63637603950672	118.415626220127	35474879	1.08938325217482
GSE162694	GSM4957406	control	THBS2	148	5.78587010768521	146.352562392391	25579558	1.01125663658141
GSE162694	GSM4957407	3	THBS2	382	15.8461033083801	436.526056957051	24106873	0.875090945688001
GSE162694	GSM4957408	0	THBS2	87	4.17133084584569	108.010271802531	20856653	0.80547894703068
GSE162694	GSM4957409	control	THBS2	189	6.35149367639913	208.023018158763	29756780	0.908553301806993
GSE162694	GSM4957410	0	THBS2	552	18.6129501421446	499.428928807193	29656771	1.10526236699657
GSE162694	GSM4957411	1	THBS2	160	4.4431818402715	147.019533812836	36010230	1.08829075872114
GSE162694	GSM4957412	1	THBS2	164	5.68659339144338	147.969538179872	28839762	1.10833622931662
GSE162694	GSM4957413	control	THBS2	129	3.7709268903218	128.23772121645	34209096	1.00594426332844
GSE162694	GSM4957414	0	THBS2	183	5.71857576214475	185.341473250479	32000975	0.987366706385709
GSE162694	GSM4957415	2	THBS2	241	10.5241204106101	258.813736008654	22899776	0.931171597445439
GSE162694	GSM4957416	0	THBS2	358	11.4601770053149	320.324993676413	31238610	1.11761494440751
GSE162694	GSM4957417	1	THBS2	235	8.41970909869235	232.639921164696	27910703	1.01014477147124
GSE162694	GSM4957418	control	THBS2	197	8.22148119457204	223.436772740286	23961619	0.881681191434791
GSE162694	GSM4957419	1	THBS2	163	6.07302262010911	175.116915229316	26840012	0.930806711542119
GSE162694	GSM4957420	1	THBS2	586	17.7274358933868	472.633890357611	33056106	1.2398603061592
GSE162694	GSM4957421	control	THBS2	287	9.48703721976259	254.114600573849	30251805	1.12941168808045
GSE162694	GSM4957422	0	THBS2	269	8.92453423801348	240.08570679467	30141629	1.12043321358593
GSE162694	GSM4957423	control	THBS2	89	3.0108294121227	86.8470869135432	29559961	1.02478969834187
GSE162694	GSM4957424	1	THBS2	337	10.5571122858222	289.304955647018	31921608	1.16486079281399
GSE162694	GSM4957425	control	THBS2	257	9.15437706387568	267.049378531493	28074002	0.962368837603165
GSE162694	GSM4957426	1	THBS2	787	26.5099139162126	755.26136398683	29687007	1.04202338094674
GSE162694	GSM4957427	control	THBS2	356	11.6756407303021	318.084002310346	30490832	1.1192012091594
GSE162694	GSM4957428	0	THBS2	530	20.8137304645468	542.120783110891	25463960	0.977641913963642
GSE162694	GSM4957429	control	THBS2	123	4.2820494780025	121.156240718072	28724563	1.01521802980185
GSE162694	GSM4957430	control	THBS2	143	4.97881548826634	134.633442877891	28721691	1.06214323085905
GSE162694	GSM4957431	1	THBS2	172	6.49466453868228	186.140558115831	26483277	0.924032901486027
GSE162694	GSM4957432	2	THBS2	273	8.66154370727586	255.846097433483	31518631	1.06704773978808
GSE162694	GSM4957433	2	THBS2	994	33.6039101699192	871.805833217863	29579891	1.14016213487711
GSE162694	GSM4957434	control	THBS2	338	9.67481321241725	309.984063926323	34936075	1.09037863340077
GSE162694	GSM4957435	control	THBS2	222	8.42093029051489	224.077858751019	26362883	0.990727067981637
GSE162694	GSM4957436	0	THBS2	229	7.50385063863831	205.449484204367	30517665	1.11462922813769
GSE162694	GSM4957437	control	THBS2	181	5.57726168283795	160.193570134231	32453202	1.12988305241175
GSE162694	GSM4957438	control	THBS2	178	5.29441151664188	151.921625024953	33620356	1.17165676690704
GSE162694	GSM4957439	control	THBS2	181	5.18764113572426	162.816163973319	34890617	1.11168323576068
GSE162694	GSM4957440	control	THBS2	845	26.1468002040998	656.096643553069	32317530	1.28792001651454
GSE162694	GSM4957441	control	THBS2	187	7.78067290005359	240.354161485255	24033911	0.778018565788269
GSE162694	GSM4957442	0	THBS2	310	8.86556869362928	255.791682453124	34966736	1.21192369129051
GSE162694	GSM4957443	1	THBS2	388	12.6173330678057	334.628722946564	30751348	1.15949401050656
GSE162694	GSM4957444	control	THBS2	267	8.82149632797782	254.03669974833	30266974	1.05102924209184
GSE162694	GSM4957445	2	THBS2	1783	56.3915826438411	1291.86165953327	31618194	1.38017874192827
GSE162694	GSM4957446	2	THBS2	430	12.9761014612841	348.506634307451	33137842	1.23383590919149
GSE162694	GSM4957447	1	THBS2	413	13.5176078953042	376.731162730081	30552743	1.09627246391588
GSE162694	GSM4957448	2	THBS2	1160	32.8928741189424	826.73686293684	35265997	1.40310666186978
GSE162694	GSM4957449	0	THBS2	182	6.47529996827103	174.733941381564	28106806	1.04158355589638
GSE162694	GSM4957450	0	THBS2	423	11.1650196503026	324.558181646668	37886185	1.30331023502128
GSE162694	GSM4957451	4	THBS2	525	15.0635470797105	431.823155433026	34852349	1.2157754705709
GSE162694	GSM4957452	0	THBS2	416	10.8943701770807	378.756217999605	38184860	1.09833180349381
GSE162694	GSM4957453	control	THBS2	127	3.99290131314891	128.326220486904	31806446	0.98966524158608
GSE162694	GSM4957454	1	THBS2	311	14.3926209818961	441.508150773707	21608295	0.704403756657716
GSE162694	GSM4957455	1	THBS2	706	24.1720722861371	626.852189206207	29207260	1.12626231854437
GSE162694	GSM4957456	control	THBS2	393	16.7079248961345	428.00058620937	23521772	0.918223041423013
GSE162694	GSM4957457	2	THBS2	213	9.29155553333725	267.410769884569	22924041	0.796527380299396
GSE162694	GSM4957458	3	THBS2	261	8.61716520158901	274.707193480724	30288383	0.950102531691853
GSE162694	GSM4957459	0	THBS2	134	3.42569413766586	115.885618826582	39116160	1.15631258957616
GSE162694	GSM4957460	2	THBS2	289	11.2514518850153	331.743618369326	25685574	0.871154662810302
GSE162694	GSM4957461	0	THBS2	300	10.1697642129997	284.671201074096	29499209	1.05384738206066
GSE162694	GSM4957462	1	THBS2	255	9.09328955526575	274.186631371195	28042657	0.930023461482262
GSE162694	GSM4957463	control	THBS2	78	1.85852998427183	135.132105576093	41968653	0.577212940385054
GSE162694	GSM4957321	0	ALB	4210221	130980.028865114	4367447.1808737	32143992	0.964000439075202
GSE162694	GSM4957322	1	ALB	4004192	135467.807554945	4014539.27542308	29558255	0.997422549709146
GSE162694	GSM4957323	control	ALB	1784762	81275.7652348172	2226399.69566051	21959338	0.801635934229911
GSE162694	GSM4957324	3	ALB	2460307	84772.9936744841	2052762.95784373	29022297	1.19853439024658
GSE162694	GSM4957325	1	ALB	4183833	100503.9861126	3121233.86940891	41628528	1.34044200949041
GSE162694	GSM4957326	control	ALB	2484201	102334.972359229	3216465.20583301	24275191	0.772338838142859
GSE162694	GSM4957327	0	ALB	2445757	97756.7200233169	2949944.53325309	25018812	0.829085758199972
GSE162694	GSM4957328	2	ALB	1961135	88310.2441882598	2160502.89937598	22207333	0.90772153120759
GSE162694	GSM4957329	1	ALB	3351516	132948.15114294	3985291.56668871	25209196	0.840971342727805
GSE162694	GSM4957330	control	ALB	4621311	153733.261301013	7094759.87012775	30060580	0.651369614277979
GSE162694	GSM4957331	control	ALB	2420039	107424.960435403	2880547.52395432	22527716	0.840131599938977
GSE162694	GSM4957332	1	ALB	2705159	87255.2617636242	2624112.10480484	31002818	1.03088545456833
GSE162694	GSM4957333	2	ALB	2220261	89656.9486324864	2430423.48994342	24763959	0.913528448514001
GSE162694	GSM4957334	2	ALB	3394252	133482.966828406	3775238.65665182	25428353	0.899082762362444
GSE162694	GSM4957335	4	ALB	4559082	72447.76969683	3981335.87400721	62929225	1.14511363629597
GSE162694	GSM4957336	control	ALB	4534399	125682.203896027	3976771.95144263	36078290	1.14022102734734
GSE162694	GSM4957337	4	ALB	2393940	36798.3541223882	1841131.65944218	65055627	1.30025464921141
GSE162694	GSM4957338	4	ALB	4178015	68678.3657053626	2765986.2504507	60834514	1.51049738563206
GSE162694	GSM4957339	4	ALB	6830243	110636.94419386	6262123.94338008	61735644	1.09072306165714
GSE162694	GSM4957340	4	ALB	3383139	64527.4960810646	2563304.61064992	52429417	1.31983494507202
GSE162694	GSM4957341	4	ALB	4471564	77963.6924715211	4694662.0583489	57354441	0.952478356146605
GSE162694	GSM4957342	4	ALB	5312484	98943.3839130331	6211727.38743422	53692160	0.855234569814942
GSE162694	GSM4957343	2	ALB	3151845	62217.5422538489	2753940.27148618	50658462	1.14448560581856
GSE162694	GSM4957344	2	ALB	3604081	82786.6052537395	2510996.58309016	43534591	1.43531895832556
GSE162694	GSM4957345	3	ALB	1420126	38448.2577039276	1933992.5121194	36936030	0.734297568941326
GSE162694	GSM4957346	2	ALB	3499481	74430.6782567741	3002677.08792982	47016648	1.16545365935859
GSE162694	GSM4957347	1	ALB	2142482	101260.79612214	2891369.68925971	21158060	0.740992066133386
GSE162694	GSM4957348	2	ALB	2208445	55097.8369599807	2000039.53065731	40082245	1.10420067511076
GSE162694	GSM4957349	4	ALB	1466363	36671.3039630891	1162172.2600348	39986661	1.26174324618288
GSE162694	GSM4957350	2	ALB	2390772	58340.7679558335	2484043.48548216	40979440	0.962451750129463
GSE162694	GSM4957351	2	ALB	3120158	55585.919410021	3141384.67820625	56132165	0.993242891151308
GSE162694	GSM4957352	2	ALB	2553875	71568.3483155954	2918715.03312875	35684420	0.874999775933022
GSE162694	GSM4957353	2	ALB	1216947	28904.0565130504	1401399.45539431	42102983	0.868379815131001
GSE162694	GSM4957354	2	ALB	2184956	46039.413903298	1868916.30657743	47458380	1.16910318151236
GSE162694	GSM4957355	3	ALB	2228179	50844.3697407659	2553122.60144091	43823515	0.872726988802841
GSE162694	GSM4957356	3	ALB	2036042	44954.2996862935	2178835.16973228	45291374	0.934463528165911
GSE162694	GSM4957357	2	ALB	3135625	65680.5708424746	2614681.90626832	47740526	1.19923765582452
GSE162694	GSM4957358	control	ALB	2310938	88075.2749377197	2236383.90207877	26238215	1.03333689616167
GSE162694	GSM4957359	1	ALB	2211564	72160.4399757204	1765999.652306	30647873	1.25230149230901
GSE162694	GSM4957360	4	ALB	3471007	81574.6177340276	3384623.77868738	42550086	1.02552225209093
GSE162694	GSM4957361	1	ALB	2934803	106290.814021	2621574.64280418	27611069	1.11948099896968
GSE162694	GSM4957362	2	ALB	2485399	81879.1223308315	2237441.58292084	30354490	1.11082185071195
GSE162694	GSM4957363	0	ALB	1825845	76012.5082414587	1871998.90953146	24020323	0.975345119435454
GSE162694	GSM4957364	0	ALB	2888271	89175.6010660424	2588281.68234118	32388579	1.11590288634561
GSE162694	GSM4957365	1	ALB	3601334	70768.9098271548	3245807.56907214	50888646	1.10953404456737
GSE162694	GSM4957366	4	ALB	441388	10158.2331668794	753072.649034319	43451257	0.586116094597249
GSE162694	GSM4957367	1	ALB	1386569	36354.9520348269	1662733.4860734	38139756	0.833909349642332
GSE162694	GSM4957368	0	ALB	1887089	46204.7354510672	1966574.82675532	40841896	0.959581590451627
GSE162694	GSM4957369	0	ALB	2339539	54567.3510939656	2399003.77465198	42874337	0.975212721513702
GSE162694	GSM4957370	1	ALB	3676610	87586.0447885409	3190190.96804561	41977121	1.15247332740472
GSE162694	GSM4957371	0	ALB	3886600	122603.89912323	3767061.67098859	31700460	1.03173251182268
GSE162694	GSM4957372	0	ALB	2866115	67195.2401983404	3080095.31918969	42653542	0.930528020397114
GSE162694	GSM4957373	0	ALB	1776846	46985.2377939384	2052618.13971771	37817112	0.86564859075267
GSE162694	GSM4957374	3	ALB	3504359	77489.1154314091	3650278.51474835	45223887	0.960025101054951
GSE162694	GSM4957375	0	ALB	2160888	53534.838902199	2146757.48168072	40364145	1.00658226112631
GSE162694	GSM4957376	1	ALB	2530791	52084.7420202148	2180683.92637726	48589873	1.16054920632371
GSE162694	GSM4957377	1	ALB	3282412	73363.5811721005	3433881.12507877	44741709	0.955889816926818
GSE162694	GSM4957378	0	ALB	1813062	50469.1451857464	2221537.9006029	35924167	0.816129222692062
GSE162694	GSM4957379	0	ALB	3168277	81447.81711813	3172498.88212366	38899471	0.998669225024019
GSE162694	GSM4957380	0	ALB	1813066	48223.3917705269	2185187.98457001	37597231	0.829707106574984
GSE162694	GSM4957381	1	ALB	2712928	101627.43061955	2731468.06190764	26694840	0.993212418564874
GSE162694	GSM4957382	0	ALB	1983974	51564.8928509589	2378051.85220432	38475286	0.83428542492081
GSE162694	GSM4957383	1	ALB	1408864	46159.74615914	1339795.91839741	30521485	1.05155119571136
GSE162694	GSM4957384	2	ALB	3043311	84274.6712426026	2801909.65358812	36111811	1.08615600653031
GSE162694	GSM4957385	2	ALB	2302405	84994.9971781604	2211033.36863902	27088712	1.04132530637347
GSE162694	GSM4957386	0	ALB	3340098	101569.825062057	2836740.86210196	32884747	1.1774420584632
GSE162694	GSM4957387	1	ALB	3792908	111819.109615279	3968469.77315636	33920034	0.955760839015608
GSE162694	GSM4957388	0	ALB	3431591	87764.361228071	3117472.53560453	39100051	1.10076061963913
GSE162694	GSM4957389	0	ALB	2738494	93937.6226748801	2612448.19695155	29152260	1.04824815404781
GSE162694	GSM4957390	2	ALB	2064842	85734.9823168968	2178691.62016321	24084008	0.947744040914481
GSE162694	GSM4957391	control	ALB	3220943	121079.679959052	3814090.99243493	26601846	0.844485096550814
GSE162694	GSM4957392	1	ALB	3849368	120942.711248086	3634612.82643179	31828028	1.05908612108736
GSE162694	GSM4957393	1	ALB	2689537	89338.4653221382	2529239.2653216	30105028	1.06337784521862
GSE162694	GSM4957394	0	ALB	4540665	107122.059363918	4943585.09496563	42387768	0.918496377178589
GSE162694	GSM4957395	4	ALB	1378504	37936.5254008312	1109955.58539457	36337118	1.24194518964465
GSE162694	GSM4957396	2	ALB	1184362	49704.3954045209	1138533.23993139	23828114	1.04025245681133
GSE162694	GSM4957397	0	ALB	2392500	74396.9948651614	2610924.84417733	32158557	0.916341964164751
GSE162694	GSM4957398	control	ALB	3722945	117515.901260059	3725332.29303378	31680351	0.999359173129805
GSE162694	GSM4957399	0	ALB	2716597	116274.457158063	3005194.25441523	23363661	0.903967188147247
GSE162694	GSM4957400	2	ALB	1788650	71539.0664336812	1839238.85904413	25002423	0.972494676917373
GSE162694	GSM4957401	0	ALB	2074449	87924.150681413	2183775.85767786	23593620	0.949936777030718
GSE162694	GSM4957402	control	ALB	2919200	93111.7050203833	2449059.55532293	31351590	1.19196774682561
GSE162694	GSM4957403	3	ALB	1765100	54847.6091914413	1638523.803074	32181895	1.07725014228572
GSE162694	GSM4957404	control	ALB	2536303	102563.684702064	2984849.87273644	24729055	0.849725483069195
GSE162694	GSM4957405	0	ALB	4569205	128801.144043367	4194304.42948168	35474879	1.08938325217482
GSE162694	GSM4957406	control	ALB	2357246	92153.5078909495	2331006.70465685	25579558	1.01125663658141
GSE162694	GSM4957407	3	ALB	1991657	82617.8077928232	2275942.87178249	24106873	0.875090945688001
GSE162694	GSM4957408	0	ALB	1300051	62332.6762927877	1614009.90651899	20856653	0.80547894703068
GSE162694	GSM4957409	control	ALB	2306300	77505.0257453932	2538431.14698177	29756780	0.908553301806993
GSE162694	GSM4957410	0	ALB	2579166	86967.1887070915	2333532.81267379	29656771	1.10526236699657
GSE162694	GSM4957411	1	ALB	2491884	69199.3358553944	2289722.6499729	36010230	1.08829075872114
GSE162694	GSM4957412	1	ALB	2671219	92622.7823932805	2410116.10858109	28839762	1.10833622931662
GSE162694	GSM4957413	control	ALB	4196080	122659.774464663	4171284.7848211	34209096	1.00594426332844
GSE162694	GSM4957414	0	ALB	3315139	103594.937341753	3357555.99065638	32000975	0.987366706385709
GSE162694	GSM4957415	2	ALB	1657055	72361.1881618405	1779537.73992456	22899776	0.931171597445439
GSE162694	GSM4957416	0	ALB	2084557	66730.1458035425	1865183.54146124	31238610	1.11761494440751
GSE162694	GSM4957417	1	ALB	3363119	120495.675082064	3329343.57032975	27910703	1.01014477147124
GSE162694	GSM4957418	control	ALB	2707103	112976.631503906	3070387.60302308	23961619	0.881681191434791
GSE162694	GSM4957419	1	ALB	2403623	89553.7230013161	2582300.89039408	26840012	0.930806711542119
GSE162694	GSM4957420	1	ALB	3668842	110988.329962398	2959076.9071116	33056106	1.2398603061592
GSE162694	GSM4957421	control	ALB	2888969	95497.4091628582	2557941.47562799	30251805	1.12941168808045
GSE162694	GSM4957422	0	ALB	2870652	95238.7808900441	2562091.13152986	30141629	1.12043321358593
GSE162694	GSM4957423	control	ALB	3220124	108935.326403171	3142229.08876839	29559961	1.02478969834187
GSE162694	GSM4957424	1	ALB	3261461	102170.94953362	2799871.89895988	31921608	1.16486079281399
GSE162694	GSM4957425	control	ALB	3286495	117065.425869814	3415005.63150528	28074002	0.962368837603165
GSE162694	GSM4957426	1	ALB	3467737	116809.922940362	3327887.89906937	29687007	1.04202338094674
GSE162694	GSM4957427	control	ALB	3206789	105172.236690688	2865247.97664268	30490832	1.1192012091594
GSE162694	GSM4957428	0	ALB	3202393	125761.782535002	3275629.81318648	25463960	0.977641913963642
GSE162694	GSM4957429	control	ALB	3725434	129695.062723844	3669590.06896983	28724563	1.01521802980185
GSE162694	GSM4957430	control	ALB	3320138	115596.884598473	3125885.383005	28721691	1.06214323085905
GSE162694	GSM4957431	1	ALB	3140993	118602.88286831	3399222.03522046	26483277	0.924032901486027
GSE162694	GSM4957432	2	ALB	3241998	102859.733977659	3038287.67834124	31518631	1.06704773978808
GSE162694	GSM4957433	2	ALB	2869265	97000.5264725282	2516541.21131575	29579891	1.14016213487711
GSE162694	GSM4957434	control	ALB	3475719	99487.964804289	3187625.74167437	34936075	1.09037863340077
GSE162694	GSM4957435	control	ALB	2512901	95319.6583241674	2536421.06005988	26362883	0.990727067981637
GSE162694	GSM4957436	0	ALB	3922269	128524.544718608	3518900.18760165	30517665	1.11462922813769
GSE162694	GSM4957437	control	ALB	3365870	103714.573372452	2978954.31993206	32453202	1.12988305241175
GSE162694	GSM4957438	control	ALB	3962076	117847.532607924	3381601.26063126	33620356	1.17165676690704
GSE162694	GSM4957439	control	ALB	5013146	143681.781265146	4509509.39866402	34890617	1.11168323576068
GSE162694	GSM4957440	control	ALB	3585409	110943.163044948	2783875.51557984	32317530	1.28792001651454
GSE162694	GSM4957441	control	ALB	3335344	138776.581139874	4286972.24804747	24033911	0.778018565788269
GSE162694	GSM4957442	0	ALB	4453290	127357.898089201	3674563.03726346	34966736	1.21192369129051
GSE162694	GSM4957443	1	ALB	3431247	111580.37689925	2959262.37557791	30751348	1.15949401050656
GSE162694	GSM4957444	control	ALB	4352953	143818.572679251	4141609.79130933	30266974	1.05102924209184
GSE162694	GSM4957445	2	ALB	1751773	55403.9550772571	1269236.32916746	31618194	1.38017874192827
GSE162694	GSM4957446	2	ALB	4091303	123463.169388037	3315921.48479529	33137842	1.23383590919149
GSE162694	GSM4957447	1	ALB	3565670	116705.396958957	3252539.96370888	30552743	1.09627246391588
GSE162694	GSM4957448	2	ALB	3493930	99073.6204055141	2490138.55820768	35265997	1.40310666186978
GSE162694	GSM4957449	0	ALB	3152251	112152.586814738	3026402.42557131	28106806	1.04158355589638
GSE162694	GSM4957450	0	ALB	4171662	110110.374005723	3200820.40937235	37886185	1.30331023502128
GSE162694	GSM4957451	4	ALB	4148822	119039.953375883	3412490.2997523	34852349	1.2157754705709
GSE162694	GSM4957452	0	ALB	4450262	116545.196185085	4051837.51016192	38184860	1.09833180349381
GSE162694	GSM4957453	control	ALB	3674727	115534.033572943	3713101.0018203	31806446	0.98966524158608
GSE162694	GSM4957454	1	ALB	2054635	95085.4752769712	2916842.7632313	21608295	0.704403756657716
GSE162694	GSM4957455	1	ALB	2344738	80279.2867252868	2081875.56432717	29207260	1.12626231854437
GSE162694	GSM4957456	control	ALB	2184411	92867.6206877611	2378954.67817353	23521772	0.918223041423013
GSE162694	GSM4957457	2	ALB	2957260	129002.561110408	3712690.95468939	22924041	0.796527380299396
GSE162694	GSM4957458	3	ALB	2396730	79130.3385195572	2522601.42464006	30288383	0.950102531691853
GSE162694	GSM4957459	0	ALB	5109575	130625.680025851	4418852.69265546	39116160	1.15631258957616
GSE162694	GSM4957460	2	ALB	2136135	83164.7756830352	2452073.19801163	25685574	0.871154662810302
GSE162694	GSM4957461	0	ALB	2456706	83280.4025355392	2331178.15901979	29499209	1.05384738206066
GSE162694	GSM4957462	1	ALB	2753689	98196.4369496086	2960881.2186428	28042657	0.930023461482262
GSE162694	GSM4957463	control	ALB	3170816	75552.0078283189	5493321.05736364	41968653	0.577212940385054
